District (Kecamatan),Regency (Kabupaten/Kota),Province
TEUPAH SELATAN,SIMEULUE,ACEH
SIMEULUE TIMUR,SIMEULUE,ACEH
TEUPAH BARAT,SIMEULUE,ACEH
TEUPAH TENGAH,SIMEULUE,ACEH
SIMEULUE TENGAH,SIMEULUE,ACEH
TELUK DALAM,SIMEULUE,ACEH
SIMEULUE CUT,SIMEULUE,ACEH
SIMEULUE CUT,SIMEULUE,ACEH
SIMEULUE BARAT,SIMEULUE,ACEH
ALAFAN,SIMEULUE,ACEH
PULAU BANYAK,ACEH SINGKIL,ACEH
PULAU BANYAK BARAT,ACEH SINGKIL,ACEH
SINGKIL,ACEH SINGKIL,ACEH
SINGKIL UTARA,ACEH SINGKIL,ACEH
KUALA BARU,ACEH SINGKIL,ACEH
SIMPANG KANAN,ACEH SINGKIL,ACEH
GUNUNG MERIAH,ACEH SINGKIL,ACEH
DANAU PARIS,ACEH SINGKIL,ACEH
SURO,ACEH SINGKIL,ACEH
SINGKOHOR,ACEH SINGKIL,ACEH
KOTA BAHARU,ACEH SINGKIL,ACEH
TRUMON,ACEH SELATAN,ACEH
TRUMON TIMUR,ACEH SELATAN,ACEH
TRUMON TENGAH,ACEH SELATAN,ACEH
BAKONGAN,ACEH SELATAN,ACEH
BAKONGAN TIMUR,ACEH SELATAN,ACEH
KOTA BAHAGIA,ACEH SELATAN,ACEH
KLUET SELATAN,ACEH SELATAN,ACEH
KLUET TIMUR,ACEH SELATAN,ACEH
KLUET UTARA,ACEH SELATAN,ACEH
PASIE RAJA,ACEH SELATAN,ACEH
KLUET TENGAH,ACEH SELATAN,ACEH
TAPAK TUAN,ACEH SELATAN,ACEH
SAMA DUA,ACEH SELATAN,ACEH
SAWANG,ACEH SELATAN,ACEH
MEUKEK,ACEH SELATAN,ACEH
LABUHAN HAJI,ACEH SELATAN,ACEH
LABUHAN HAJI TIMUR,ACEH SELATAN,ACEH
LABUHAN HAJI BARAT,ACEH SELATAN,ACEH
LAWE ALAS,ACEH TENGGARA,ACEH
BABUL RAHMAH,ACEH TENGGARA,ACEH
TANOH ALAS,ACEH TENGGARA,ACEH
LAWE SIGALA-GALA,ACEH TENGGARA,ACEH
BABUL MAKMUR,ACEH TENGGARA,ACEH
SEMADAM,ACEH TENGGARA,ACEH
LEUSER,ACEH TENGGARA,ACEH
BAMBEL,ACEH TENGGARA,ACEH
BUKIT TUSAM,ACEH TENGGARA,ACEH
LAWE SUMUR,ACEH TENGGARA,ACEH
BABUSSALAM,ACEH TENGGARA,ACEH
LAWE BULAN,ACEH TENGGARA,ACEH
BADAR,ACEH TENGGARA,ACEH
DARUL HASANAH,ACEH TENGGARA,ACEH
KETAMBE,ACEH TENGGARA,ACEH
DELENG POKHKISEN,ACEH TENGGARA,ACEH
SERBA JADI,ACEH TIMUR,ACEH
SIMPANG JERNIH,ACEH TIMUR,ACEH
PEUNARON,ACEH TIMUR,ACEH
BIREM BAYEUN,ACEH TIMUR,ACEH
RANTAU SELAMAT,ACEH TIMUR,ACEH
SUNGAI RAYA,ACEH TIMUR,ACEH
PEUREULAK,ACEH TIMUR,ACEH
PEUREULAK TIMUR,ACEH TIMUR,ACEH
PEUREULAK BARAT,ACEH TIMUR,ACEH
RANTO PEUREULAK,ACEH TIMUR,ACEH
IDI RAYEUK,ACEH TIMUR,ACEH
PEUDAWA,ACEH TIMUR,ACEH
BANDA ALAM,ACEH TIMUR,ACEH
IDI TUNONG,ACEH TIMUR,ACEH
DARUL IHSAN,ACEH TIMUR,ACEH
IDI TIMUR,ACEH TIMUR,ACEH
DARUL AMAN,ACEH TIMUR,ACEH
NURUSSALAM,ACEH TIMUR,ACEH
DARUL FALAH,ACEH TIMUR,ACEH
JULOK,ACEH TIMUR,ACEH
INDRA MAKMUR,ACEH TIMUR,ACEH
PANTE BIDARI,ACEH TIMUR,ACEH
SIMPANG ULIM,ACEH TIMUR,ACEH
MADAT,ACEH TIMUR,ACEH
LINGE,ACEH TENGAH,ACEH
ATU LINTANG,ACEH TENGAH,ACEH
JAGONG JEGET,ACEH TENGAH,ACEH
BINTANG,ACEH TENGAH,ACEH
LUT TAWAR,ACEH TENGAH,ACEH
KEBAYAKAN,ACEH TENGAH,ACEH
PEGASING,ACEH TENGAH,ACEH
BIES,ACEH TENGAH,ACEH
BEBESEN,ACEH TENGAH,ACEH
KUTE PANANG,ACEH TENGAH,ACEH
SILIH NARA,ACEH TENGAH,ACEH
KETOL,ACEH TENGAH,ACEH
CELALA,ACEH TENGAH,ACEH
RUSIP ANTARA,ACEH TENGAH,ACEH
JOHAN PAHLAWAN,ACEH BARAT,ACEH
SAMATIGA,ACEH BARAT,ACEH
BUBON,ACEH BARAT,ACEH
ARONGAN LAMBALEK,ACEH BARAT,ACEH
WOYLA,ACEH BARAT,ACEH
WOYLA BARAT,ACEH BARAT,ACEH
WOYLA TIMUR,ACEH BARAT,ACEH
KAWAY XVI,ACEH BARAT,ACEH
MEUREUBO,ACEH BARAT,ACEH
PANTAI CEUREMEN,ACEH BARAT,ACEH
PANTON REU,ACEH BARAT,ACEH
SUNGAI MAS,ACEH BARAT,ACEH
LHOONG,ACEH BESAR,ACEH
LHOKNGA,ACEH BESAR,ACEH
LEUPUNG,ACEH BESAR,ACEH
INDRAPURI,ACEH BESAR,ACEH
KUTA COT GLIE,ACEH BESAR,ACEH
SEULIMEUM,ACEH BESAR,ACEH
KOTA JANTHO,ACEH BESAR,ACEH
LEMBAH SEULAWAH,ACEH BESAR,ACEH
MESJID RAYA,ACEH BESAR,ACEH
DARUSSALAM,ACEH BESAR,ACEH
BAITUSSALAM,ACEH BESAR,ACEH
KUTA BARO,ACEH BESAR,ACEH
MONTASIK,ACEH BESAR,ACEH
BLANG BINTANG,ACEH BESAR,ACEH
INGIN JAYA,ACEH BESAR,ACEH
KRUENG BARONA JAYA,ACEH BESAR,ACEH
SUKA MAKMUR,ACEH BESAR,ACEH
KUTA MALAKA,ACEH BESAR,ACEH
SIMPANG TIGA,ACEH BESAR,ACEH
DARUL IMARAH,ACEH BESAR,ACEH
DARUL KAMAL,ACEH BESAR,ACEH
PEUKAN BADA,ACEH BESAR,ACEH
PULO ACEH,ACEH BESAR,ACEH
GEUMPANG,PIDIE,ACEH
MANE,PIDIE,ACEH
GLUMPANG TIGA,PIDIE,ACEH
GLUMPANG BARO,PIDIE,ACEH
MUTIARA,PIDIE,ACEH
MUTIARA TIMUR,PIDIE,ACEH
TIRO/TRUSEB,PIDIE,ACEH
TANGSE,PIDIE,ACEH
KEUMALA,PIDIE,ACEH
TITEUE,PIDIE,ACEH
SAKTI,PIDIE,ACEH
MILA,PIDIE,ACEH
PADANG TIJI,PIDIE,ACEH
DELIMA,PIDIE,ACEH
GRONG GRONG,PIDIE,ACEH
INDRAJAYA,PIDIE,ACEH
PEUKAN BARO,PIDIE,ACEH
KEMBANG TANJONG,PIDIE,ACEH
SIMPANG TIGA,PIDIE,ACEH
KOTA SIGLI,PIDIE,ACEH
PIDIE,PIDIE,ACEH
BATEE,PIDIE,ACEH
MUARA TIGA,PIDIE,ACEH
SAMALANGA,BIREUEN,ACEH
SIMPANG MAMPLAM,BIREUEN,ACEH
PANDRAH,BIREUEN,ACEH
JEUNIEB,BIREUEN,ACEH
PEULIMBANG,BIREUEN,ACEH
PEUDADA,BIREUEN,ACEH
JULI,BIREUEN,ACEH
JEUMPA,BIREUEN,ACEH
KOTA JUANG,BIREUEN,ACEH
KUALA,BIREUEN,ACEH
JANGKA,BIREUEN,ACEH
PEUSANGAN,BIREUEN,ACEH
PEUSANGAN SELATAN,BIREUEN,ACEH
PEUSANGAN SIBLAH KRUENG,BIREUEN,ACEH
MAKMUR,BIREUEN,ACEH
GANDA PURA,BIREUEN,ACEH
KUTA BLANG,BIREUEN,ACEH
SAWANG,ACEH UTARA,ACEH
NISAM,ACEH UTARA,ACEH
NISAM ANTARA,ACEH UTARA,ACEH
BANDA BARO,ACEH UTARA,ACEH
KUTA MAKMUR,ACEH UTARA,ACEH
SIMPANG KERAMAT,ACEH UTARA,ACEH
SYAMTALIRA BAYU,ACEH UTARA,ACEH
GEUREUDONG PASE,ACEH UTARA,ACEH
MEURAH MULIA,ACEH UTARA,ACEH
MATANGKULI,ACEH UTARA,ACEH
PAYA BAKONG,ACEH UTARA,ACEH
PIRAK TIMU,ACEH UTARA,ACEH
COT GIREK,ACEH UTARA,ACEH
TANAH JAMBO AYE,ACEH UTARA,ACEH
LANGKAHAN,ACEH UTARA,ACEH
SEUNUDDON,ACEH UTARA,ACEH
BAKTIYA,ACEH UTARA,ACEH
BAKTIYA BARAT,ACEH UTARA,ACEH
LHOKSUKON,ACEH UTARA,ACEH
TANAH LUAS,ACEH UTARA,ACEH
NIBONG,ACEH UTARA,ACEH
SAMUDERA,ACEH UTARA,ACEH
SYAMTALIRA ARON,ACEH UTARA,ACEH
TANAH PASIR,ACEH UTARA,ACEH
LAPANG,ACEH UTARA,ACEH
MUARA BATU,ACEH UTARA,ACEH
DEWANTARA,ACEH UTARA,ACEH
MANGGENG,ACEH BARAT DAYA,ACEH
LEMBAH SABIL,ACEH BARAT DAYA,ACEH
TANGAN-TANGAN,ACEH BARAT DAYA,ACEH
SETIA,ACEH BARAT DAYA,ACEH
BLANG PIDIE,ACEH BARAT DAYA,ACEH
JEUMPA,ACEH BARAT DAYA,ACEH
SUSOH,ACEH BARAT DAYA,ACEH
KUALA BATEE,ACEH BARAT DAYA,ACEH
BABAH ROT,ACEH BARAT DAYA,ACEH
KUTA PANJANG,GAYO LUES,ACEH
BLANG JERANGO,GAYO LUES,ACEH
BLANGKEJEREN,GAYO LUES,ACEH
PUTRI BETUNG,GAYO LUES,ACEH
DABUN GELANG,GAYO LUES,ACEH
BLANG PEGAYON,GAYO LUES,ACEH
PINING,GAYO LUES,ACEH
RIKIT GAIB,GAYO LUES,ACEH
PANTAN CUACA,GAYO LUES,ACEH
TERANGUN,GAYO LUES,ACEH
TRIPE JAYA,GAYO LUES,ACEH
TAMIANG HULU,ACEH TAMIANG,ACEH
BANDAR PUSAKA,ACEH TAMIANG,ACEH
KEJURUAN MUDA,ACEH TAMIANG,ACEH
TENGGULUN,ACEH TAMIANG,ACEH
RANTAU,ACEH TAMIANG,ACEH
KOTA KUALA SIMPANG,ACEH TAMIANG,ACEH
SERUWAY,ACEH TAMIANG,ACEH
BENDAHARA,ACEH TAMIANG,ACEH
BANDA MULIA,ACEH TAMIANG,ACEH
KARANG BARU,ACEH TAMIANG,ACEH
SEKERAK,ACEH TAMIANG,ACEH
MANYAK PAYED,ACEH TAMIANG,ACEH
DARUL MAKMUR,NAGAN RAYA,ACEH
TRIPA MAKMUR,NAGAN RAYA,ACEH
KUALA,NAGAN RAYA,ACEH
KUALA PESISIR,NAGAN RAYA,ACEH
TADU RAYA,NAGAN RAYA,ACEH
BEUTONG,NAGAN RAYA,ACEH
BEUTONG ATEUH BANGGALANG,NAGAN RAYA,ACEH
SEUNAGAN,NAGAN RAYA,ACEH
SUKA MAKMUE,NAGAN RAYA,ACEH
SEUNAGAN TIMUR,NAGAN RAYA,ACEH
TEUNOM,ACEH JAYA,ACEH
PASIE RAYA,ACEH JAYA,ACEH
PANGA,ACEH JAYA,ACEH
KRUENG SABEE,ACEH JAYA,ACEH
SETIA BAKTI,ACEH JAYA,ACEH
SAMPOINIET,ACEH JAYA,ACEH
DARUL HIKMAH,ACEH JAYA,ACEH
JAYA,ACEH JAYA,ACEH
INDRA JAYA,ACEH JAYA,ACEH
TIMANG GAJAH,BENER MERIAH,ACEH
GAJAH PUTIH,BENER MERIAH,ACEH
PINTU RIME GAYO,BENER MERIAH,ACEH
BUKIT,BENER MERIAH,ACEH
WIH PESAM,BENER MERIAH,ACEH
BANDAR,BENER MERIAH,ACEH
BENER KELIPAH,BENER MERIAH,ACEH
SYIAH UTAMA,BENER MERIAH,ACEH
MESIDAH,BENER MERIAH,ACEH
PERMATA,BENER MERIAH,ACEH
MEUREUDU,PIDIE JAYA,ACEH
MEURAH DUA,PIDIE JAYA,ACEH
BANDAR DUA,PIDIE JAYA,ACEH
JANGKA BUYA,PIDIE JAYA,ACEH
ULIM,PIDIE JAYA,ACEH
TRIENGGADENG,PIDIE JAYA,ACEH
PANTERAJA,PIDIE JAYA,ACEH
BANDAR BARU,PIDIE JAYA,ACEH
MEURAXA,BANDA ACEH,ACEH
JAYA BARU,BANDA ACEH,ACEH
BANDA RAYA,BANDA ACEH,ACEH
BAITURRAHMAN,BANDA ACEH,ACEH
LUENG BATA,BANDA ACEH,ACEH
KUTA ALAM,BANDA ACEH,ACEH
KUTA RAJA,BANDA ACEH,ACEH
SYIAH KUALA,BANDA ACEH,ACEH
ULEE KARENG,BANDA ACEH,ACEH
SUKAJAYA,SABANG,ACEH
SUKAKARYA,SABANG,ACEH
LANGSA TIMUR,LANGSA,ACEH
LANGSA LAMA,LANGSA,ACEH
LANGSA BARAT,LANGSA,ACEH
LANGSA BARO,LANGSA,ACEH
LANGSA KOTA,LANGSA,ACEH
BLANG MANGAT,LHOKSEUMAWE,ACEH
MUARA DUA,LHOKSEUMAWE,ACEH
MUARA SATU,LHOKSEUMAWE,ACEH
BANDA SAKTI,LHOKSEUMAWE,ACEH
SIMPANG KIRI,SUBULUSSALAM,ACEH
PENANGGALAN,SUBULUSSALAM,ACEH
RUNDENG,SUBULUSSALAM,ACEH
SULTAN DAULAT,SUBULUSSALAM,ACEH
LONGKIB,SUBULUSSALAM,ACEH
IDANO GAWO,NIAS,SUMATERA UTARA
BAWOLATO,NIAS,SUMATERA UTARA
ULUGAWO,NIAS,SUMATERA UTARA
GIDO,NIAS,SUMATERA UTARA
SOGAEADU,NIAS,SUMATERA UTARA
MA U,NIAS,SUMATERA UTARA
SOMOLO - MOLO,NIAS,SUMATERA UTARA
HILIDUHO,NIAS,SUMATERA UTARA
HILI SERANGKAI,NIAS,SUMATERA UTARA
BOTOMUZOI,NIAS,SUMATERA UTARA
BATAHAN,MANDAILING NATAL,SUMATERA UTARA
SINUNUKAN,MANDAILING NATAL,SUMATERA UTARA
BATANG NATAL,MANDAILING NATAL,SUMATERA UTARA
LINGGA BAYU,MANDAILING NATAL,SUMATERA UTARA
RANTO BAEK,MANDAILING NATAL,SUMATERA UTARA
KOTANOPAN,MANDAILING NATAL,SUMATERA UTARA
ULU PUNGKUT,MANDAILING NATAL,SUMATERA UTARA
TAMBANGAN,MANDAILING NATAL,SUMATERA UTARA
LEMBAH SORIK MARAPI,MANDAILING NATAL,SUMATERA UTARA
PUNCAK SORIK MARAPI,MANDAILING NATAL,SUMATERA UTARA
MUARA SIPONGI,MANDAILING NATAL,SUMATERA UTARA
PAKANTAN,MANDAILING NATAL,SUMATERA UTARA
PANYABUNGAN,MANDAILING NATAL,SUMATERA UTARA
PANYABUNGAN SELATAN,MANDAILING NATAL,SUMATERA UTARA
PANYABUNGAN BARAT,MANDAILING NATAL,SUMATERA UTARA
PANYABUNGAN UTARA,MANDAILING NATAL,SUMATERA UTARA
PANYABUNGAN TIMUR,MANDAILING NATAL,SUMATERA UTARA
HUTA BARGOT,MANDAILING NATAL,SUMATERA UTARA
NATAL,MANDAILING NATAL,SUMATERA UTARA
MUARA BATANG GADIS,MANDAILING NATAL,SUMATERA UTARA
SIABU,MANDAILING NATAL,SUMATERA UTARA
BUKIT MALINTANG,MANDAILING NATAL,SUMATERA UTARA
NAGA JUANG,MANDAILING NATAL,SUMATERA UTARA
BATANG ANGKOLA,TAPANULI SELATAN,SUMATERA UTARA
SAYUR MATINGGI,TAPANULI SELATAN,SUMATERA UTARA
TANO TOMBANGAN ANGKOLA,TAPANULI SELATAN,SUMATERA UTARA
ANGKOLA TIMUR,TAPANULI SELATAN,SUMATERA UTARA
ANGKOLA SELATAN,TAPANULI SELATAN,SUMATERA UTARA
ANGKOLA  BARAT,TAPANULI SELATAN,SUMATERA UTARA
ANGKOLA SANGKUNUR,TAPANULI SELATAN,SUMATERA UTARA
BATANG TORU,TAPANULI SELATAN,SUMATERA UTARA
MARANCAR,TAPANULI SELATAN,SUMATERA UTARA
MUARA BATANG TORU,TAPANULI SELATAN,SUMATERA UTARA
SIPIROK,TAPANULI SELATAN,SUMATERA UTARA
ARSE,TAPANULI SELATAN,SUMATERA UTARA
SAIPAR DOLOK HOLE,TAPANULI SELATAN,SUMATERA UTARA
AEK BILAH,TAPANULI SELATAN,SUMATERA UTARA
PINANG SORI,TAPANULI TENGAH,SUMATERA UTARA
BADIRI,TAPANULI TENGAH,SUMATERA UTARA
SIBABANGUN,TAPANULI TENGAH,SUMATERA UTARA
LUMUT,TAPANULI TENGAH,SUMATERA UTARA
SUKABANGUN,TAPANULI TENGAH,SUMATERA UTARA
PANDAN,TAPANULI TENGAH,SUMATERA UTARA
TUKKA,TAPANULI TENGAH,SUMATERA UTARA
SARUDIK,TAPANULI TENGAH,SUMATERA UTARA
TAPIAN NAULI,TAPANULI TENGAH,SUMATERA UTARA
SITAHUIS,TAPANULI TENGAH,SUMATERA UTARA
KOLANG,TAPANULI TENGAH,SUMATERA UTARA
SORKAM,TAPANULI TENGAH,SUMATERA UTARA
SORKAM BARAT,TAPANULI TENGAH,SUMATERA UTARA
PASARIBU TOBING,TAPANULI TENGAH,SUMATERA UTARA
BARUS,TAPANULI TENGAH,SUMATERA UTARA
SOSOR GADONG,TAPANULI TENGAH,SUMATERA UTARA
ANDAM DEWI,TAPANULI TENGAH,SUMATERA UTARA
BARUS UTARA,TAPANULI TENGAH,SUMATERA UTARA
MANDUAMAS,TAPANULI TENGAH,SUMATERA UTARA
SIRANDORUNG,TAPANULI TENGAH,SUMATERA UTARA
PARMONANGAN,TAPANULI UTARA,SUMATERA UTARA
ADIANKOTING,TAPANULI UTARA,SUMATERA UTARA
SIPOHOLON,TAPANULI UTARA,SUMATERA UTARA
TARUTUNG,TAPANULI UTARA,SUMATERA UTARA
SIATAS BARITA,TAPANULI UTARA,SUMATERA UTARA
PAHAE JULU,TAPANULI UTARA,SUMATERA UTARA
PAHAE JAE,TAPANULI UTARA,SUMATERA UTARA
PURBATUA,TAPANULI UTARA,SUMATERA UTARA
SIMANGUMBAN,TAPANULI UTARA,SUMATERA UTARA
PANGARIBUAN,TAPANULI UTARA,SUMATERA UTARA
GAROGA,TAPANULI UTARA,SUMATERA UTARA
SIPAHUTAR,TAPANULI UTARA,SUMATERA UTARA
SIBORONGBORONG,TAPANULI UTARA,SUMATERA UTARA
PAGARAN,TAPANULI UTARA,SUMATERA UTARA
MUARA,TAPANULI UTARA,SUMATERA UTARA
BALIGE,TOBA SAMOSIR,SUMATERA UTARA
TAMPAHAN,TOBA SAMOSIR,SUMATERA UTARA
LAGUBOTI,TOBA SAMOSIR,SUMATERA UTARA
HABINSARAN,TOBA SAMOSIR,SUMATERA UTARA
BORBOR,TOBA SAMOSIR,SUMATERA UTARA
NASSAU,TOBA SAMOSIR,SUMATERA UTARA
SILAEN,TOBA SAMOSIR,SUMATERA UTARA
SIGUMPAR,TOBA SAMOSIR,SUMATERA UTARA
PORSEA,TOBA SAMOSIR,SUMATERA UTARA
PINTU POHAN MERANTI,TOBA SAMOSIR,SUMATERA UTARA
SIANTAR NARUMONDA,TOBA SAMOSIR,SUMATERA UTARA
PARMAKSIAN,TOBA SAMOSIR,SUMATERA UTARA
LUMBAN JULU,TOBA SAMOSIR,SUMATERA UTARA
ULUAN,TOBA SAMOSIR,SUMATERA UTARA
AJIBATA,TOBA SAMOSIR,SUMATERA UTARA
BONATUA LUNASI,TOBA SAMOSIR,SUMATERA UTARA
BILAH HULU,LABUHAN BATU,SUMATERA UTARA
PANGKATAN,LABUHAN BATU,SUMATERA UTARA
BILAH BARAT,LABUHAN BATU,SUMATERA UTARA
BILAH HILIR,LABUHAN BATU,SUMATERA UTARA
PANAI HULU,LABUHAN BATU,SUMATERA UTARA
PANAI TENGAH,LABUHAN BATU,SUMATERA UTARA
PANAI HILIR,LABUHAN BATU,SUMATERA UTARA
RANTAU SELATAN,LABUHAN BATU,SUMATERA UTARA
RANTAU UTARA,LABUHAN BATU,SUMATERA UTARA
BANDAR PASIR MANDOGE,ASAHAN,SUMATERA UTARA
BANDAR PULAU,ASAHAN,SUMATERA UTARA
AEK SONGSONGAN,ASAHAN,SUMATERA UTARA
RAHUNING,ASAHAN,SUMATERA UTARA
PULAU RAKYAT,ASAHAN,SUMATERA UTARA
AEK KUASAN,ASAHAN,SUMATERA UTARA
AEK LEDONG,ASAHAN,SUMATERA UTARA
SEI KEPAYANG,ASAHAN,SUMATERA UTARA
SEI KEPAYANG BARAT,ASAHAN,SUMATERA UTARA
SEI KEPAYANG TIMUR,ASAHAN,SUMATERA UTARA
TANJUNG BALAI,ASAHAN,SUMATERA UTARA
SIMPANG EMPAT,ASAHAN,SUMATERA UTARA
TELUK DALAM,ASAHAN,SUMATERA UTARA
AIR BATU,ASAHAN,SUMATERA UTARA
SEI DADAP,ASAHAN,SUMATERA UTARA
BUNTU PANE,ASAHAN,SUMATERA UTARA
TINGGI RAJA,ASAHAN,SUMATERA UTARA
SETIA JANJI,ASAHAN,SUMATERA UTARA
MERANTI,ASAHAN,SUMATERA UTARA
PULO BANDRING,ASAHAN,SUMATERA UTARA
RAWANG PANCA ARGA,ASAHAN,SUMATERA UTARA
AIR JOMAN,ASAHAN,SUMATERA UTARA
SILAU LAUT,ASAHAN,SUMATERA UTARA
KISARAN BARAT,ASAHAN,SUMATERA UTARA
KISARAN TIMUR,ASAHAN,SUMATERA UTARA
SILIMAKUTA,SIMALUNGUN,SUMATERA UTARA
PEMATANG SILIMAHUTA,SIMALUNGUN,SUMATERA UTARA
PURBA,SIMALUNGUN,SUMATERA UTARA
HARANGGAOL HORISON,SIMALUNGUN,SUMATERA UTARA
SIDAMANIK,SIMALUNGUN,SUMATERA UTARA
PEMATANG SIDAMANIK,SIMALUNGUN,SUMATERA UTARA
GIRSANG SIPANGAN BOLON,SIMALUNGUN,SUMATERA UTARA
TANAH JAWA,SIMALUNGUN,SUMATERA UTARA
HATONDUHAN,SIMALUNGUN,SUMATERA UTARA
DOLOK PANRIBUAN,SIMALUNGUN,SUMATERA UTARA
JORLANG HATARAN,SIMALUNGUN,SUMATERA UTARA
PANEI,SIMALUNGUN,SUMATERA UTARA
PANOMBEAN PANEI,SIMALUNGUN,SUMATERA UTARA
RAYA,SIMALUNGUN,SUMATERA UTARA
DOLOG MASAGAL,SIMALUNGUN,SUMATERA UTARA
DOLOK SILAU,SIMALUNGUN,SUMATERA UTARA
SILAU KAHEAN,SIMALUNGUN,SUMATERA UTARA
RAYA KAHEAN,SIMALUNGUN,SUMATERA UTARA
TAPIAN DOLOK,SIMALUNGUN,SUMATERA UTARA
DOLOK BATU NANGGAR,SIMALUNGUN,SUMATERA UTARA
SIANTAR,SIMALUNGUN,SUMATERA UTARA
GUNUNG MALELA,SIMALUNGUN,SUMATERA UTARA
GUNUNG MALIGAS,SIMALUNGUN,SUMATERA UTARA
HUTABAYU RAJA,SIMALUNGUN,SUMATERA UTARA
JAWA MARAJA BAH JAMBI,SIMALUNGUN,SUMATERA UTARA
PEMATANG BANDAR,SIMALUNGUN,SUMATERA UTARA
BANDAR HULUAN,SIMALUNGUN,SUMATERA UTARA
BANDAR,SIMALUNGUN,SUMATERA UTARA
BANDAR MASILAM,SIMALUNGUN,SUMATERA UTARA
BOSAR MALIGAS,SIMALUNGUN,SUMATERA UTARA
UJUNG PADANG,SIMALUNGUN,SUMATERA UTARA
SIDIKALANG,DAIRI,SUMATERA UTARA
BERAMPU,DAIRI,SUMATERA UTARA
SITINJO,DAIRI,SUMATERA UTARA
PARBULUAN,DAIRI,SUMATERA UTARA
SUMBUL,DAIRI,SUMATERA UTARA
SILAHISABUNGAN,DAIRI,SUMATERA UTARA
SILIMA PUNGGA-PUNGGA,DAIRI,SUMATERA UTARA
LAE PARIRA,DAIRI,SUMATERA UTARA
SIEMPAT NEMPU,DAIRI,SUMATERA UTARA
SIEMPAT NEMPU HULU,DAIRI,SUMATERA UTARA
SIEMPAT NEMPU HILIR,DAIRI,SUMATERA UTARA
TIGA LINGGA,DAIRI,SUMATERA UTARA
GUNUNG SITEMBER,DAIRI,SUMATERA UTARA
PEGAGAN HILIR,DAIRI,SUMATERA UTARA
TANAH PINEM,DAIRI,SUMATERA UTARA
MARDINGDING,KARO,SUMATERA UTARA
LAUBALENG,KARO,SUMATERA UTARA
TIGA BINANGA,KARO,SUMATERA UTARA
JUHAR,KARO,SUMATERA UTARA
MUNTE,KARO,SUMATERA UTARA
KUTA BULUH,KARO,SUMATERA UTARA
PAYUNG,KARO,SUMATERA UTARA
TIGANDERKET,KARO,SUMATERA UTARA
SIMPANG EMPAT,KARO,SUMATERA UTARA
NAMAN TERAN,KARO,SUMATERA UTARA
MERDEKA,KARO,SUMATERA UTARA
KABANJAHE,KARO,SUMATERA UTARA
BERASTAGI,KARO,SUMATERA UTARA
TIGAPANAH,KARO,SUMATERA UTARA
DOLAT RAYAT,KARO,SUMATERA UTARA
MEREK,KARO,SUMATERA UTARA
BARUSJAHE,KARO,SUMATERA UTARA
GUNUNG MERIAH,DELI SERDANG,SUMATERA UTARA
SINEMBAH TANJUNG MUDA HULU,DELI SERDANG,SUMATERA UTARA
SIBOLANGIT,DELI SERDANG,SUMATERA UTARA
KUTALIMBARU,DELI SERDANG,SUMATERA UTARA
PANCUR BATU,DELI SERDANG,SUMATERA UTARA
NAMO RAMBE,DELI SERDANG,SUMATERA UTARA
BIRU-BIRU,DELI SERDANG,SUMATERA UTARA
SINEMBAH TANJUNG MUDA HILIR,DELI SERDANG,SUMATERA UTARA
BANGUN PURBA,DELI SERDANG,SUMATERA UTARA
GALANG,DELI SERDANG,SUMATERA UTARA
TANJUNG MORAWA,DELI SERDANG,SUMATERA UTARA
PATUMBAK,DELI SERDANG,SUMATERA UTARA
DELI TUA,DELI SERDANG,SUMATERA UTARA
SUNGGAL,DELI SERDANG,SUMATERA UTARA
HAMPARAN PERAK,DELI SERDANG,SUMATERA UTARA
LABUHAN DELI,DELI SERDANG,SUMATERA UTARA
PERCUT SEI TUAN,DELI SERDANG,SUMATERA UTARA
BATANG KUIS,DELI SERDANG,SUMATERA UTARA
PANTAI LABU,DELI SERDANG,SUMATERA UTARA
BERINGIN,DELI SERDANG,SUMATERA UTARA
LUBUK PAKAM,DELI SERDANG,SUMATERA UTARA
PAGAR MERBAU,DELI SERDANG,SUMATERA UTARA
BOHOROK,LANGKAT,SUMATERA UTARA
SIRAPIT,LANGKAT,SUMATERA UTARA
SALAPIAN,LANGKAT,SUMATERA UTARA
KUTAMBARU,LANGKAT,SUMATERA UTARA
SEI BINGAI,LANGKAT,SUMATERA UTARA
KUALA,LANGKAT,SUMATERA UTARA
SELESAI,LANGKAT,SUMATERA UTARA
BINJAI,LANGKAT,SUMATERA UTARA
STABAT,LANGKAT,SUMATERA UTARA
WAMPU,LANGKAT,SUMATERA UTARA
BATANG SERANGAN,LANGKAT,SUMATERA UTARA
SAWIT SEBERANG,LANGKAT,SUMATERA UTARA
PADANG TUALANG,LANGKAT,SUMATERA UTARA
HINAI,LANGKAT,SUMATERA UTARA
SECANGGANG,LANGKAT,SUMATERA UTARA
TANJUNG PURA,LANGKAT,SUMATERA UTARA
GEBANG,LANGKAT,SUMATERA UTARA
BABALAN,LANGKAT,SUMATERA UTARA
SEI LEPAN,LANGKAT,SUMATERA UTARA
BRANDAN BARAT,LANGKAT,SUMATERA UTARA
BESITANG,LANGKAT,SUMATERA UTARA
PANGKALAN SUSU,LANGKAT,SUMATERA UTARA
PEMATANG JAYA,LANGKAT,SUMATERA UTARA
HIBALA,NIAS SELATAN,SUMATERA UTARA
TANAH MASA,NIAS SELATAN,SUMATERA UTARA
PULAU-PULAU BATU,NIAS SELATAN,SUMATERA UTARA
PULAU-PULAU BATU TIMUR,NIAS SELATAN,SUMATERA UTARA
SIMUK,NIAS SELATAN,SUMATERA UTARA
PULAU-PULAU BATU BARAT,NIAS SELATAN,SUMATERA UTARA
PULAU-PULAU BATU UTARA,NIAS SELATAN,SUMATERA UTARA
TELUK DALAM,NIAS SELATAN,SUMATERA UTARA
FANAYAMA,NIAS SELATAN,SUMATERA UTARA
TOMA,NIAS SELATAN,SUMATERA UTARA
MANIAMOLO,NIAS SELATAN,SUMATERA UTARA
MAZINO,NIAS SELATAN,SUMATERA UTARA
LUAHAGUNDRE MANIAMOLO,NIAS SELATAN,SUMATERA UTARA
ONOLALU,NIAS SELATAN,SUMATERA UTARA
AMANDRAYA,NIAS SELATAN,SUMATERA UTARA
ARAMO,NIAS SELATAN,SUMATERA UTARA
ULUSUSUA,NIAS SELATAN,SUMATERA UTARA
LAHUSA,NIAS SELATAN,SUMATERA UTARA
SIDUAORI,NIAS SELATAN,SUMATERA UTARA
SOMAMBAWA,NIAS SELATAN,SUMATERA UTARA
GOMO,NIAS SELATAN,SUMATERA UTARA
SUSUA,NIAS SELATAN,SUMATERA UTARA
MAZO,NIAS SELATAN,SUMATERA UTARA
UMBUNASI,NIAS SELATAN,SUMATERA UTARA
IDANOTAE,NIAS SELATAN,SUMATERA UTARA
ULUIDANOTAE,NIAS SELATAN,SUMATERA UTARA
BORONADU,NIAS SELATAN,SUMATERA UTARA
LOLOMATUA,NIAS SELATAN,SUMATERA UTARA
ULUNOYO,NIAS SELATAN,SUMATERA UTARA
HURUNA,NIAS SELATAN,SUMATERA UTARA
LOLOWA'U,NIAS SELATAN,SUMATERA UTARA
HILIMEGAI,NIAS SELATAN,SUMATERA UTARA
OOU,NIAS SELATAN,SUMATERA UTARA
ONOHAZUMBA,NIAS SELATAN,SUMATERA UTARA
HILISALAWAAHE,NIAS SELATAN,SUMATERA UTARA
PAKKAT,HUMBANG HASUNDUTAN,SUMATERA UTARA
ONAN GANJANG,HUMBANG HASUNDUTAN,SUMATERA UTARA
SIJAMA POLANG,HUMBANG HASUNDUTAN,SUMATERA UTARA
DOLOK SANGGUL,HUMBANG HASUNDUTAN,SUMATERA UTARA
LINTONG NIHUTA,HUMBANG HASUNDUTAN,SUMATERA UTARA
PARANGINAN,HUMBANG HASUNDUTAN,SUMATERA UTARA
BAKTI RAJA,HUMBANG HASUNDUTAN,SUMATERA UTARA
POLLUNG,HUMBANG HASUNDUTAN,SUMATERA UTARA
PARLILITAN,HUMBANG HASUNDUTAN,SUMATERA UTARA
TARA BINTANG,HUMBANG HASUNDUTAN,SUMATERA UTARA
SALAK,PAKPAK BHARAT,SUMATERA UTARA
SITELLU TALI URANG JEHE,PAKPAK BHARAT,SUMATERA UTARA
PAGINDAR,PAKPAK BHARAT,SUMATERA UTARA
SITELLU TALI URANG JULU,PAKPAK BHARAT,SUMATERA UTARA
PERGETTENG-GETTENG SENGKUT,PAKPAK BHARAT,SUMATERA UTARA
KERAJAAN,PAKPAK BHARAT,SUMATERA UTARA
TINADA,PAKPAK BHARAT,SUMATERA UTARA
SIEMPAT RUBE,PAKPAK BHARAT,SUMATERA UTARA
SIANJUR MULA MULA,SAMOSIR,SUMATERA UTARA
HARIAN,SAMOSIR,SUMATERA UTARA
SITIO-TIO,SAMOSIR,SUMATERA UTARA
ONAN RUNGGU,SAMOSIR,SUMATERA UTARA
NAINGGOLAN,SAMOSIR,SUMATERA UTARA
PALIPI,SAMOSIR,SUMATERA UTARA
RONGGUR NIHUTA,SAMOSIR,SUMATERA UTARA
PANGURURAN,SAMOSIR,SUMATERA UTARA
SIMANINDO,SAMOSIR,SUMATERA UTARA
KOTARIH,SERDANG BEDAGAI,SUMATERA UTARA
SILINDA,SERDANG BEDAGAI,SUMATERA UTARA
BINTANG BAYU,SERDANG BEDAGAI,SUMATERA UTARA
DOLOK MASIHUL,SERDANG BEDAGAI,SUMATERA UTARA
SERBAJADI,SERDANG BEDAGAI,SUMATERA UTARA
SIPISPIS,SERDANG BEDAGAI,SUMATERA UTARA
DOLOK MERAWAN,SERDANG BEDAGAI,SUMATERA UTARA
TEBINGTINGGI,SERDANG BEDAGAI,SUMATERA UTARA
TEBING SYAHBANDAR,SERDANG BEDAGAI,SUMATERA UTARA
BANDAR KHALIPAH,SERDANG BEDAGAI,SUMATERA UTARA
TANJUNG BERINGIN,SERDANG BEDAGAI,SUMATERA UTARA
SEI RAMPAH,SERDANG BEDAGAI,SUMATERA UTARA
SEI BAMBAN,SERDANG BEDAGAI,SUMATERA UTARA
TELUK MENGKUDU,SERDANG BEDAGAI,SUMATERA UTARA
PERBAUNGAN,SERDANG BEDAGAI,SUMATERA UTARA
PEGAJAHAN,SERDANG BEDAGAI,SUMATERA UTARA
PANTAI CERMIN,SERDANG BEDAGAI,SUMATERA UTARA
SEI BALAI,BATU BARA,SUMATERA UTARA
TANJUNG TIRAM,BATU BARA,SUMATERA UTARA
NIBUNG HANGUS,BATU BARA,SUMATERA UTARA
TALAWI,BATU BARA,SUMATERA UTARA
DATUK TANAH DATAR,BATU BARA,SUMATERA UTARA
LIMAPULUH,BATU BARA,SUMATERA UTARA
LIMA PULUH PESISIR,BATU BARA,SUMATERA UTARA
DATUK LIMA PULUH,BATU BARA,SUMATERA UTARA
AIR PUTIH,BATU BARA,SUMATERA UTARA
SEI SUKA,BATU BARA,SUMATERA UTARA
LAUT TADOR,BATU BARA,SUMATERA UTARA
MEDANG DERAS,BATU BARA,SUMATERA UTARA
BATANG ONANG,PADANG LAWAS UTARA,SUMATERA UTARA
PADANG BOLAK JULU,PADANG LAWAS UTARA,SUMATERA UTARA
PORTIBI,PADANG LAWAS UTARA,SUMATERA UTARA
PADANG BOLAK,PADANG LAWAS UTARA,SUMATERA UTARA
PADANG BOLAK TENGGARA,PADANG LAWAS UTARA,SUMATERA UTARA
SIMANGAMBAT,PADANG LAWAS UTARA,SUMATERA UTARA
UJUNG BATU,PADANG LAWAS UTARA,SUMATERA UTARA
HALONGONAN,PADANG LAWAS UTARA,SUMATERA UTARA
HALONGONAN TIMUR,PADANG LAWAS UTARA,SUMATERA UTARA
DOLOK,PADANG LAWAS UTARA,SUMATERA UTARA
DOLOK SIGOMPULON,PADANG LAWAS UTARA,SUMATERA UTARA
HULU SIHAPAS,PADANG LAWAS UTARA,SUMATERA UTARA
SOSOPAN,PADANG LAWAS,SUMATERA UTARA
ULU BARUMUN,PADANG LAWAS,SUMATERA UTARA
BARUMUN,PADANG LAWAS,SUMATERA UTARA
BARUMUN SELATAN,PADANG LAWAS,SUMATERA UTARA
LUBUK BARUMUN,PADANG LAWAS,SUMATERA UTARA
SOSA,PADANG LAWAS,SUMATERA UTARA
BATANG LUBU SUTAM,PADANG LAWAS,SUMATERA UTARA
HUTA RAJA TINGGI,PADANG LAWAS,SUMATERA UTARA
HURISTAK,PADANG LAWAS,SUMATERA UTARA
BARUMUN TENGAH,PADANG LAWAS,SUMATERA UTARA
AEK NABARA BARUMUN,PADANG LAWAS,SUMATERA UTARA
SIHAPAS BARUMUN,PADANG LAWAS,SUMATERA UTARA
SUNGAI KANAN,LABUHAN BATU SELATAN,SUMATERA UTARA
TORGAMBA,LABUHAN BATU SELATAN,SUMATERA UTARA
KOTA PINANG,LABUHAN BATU SELATAN,SUMATERA UTARA
SILANGKITANG,LABUHAN BATU SELATAN,SUMATERA UTARA
KAMPUNG RAKYAT,LABUHAN BATU SELATAN,SUMATERA UTARA
NA IX-X,LABUHAN BATU UTARA,SUMATERA UTARA
MARBAU,LABUHAN BATU UTARA,SUMATERA UTARA
AEK KUO,LABUHAN BATU UTARA,SUMATERA UTARA
AEK NATAS,LABUHAN BATU UTARA,SUMATERA UTARA
KUALUH SELATAN,LABUHAN BATU UTARA,SUMATERA UTARA
KUALUH HILIR,LABUHAN BATU UTARA,SUMATERA UTARA
KUALUH HULU,LABUHAN BATU UTARA,SUMATERA UTARA
KUALUH LEIDONG,LABUHAN BATU UTARA,SUMATERA UTARA
TUGALA OYO,NIAS UTARA,SUMATERA UTARA
ALASA,NIAS UTARA,SUMATERA UTARA
ALASA TALU MUZOI,NIAS UTARA,SUMATERA UTARA
NAMOHALU ESIWA,NIAS UTARA,SUMATERA UTARA
SITOLU ORI,NIAS UTARA,SUMATERA UTARA
TUHEMBERUA,NIAS UTARA,SUMATERA UTARA
SAWO,NIAS UTARA,SUMATERA UTARA
LOTU,NIAS UTARA,SUMATERA UTARA
LAHEWA TIMUR,NIAS UTARA,SUMATERA UTARA
AFULU,NIAS UTARA,SUMATERA UTARA
LAHEWA,NIAS UTARA,SUMATERA UTARA
SIROMBU,NIAS BARAT,SUMATERA UTARA
LAHOMI,NIAS BARAT,SUMATERA UTARA
ULU MORO O,NIAS BARAT,SUMATERA UTARA
LOLOFITU MOI,NIAS BARAT,SUMATERA UTARA
MANDREHE UTARA,NIAS BARAT,SUMATERA UTARA
MANDREHE,NIAS BARAT,SUMATERA UTARA
MANDREHE BARAT,NIAS BARAT,SUMATERA UTARA
MORO O,NIAS BARAT,SUMATERA UTARA
SIBOLGA UTARA,SIBOLGA,SUMATERA UTARA
SIBOLGA KOTA,SIBOLGA,SUMATERA UTARA
SIBOLGA SELATAN,SIBOLGA,SUMATERA UTARA
SIBOLGA SAMBAS,SIBOLGA,SUMATERA UTARA
DATUK BANDAR,TANJUNG BALAI,SUMATERA UTARA
DATUK BANDAR TIMUR,TANJUNG BALAI,SUMATERA UTARA
TANJUNG BALAI SELATAN,TANJUNG BALAI,SUMATERA UTARA
TANJUNG BALAI UTARA,TANJUNG BALAI,SUMATERA UTARA
SEI TUALANG RASO,TANJUNG BALAI,SUMATERA UTARA
TELUK NIBUNG,TANJUNG BALAI,SUMATERA UTARA
SIANTAR MARIHAT,PEMATANG SIANTAR,SUMATERA UTARA
SIANTAR MARIMBUN,PEMATANG SIANTAR,SUMATERA UTARA
SIANTAR SELATAN,PEMATANG SIANTAR,SUMATERA UTARA
SIANTAR BARAT,PEMATANG SIANTAR,SUMATERA UTARA
SIANTAR UTARA,PEMATANG SIANTAR,SUMATERA UTARA
SIANTAR TIMUR,PEMATANG SIANTAR,SUMATERA UTARA
SIANTAR MARTOBA,PEMATANG SIANTAR,SUMATERA UTARA
SIANTAR SITALASARI,PEMATANG SIANTAR,SUMATERA UTARA
PADANG HULU,TEBING TINGGI,SUMATERA UTARA
TEBING TINGGI KOTA,TEBING TINGGI,SUMATERA UTARA
RAMBUTAN,TEBING TINGGI,SUMATERA UTARA
BAJENIS,TEBING TINGGI,SUMATERA UTARA
PADANG HILIR,TEBING TINGGI,SUMATERA UTARA
MEDAN TUNTUNGAN,MEDAN,SUMATERA UTARA
MEDAN JOHOR,MEDAN,SUMATERA UTARA
MEDAN AMPLAS,MEDAN,SUMATERA UTARA
MEDAN DENAI,MEDAN,SUMATERA UTARA
MEDAN AREA,MEDAN,SUMATERA UTARA
MEDAN KOTA,MEDAN,SUMATERA UTARA
MEDAN MAIMUN,MEDAN,SUMATERA UTARA
MEDAN POLONIA,MEDAN,SUMATERA UTARA
MEDAN BARU,MEDAN,SUMATERA UTARA
MEDAN SELAYANG,MEDAN,SUMATERA UTARA
MEDAN SUNGGAL,MEDAN,SUMATERA UTARA
MEDAN HELVETIA,MEDAN,SUMATERA UTARA
MEDAN PETISAH,MEDAN,SUMATERA UTARA
MEDAN BARAT,MEDAN,SUMATERA UTARA
MEDAN TIMUR,MEDAN,SUMATERA UTARA
MEDAN PERJUANGAN,MEDAN,SUMATERA UTARA
MEDAN TEMBUNG,MEDAN,SUMATERA UTARA
MEDAN DELI,MEDAN,SUMATERA UTARA
MEDAN LABUHAN,MEDAN,SUMATERA UTARA
MEDAN MARELAN,MEDAN,SUMATERA UTARA
MEDAN BELAWAN,MEDAN,SUMATERA UTARA
BINJAI SELATAN,BINJAI,SUMATERA UTARA
BINJAI KOTA,BINJAI,SUMATERA UTARA
BINJAI TIMUR,BINJAI,SUMATERA UTARA
BINJAI UTARA,BINJAI,SUMATERA UTARA
BINJAI BARAT,BINJAI,SUMATERA UTARA
PADANGSIDIMPUAN TENGGARA,PADANGSIDIMPUAN,SUMATERA UTARA
PADANGSIDIMPUAN SELATAN,PADANGSIDIMPUAN,SUMATERA UTARA
PADANGSIDIMPUAN BATUNADUA,PADANGSIDIMPUAN,SUMATERA UTARA
PADANGSIDIMPUAN UTARA,PADANGSIDIMPUAN,SUMATERA UTARA
PADANGSIDIMPUAN HUTAIMBARU,PADANGSIDIMPUAN,SUMATERA UTARA
PADANGSIDIMPUAN ANGKOLA JULU,PADANGSIDIMPUAN,SUMATERA UTARA
GUNUNGSITOLI IDANOI,GUNUNGSITOLI,SUMATERA UTARA
GUNUNGSITOLI SELATAN,GUNUNGSITOLI,SUMATERA UTARA
GUNUNGSITOLI BARAT,GUNUNGSITOLI,SUMATERA UTARA
GUNUNG SITOLI,GUNUNGSITOLI,SUMATERA UTARA
GUNUNGSITOLI ALO OA,GUNUNGSITOLI,SUMATERA UTARA
GUNUNGSITOLI UTARA,GUNUNGSITOLI,SUMATERA UTARA
PAGAI SELATAN,KEPULAUAN MENTAWAI,SUMATERA BARAT
SIKAKAP,KEPULAUAN MENTAWAI,SUMATERA BARAT
PAGAI UTARA,KEPULAUAN MENTAWAI,SUMATERA BARAT
SIPORA SELATAN,KEPULAUAN MENTAWAI,SUMATERA BARAT
SIPORA UTARA,KEPULAUAN MENTAWAI,SUMATERA BARAT
SIBERUT SELATAN,KEPULAUAN MENTAWAI,SUMATERA BARAT
SEBERUT BARAT DAYA,KEPULAUAN MENTAWAI,SUMATERA BARAT
SIBERUT TENGAH,KEPULAUAN MENTAWAI,SUMATERA BARAT
SIBERUT UTARA,KEPULAUAN MENTAWAI,SUMATERA BARAT
SIBERUT BARAT,KEPULAUAN MENTAWAI,SUMATERA BARAT
SILAUT,PESISIR SELATAN,SUMATERA BARAT
LUNANG,PESISIR SELATAN,SUMATERA BARAT
BASA AMPEK BALAI TAPAN,PESISIR SELATAN,SUMATERA BARAT
RANAH AMPEK HULU TAPAN,PESISIR SELATAN,SUMATERA BARAT
PANCUNG SOAL,PESISIR SELATAN,SUMATERA BARAT
AIRPURA,PESISIR SELATAN,SUMATERA BARAT
LINGGO SARI BAGANTI,PESISIR SELATAN,SUMATERA BARAT
RANAH PESISIR,PESISIR SELATAN,SUMATERA BARAT
LENGAYANG,PESISIR SELATAN,SUMATERA BARAT
SUTERA,PESISIR SELATAN,SUMATERA BARAT
BATANG KAPAS,PESISIR SELATAN,SUMATERA BARAT
IV JURAI,PESISIR SELATAN,SUMATERA BARAT
BAYANG,PESISIR SELATAN,SUMATERA BARAT
IV  NAGARI BAYANG UTARA,PESISIR SELATAN,SUMATERA BARAT
KOTO XI TARUSAN,PESISIR SELATAN,SUMATERA BARAT
PANTAI CERMIN,SOLOK,SUMATERA BARAT
LEMBAH GUMANTI,SOLOK,SUMATERA BARAT
HILIRAN GUMANTI,SOLOK,SUMATERA BARAT
PAYUNG SEKAKI,SOLOK,SUMATERA BARAT
TIGO LURAH,SOLOK,SUMATERA BARAT
LEMBANG JAYA,SOLOK,SUMATERA BARAT
DANAU KEMBAR,SOLOK,SUMATERA BARAT
GUNUNG TALANG,SOLOK,SUMATERA BARAT
BUKIT SUNDI,SOLOK,SUMATERA BARAT
IX KOTO SUNGAI LASI,SOLOK,SUMATERA BARAT
KUBUNG,SOLOK,SUMATERA BARAT
X KOTO DIATAS,SOLOK,SUMATERA BARAT
X KOTO SINGKARAK,SOLOK,SUMATERA BARAT
JUNJUNG SIRIH,SOLOK,SUMATERA BARAT
KAMANG BARU,SIJUNJUNG,SUMATERA BARAT
TANJUNG GADANG,SIJUNJUNG,SUMATERA BARAT
SIJUNJUNG,SIJUNJUNG,SUMATERA BARAT
LUBUK TAROK,SIJUNJUNG,SUMATERA BARAT
IV NAGARI,SIJUNJUNG,SUMATERA BARAT
KUPITAN,SIJUNJUNG,SUMATERA BARAT
KOTO TUJUH,SIJUNJUNG,SUMATERA BARAT
SUMPUR KUDUS,SIJUNJUNG,SUMATERA BARAT
SEPULUH KOTO,TANAH DATAR,SUMATERA BARAT
BATIPUH,TANAH DATAR,SUMATERA BARAT
BATIPUH SELATAN,TANAH DATAR,SUMATERA BARAT
PARIANGAN,TANAH DATAR,SUMATERA BARAT
RAMBATAN,TANAH DATAR,SUMATERA BARAT
LIMA KAUM,TANAH DATAR,SUMATERA BARAT
TANJUNG EMAS,TANAH DATAR,SUMATERA BARAT
PADANG GANTING,TANAH DATAR,SUMATERA BARAT
LINTAU BUO,TANAH DATAR,SUMATERA BARAT
LINTAU BUO UTARA,TANAH DATAR,SUMATERA BARAT
SUNGAYANG,TANAH DATAR,SUMATERA BARAT
SUNGAI TARAB,TANAH DATAR,SUMATERA BARAT
SALIMPAUNG,TANAH DATAR,SUMATERA BARAT
TANJUNG BARU,TANAH DATAR,SUMATERA BARAT
BATANG ANAI,PADANG PARIAMAN,SUMATERA BARAT
LUBUK ALUNG,PADANG PARIAMAN,SUMATERA BARAT
SINTUK TOBOH GADANG,PADANG PARIAMAN,SUMATERA BARAT
ULAKAN TAPAKIS,PADANG PARIAMAN,SUMATERA BARAT
NAN SABARIS,PADANG PARIAMAN,SUMATERA BARAT
2 X 11 ENAM LINGKUNG,PADANG PARIAMAN,SUMATERA BARAT
ENAM LINGKUNG,PADANG PARIAMAN,SUMATERA BARAT
2 X 11 KAYU TANAM,PADANG PARIAMAN,SUMATERA BARAT
VII KOTO SUNGAI SARIAK,PADANG PARIAMAN,SUMATERA BARAT
PATAMUAN,PADANG PARIAMAN,SUMATERA BARAT
PADANG SAGO,PADANG PARIAMAN,SUMATERA BARAT
V KOTO KP DALAM,PADANG PARIAMAN,SUMATERA BARAT
V KOTO TIMUR,PADANG PARIAMAN,SUMATERA BARAT
SUNGAI LIMAU,PADANG PARIAMAN,SUMATERA BARAT
BATANG GASAN,PADANG PARIAMAN,SUMATERA BARAT
SUNGAI GERINGGING,PADANG PARIAMAN,SUMATERA BARAT
IV KOTO AUR MALINTANG,PADANG PARIAMAN,SUMATERA BARAT
TANJUNG MUTIARA,AGAM,SUMATERA BARAT
LUBUK BASUNG,AGAM,SUMATERA BARAT
AMPEK NAGARI,AGAM,SUMATERA BARAT
TANJUNG RAYA,AGAM,SUMATERA BARAT
MATUR,AGAM,SUMATERA BARAT
IV KOTO,AGAM,SUMATERA BARAT
MALALAK,AGAM,SUMATERA BARAT
BANUHAMPU,AGAM,SUMATERA BARAT
SUNGAI PUA,AGAM,SUMATERA BARAT
AMPEK ANGKEK,AGAM,SUMATERA BARAT
CANDUANG,AGAM,SUMATERA BARAT
BASO,AGAM,SUMATERA BARAT
TILATANG KAMANG,AGAM,SUMATERA BARAT
KAMANG MAGEK,AGAM,SUMATERA BARAT
PALEMBAYAN,AGAM,SUMATERA BARAT
PALUPUH,AGAM,SUMATERA BARAT
PAYAKUMBUH,LIMA PULUH KOTA,SUMATERA BARAT
AKABILURU,LIMA PULUH KOTA,SUMATERA BARAT
LUAK,LIMA PULUH KOTA,SUMATERA BARAT
LAREH SAGO HALABAN,LIMA PULUH KOTA,SUMATERA BARAT
SITUJUAH LIMO NAGARI,LIMA PULUH KOTA,SUMATERA BARAT
HARAU,LIMA PULUH KOTA,SUMATERA BARAT
GUGUAK,LIMA PULUH KOTA,SUMATERA BARAT
MUNGKA,LIMA PULUH KOTA,SUMATERA BARAT
SULIKI,LIMA PULUH KOTA,SUMATERA BARAT
BUKIK BARISAN,LIMA PULUH KOTA,SUMATERA BARAT
GUNUANG OMEH,LIMA PULUH KOTA,SUMATERA BARAT
KAPUR IX,LIMA PULUH KOTA,SUMATERA BARAT
PANGKALAN KOTO BARU,LIMA PULUH KOTA,SUMATERA BARAT
BONJOL,PASAMAN,SUMATERA BARAT
TIGO NAGARI,PASAMAN,SUMATERA BARAT
SIMPANG ALAHAN MATI,PASAMAN,SUMATERA BARAT
LUBUK SIKAPING,PASAMAN,SUMATERA BARAT
DUA KOTO,PASAMAN,SUMATERA BARAT
PANTI,PASAMAN,SUMATERA BARAT
PADANG GELUGUR,PASAMAN,SUMATERA BARAT
RAO,PASAMAN,SUMATERA BARAT
MAPAT TUNGGUL,PASAMAN,SUMATERA BARAT
MAPAT TUNGGUL SELATAN,PASAMAN,SUMATERA BARAT
RAO SELATAN,PASAMAN,SUMATERA BARAT
RAO UTARA,PASAMAN,SUMATERA BARAT
SANGIR,SOLOK SELATAN,SUMATERA BARAT
SANGIR JUJUAN,SOLOK SELATAN,SUMATERA BARAT
SANGIR BALAI JANGGO,SOLOK SELATAN,SUMATERA BARAT
SANGIR BATANG HARI,SOLOK SELATAN,SUMATERA BARAT
SUNGAI PAGU,SOLOK SELATAN,SUMATERA BARAT
PAUAH DUO,SOLOK SELATAN,SUMATERA BARAT
KOTO PARIK GADANG DIATEH,SOLOK SELATAN,SUMATERA BARAT
SUNGAI RUMBAI,DHARMASRAYA,SUMATERA BARAT
KOTO BESAR,DHARMASRAYA,SUMATERA BARAT
ASAM JUJUHAN,DHARMASRAYA,SUMATERA BARAT
KOTO BARU,DHARMASRAYA,SUMATERA BARAT
KOTO SALAK,DHARMASRAYA,SUMATERA BARAT
TIUMANG,DHARMASRAYA,SUMATERA BARAT
PADANG LAWEH,DHARMASRAYA,SUMATERA BARAT
SITIUNG,DHARMASRAYA,SUMATERA BARAT
TIMPEH,DHARMASRAYA,SUMATERA BARAT
PULAU PUNJUNG,DHARMASRAYA,SUMATERA BARAT
IX KOTO,DHARMASRAYA,SUMATERA BARAT
SUNGAI BEREMAS,PASAMAN BARAT,SUMATERA BARAT
RANAH BATAHAN,PASAMAN BARAT,SUMATERA BARAT
KOTO BALINGKA,PASAMAN BARAT,SUMATERA BARAT
SUNGAI AUR,PASAMAN BARAT,SUMATERA BARAT
LEMBAH MALINTANG,PASAMAN BARAT,SUMATERA BARAT
GUNUNG TULEH,PASAMAN BARAT,SUMATERA BARAT
TALAMAU,PASAMAN BARAT,SUMATERA BARAT
PASAMAN,PASAMAN BARAT,SUMATERA BARAT
LUHAK NAN DUO,PASAMAN BARAT,SUMATERA BARAT
SASAK RANAH PASISIE,PASAMAN BARAT,SUMATERA BARAT
KINALI,PASAMAN BARAT,SUMATERA BARAT
BUNGUS TELUK KABUNG,PADANG,SUMATERA BARAT
LUBUK KILANGAN,PADANG,SUMATERA BARAT
LUBUK BEGALUNG,PADANG,SUMATERA BARAT
PADANG SELATAN,PADANG,SUMATERA BARAT
PADANG TIMUR,PADANG,SUMATERA BARAT
PADANG BARAT,PADANG,SUMATERA BARAT
PADANG UTARA,PADANG,SUMATERA BARAT
NANGGALO,PADANG,SUMATERA BARAT
KURANJI,PADANG,SUMATERA BARAT
PAUH,PADANG,SUMATERA BARAT
KOTO TANGAH,PADANG,SUMATERA BARAT
LUBUK SIKARAH,SOLOK,SUMATERA BARAT
TANJUNG HARAPAN,SOLOK,SUMATERA BARAT
SILUNGKANG,SAWAH LUNTO,SUMATERA BARAT
LEMBAH SEGAR,SAWAH LUNTO,SUMATERA BARAT
BARANGIN,SAWAH LUNTO,SUMATERA BARAT
TALAWI,SAWAH LUNTO,SUMATERA BARAT
PADANG PANJANG BARAT,PADANG PANJANG,SUMATERA BARAT
PADANG PANJANG TIMUR,PADANG PANJANG,SUMATERA BARAT
GUGUK PANJANG,BUKITTINGGI,SUMATERA BARAT
MANDIANGIN KOTO SELAYAN,BUKITTINGGI,SUMATERA BARAT
AUR BIRUGO TIGO BALEH,BUKITTINGGI,SUMATERA BARAT
PAYAKUMBUH BARAT,PAYAKUMBUH,SUMATERA BARAT
PAYAKUMBUH SELATAN,PAYAKUMBUH,SUMATERA BARAT
PAYAKUMBUH TIMUR,PAYAKUMBUH,SUMATERA BARAT
PAYAKUMBUH UTARA,PAYAKUMBUH,SUMATERA BARAT
LAMPOSI TIGO NAGORI,PAYAKUMBUH,SUMATERA BARAT
PARIAMAN SELATAN,PARIAMAN,SUMATERA BARAT
PARIAMAN TENGAH,PARIAMAN,SUMATERA BARAT
PARIAMAN TIMUR,PARIAMAN,SUMATERA BARAT
PARIAMAN UTARA,PARIAMAN,SUMATERA BARAT
KUANTAN MUDIK,KUANTAN SINGINGI,RIAU
HULU KUANTAN,KUANTAN SINGINGI,RIAU
GUNUNG TOAR,KUANTAN SINGINGI,RIAU
PUCUK RANTAU,KUANTAN SINGINGI,RIAU
SINGINGI,KUANTAN SINGINGI,RIAU
SINGINGI HILIR,KUANTAN SINGINGI,RIAU
KUANTAN TENGAH,KUANTAN SINGINGI,RIAU
SENTAJO RAYA,KUANTAN SINGINGI,RIAU
BENAI,KUANTAN SINGINGI,RIAU
KUANTAN HILIR,KUANTAN SINGINGI,RIAU
PANGEAN,KUANTAN SINGINGI,RIAU
LOGAS TANAH DARAT,KUANTAN SINGINGI,RIAU
KUANTAN HILIR SEBERANG,KUANTAN SINGINGI,RIAU
CERENTI,KUANTAN SINGINGI,RIAU
INUMAN,KUANTAN SINGINGI,RIAU
PERANAP,INDRAGIRI HULU,RIAU
BATANG PERANAP,INDRAGIRI HULU,RIAU
SEBERIDA,INDRAGIRI HULU,RIAU
BATANG CENAKU,INDRAGIRI HULU,RIAU
BATANG GANSAL,INDRAGIRI HULU,RIAU
KELAYANG,INDRAGIRI HULU,RIAU
RAKIT KULIM,INDRAGIRI HULU,RIAU
PASIR PENYU,INDRAGIRI HULU,RIAU
LIRIK,INDRAGIRI HULU,RIAU
SUNGAI LALA,INDRAGIRI HULU,RIAU
LUBUK BATU JAYA,INDRAGIRI HULU,RIAU
RENGAT BARAT,INDRAGIRI HULU,RIAU
RENGAT,INDRAGIRI HULU,RIAU
KUALA CENAKU,INDRAGIRI HULU,RIAU
KERITANG,INDRAGIRI HILIR,RIAU
KEMUNING,INDRAGIRI HILIR,RIAU
RETEH,INDRAGIRI HILIR,RIAU
SUNGAI BATANG,INDRAGIRI HILIR,RIAU
ENOK,INDRAGIRI HILIR,RIAU
TANAH MERAH,INDRAGIRI HILIR,RIAU
KUALA INDRAGIRI,INDRAGIRI HILIR,RIAU
CONCONG,INDRAGIRI HILIR,RIAU
TEMBILAHAN,INDRAGIRI HILIR,RIAU
TEMBILAHAN HULU,INDRAGIRI HILIR,RIAU
TEMPULING,INDRAGIRI HILIR,RIAU
KEMPAS,INDRAGIRI HILIR,RIAU
BATANG TUAKA,INDRAGIRI HILIR,RIAU
GAUNG ANAK SERKA,INDRAGIRI HILIR,RIAU
GAUNG,INDRAGIRI HILIR,RIAU
MANDAH,INDRAGIRI HILIR,RIAU
KATEMAN,INDRAGIRI HILIR,RIAU
PELANGIRAN,INDRAGIRI HILIR,RIAU
TELUK BELENGKONG,INDRAGIRI HILIR,RIAU
PULAU BURUNG,INDRAGIRI HILIR,RIAU
LANGGAM,PALALAWAN,RIAU
LANGGAM,PELALAWAN,RIAU
PANGKALAN KERINCI,PELALAWAN,RIAU
BANDAR SEIKIJANG,PELALAWAN,RIAU
PANGKALAN KURAS,PELALAWAN,RIAU
UKUI,PELALAWAN,RIAU
PANGKALAN LESUNG,PELALAWAN,RIAU
BUNUT,PELALAWAN,RIAU
PELALAWAN,PELALAWAN,RIAU
BANDAR PETALANGAN,PELALAWAN,RIAU
KUALA KAMPAR,PELALAWAN,RIAU
KERUMUTAN,PELALAWAN,RIAU
TELUK MERANTI,PELALAWAN,RIAU
MINAS,S I A K,RIAU
SUNGAI MANDAU,S I A K,RIAU
KANDIS,S I A K,RIAU
SIAK,S I A K,RIAU
KERINCI KANAN,S I A K,RIAU
TUALANG,S I A K,RIAU
DAYUN,S I A K,RIAU
LUBUK DALAM,S I A K,RIAU
KOTO GASIB,S I A K,RIAU
MEMPURA,S I A K,RIAU
SUNGAI APIT,S I A K,RIAU
BUNGA RAYA,S I A K,RIAU
SABAK AUH,S I A K,RIAU
PUSAKO,S I A K,RIAU
KAMPAR KIRI,KAMPAR,RIAU
KAMPAR KIRI HULU,KAMPAR,RIAU
KAMPAR KIRI HILIR,KAMPAR,RIAU
GUNUNG SAHILAN,KAMPAR,RIAU
KAMPAR KIRI TENGAH,KAMPAR,RIAU
XIII KOTO KAMPAR,KAMPAR,RIAU
KOTO KAMPAR HULU,KAMPAR,RIAU
KUOK,KAMPAR,RIAU
SALO,KAMPAR,RIAU
TAPUNG,KAMPAR,RIAU
TAPUNG HULU,KAMPAR,RIAU
TAPUNG HILIR,KAMPAR,RIAU
BANGKINANG KOTA,KAMPAR,RIAU
BANGKINANG,KAMPAR,RIAU
KAMPAR,KAMPAR,RIAU
KAMPA,KAMPAR,RIAU
RUMBIO JAYA,KAMPAR,RIAU
KAMPAR UTARA,KAMPAR,RIAU
TAMBANG,KAMPAR,RIAU
SIAK HULU,KAMPAR,RIAU
PERHENTIAN RAJA,KAMPAR,RIAU
ROKAN IV KOTO,ROKAN HULU,RIAU
PENDALIAN IV KOTO,ROKAN HULU,RIAU
TANDUN,ROKAN HULU,RIAU
KABUN,ROKAN HULU,RIAU
UJUNG BATU,ROKAN HULU,RIAU
RAMBAH SAMO,ROKAN HULU,RIAU
RAMBAH,ROKAN HULU,RIAU
RAMBAH HILIR,ROKAN HULU,RIAU
BANGUN PURBA,ROKAN HULU,RIAU
TAMBUSAI,ROKAN HULU,RIAU
TAMBUSAI UTARA,ROKAN HULU,RIAU
KEPENUHAN,ROKAN HULU,RIAU
KEPENUHAN HULU,ROKAN HULU,RIAU
KUNTO DARUSSALAM,ROKAN HULU,RIAU
PAGARAN TAPAH DARUSSALAM,ROKAN HULU,RIAU
BONAI DARUSSALAM,ROKAN HULU,RIAU
MANDAU,BENGKALIS,RIAU
PINGGIR,BENGKALIS,RIAU
BATHIN SOLAPAN,BENGKALIS,RIAU
TALANG MUANDAU,BENGKALIS,RIAU
BUKIT BATU,BENGKALIS,RIAU
SIAK KECIL,BENGKALIS,RIAU
BANDAR LAKSAMANA,BENGKALIS,RIAU
RUPAT,BENGKALIS,RIAU
RUPAT UTARA,BENGKALIS,RIAU
BENGKALIS,BENGKALIS,RIAU
BANTAN,BENGKALIS,RIAU
TANAH PUTIH,ROKAN HILIR,RIAU
PUJUD,ROKAN HILIR,RIAU
TANAH PUTIH TANJUNG MELAWAN,ROKAN HILIR,RIAU
RANTAU KOPAR,ROKAN HILIR,RIAU
TANJUNG MEDAN,ROKAN HILIR,RIAU
BAGAN SINEMBAH,ROKAN HILIR,RIAU
SIMPANG KANAN,ROKAN HILIR,RIAU
BAGAN SINEMBAH RAYA,ROKAN HILIR,RIAU
BALAI JAYA,ROKAN HILIR,RIAU
KUBU,ROKAN HILIR,RIAU
PASIR LIMAU KAPAS,ROKAN HILIR,RIAU
KUBU BABUSSALAM,ROKAN HILIR,RIAU
BANGKO,ROKAN HILIR,RIAU
SINABOI,ROKAN HILIR,RIAU
BATU HAMPAR,ROKAN HILIR,RIAU
PEKAITAN,ROKAN HILIR,RIAU
RIMBA MELINTANG,ROKAN HILIR,RIAU
BANGKO PUSAKO,ROKAN HILIR,RIAU
TEBING TINGGI BARAT,KEPULAUAN MERANTI,RIAU
TEBING TINGGI,KEPULAUAN MERANTI,RIAU
TEBING TINGGI TIMUR,KEPULAUAN MERANTI,RIAU
RANGSANG,KEPULAUAN MERANTI,RIAU
RANGSANG PESISIR,KEPULAUAN MERANTI,RIAU
RANGSANG BARAT,KEPULAUAN MERANTI,RIAU
MERBAU,KEPULAUAN MERANTI,RIAU
PULAU MERBAU,KEPULAUAN MERANTI,RIAU
TASIK PUTRI PUYU,KEPULAUAN MERANTI,RIAU
TAMPAN,PEKAN BARU,RIAU
TAMPAN,PEKANBARU,RIAU
PAYUNG SEKAKI,PEKANBARU,RIAU
BUKIT RAYA,PEKANBARU,RIAU
MARPOYAN DAMAI,PEKANBARU,RIAU
TENAYAN RAYA,PEKANBARU,RIAU
LIMAPULUH,PEKANBARU,RIAU
SAIL,PEKANBARU,RIAU
PEKANBARU KOTA,PEKANBARU,RIAU
SUKAJADI,PEKANBARU,RIAU
SENAPELAN,PEKANBARU,RIAU
RUMBAI,PEKANBARU,RIAU
RUMBAI PESISIR,PEKANBARU,RIAU
BUKIT KAPUR,D U M A I,RIAU
MEDANG KAMPAI,D U M A I,RIAU
SUNGAI SEMBILAN,D U M A I,RIAU
DUMAI BARAT,D U M A I,RIAU
DUMAI SELATAN,D U M A I,RIAU
DUMAI TIMUR,D U M A I,RIAU
DUMAI KOTA,D U M A I,RIAU
GUNUNG RAYA,KERINCI,JAMBI
BUKIT KERMAN,KERINCI,JAMBI
BATANG MERANGIN,KERINCI,JAMBI
KELILING DANAU,KERINCI,JAMBI
DANAU KERINCI,KERINCI,JAMBI
SITINJAU LAUT,KERINCI,JAMBI
AIR HANGAT,KERINCI,JAMBI
AIR HANGAT TIMUR,KERINCI,JAMBI
DEPATI VII,KERINCI,JAMBI
AIR HANGAT BARAT,KERINCI,JAMBI
GUNUNG KERINCI,KERINCI,JAMBI
SIULAK,KERINCI,JAMBI
SIULAK MUKAI,KERINCI,JAMBI
KAYU ARO,KERINCI,JAMBI
GUNUNG TUJUH,KERINCI,JAMBI
KAYU ARO BARAT,KERINCI,JAMBI
JANGKAT,MERANGIN,JAMBI
SUNGAI TENANG,MERANGIN,JAMBI
MUARA SIAU,MERANGIN,JAMBI
LEMBAH MASURAI,MERANGIN,JAMBI
TIANG PUMPUNG,MERANGIN,JAMBI
PAMENANG,MERANGIN,JAMBI
PAMENANG BARAT,MERANGIN,JAMBI
RENAH PAMENANG,MERANGIN,JAMBI
PAMENANG SELATAN,MERANGIN,JAMBI
BANGKO,MERANGIN,JAMBI
BANGKO BARAT,MERANGIN,JAMBI
NALO TANTAN,MERANGIN,JAMBI
BATANG MASUMAI,MERANGIN,JAMBI
SUNGAI MANAU,MERANGIN,JAMBI
RENAH PEMBARAP,MERANGIN,JAMBI
PANGKALAN JAMBU,MERANGIN,JAMBI
TABIR,MERANGIN,JAMBI
TABIR ULU,MERANGIN,JAMBI
TABIR SELATAN,MERANGIN,JAMBI
TABIR ILIR,MERANGIN,JAMBI
TABIR TIMUR,MERANGIN,JAMBI
TABIR LINTAS,MERANGIN,JAMBI
MARGO TABIR,MERANGIN,JAMBI
TABIR BARAT,MERANGIN,JAMBI
BATANG ASAI,SAROLANGUN,JAMBI
LIMUN,SAROLANGUN,JAMBI
CERMIN NAN GEDANG,SAROLANGUN,JAMBI
PELAWAN,SAROLANGUN,JAMBI
SINGKUT,SAROLANGUN,JAMBI
SAROLANGUN,SAROLANGUN,JAMBI
BATHIN VIII,SAROLANGUN,JAMBI
PAUH,SAROLANGUN,JAMBI
AIR HITAM,SAROLANGUN,JAMBI
MANDIANGIN,SAROLANGUN,JAMBI
MERSAM,BATANG HARI,JAMBI
MARO SEBO ULU,BATANG HARI,JAMBI
BATIN XXIV,BATANG HARI,JAMBI
MUARA TEMBESI,BATANG HARI,JAMBI
MUARA BULIAN,BATANG HARI,JAMBI
BAJUBANG,BATANG HARI,JAMBI
MARO SEBO ILIR,BATANG HARI,JAMBI
PEMAYUNG,BATANG HARI,JAMBI
MESTONG,MUARO JAMBI,JAMBI
SUNGAI BAHAR,MUARO JAMBI,JAMBI
BAHAR SELATAN,MUARO JAMBI,JAMBI
BAHAR UTARA,MUARO JAMBI,JAMBI
KUMPEH ULU,MUARO JAMBI,JAMBI
SUNGAI GELAM,MUARO JAMBI,JAMBI
KUMPEH,MUARO JAMBI,JAMBI
MARO SEBO,MUARO JAMBI,JAMBI
TAMAN RAJO,MUARO JAMBI,JAMBI
JAMBI LUAR KOTA,MUARO JAMBI,JAMBI
SEKERNAN,MUARO JAMBI,JAMBI
MENDAHARA,TANJUNG JABUNG TIMUR,JAMBI
MENDAHARA ULU,TANJUNG JABUNG TIMUR,JAMBI
GERAGAI,TANJUNG JABUNG TIMUR,JAMBI
DENDANG,TANJUNG JABUNG TIMUR,JAMBI
MUARA SABAK BARAT,TANJUNG JABUNG TIMUR,JAMBI
MUARA SABAK TIMUR,TANJUNG JABUNG TIMUR,JAMBI
KUALA JAMBI,TANJUNG JABUNG TIMUR,JAMBI
RANTAU RASAU,TANJUNG JABUNG TIMUR,JAMBI
BERBAK,TANJUNG JABUNG TIMUR,JAMBI
NIPAH PANJANG,TANJUNG JABUNG TIMUR,JAMBI
SADU,TANJUNG JABUNG TIMUR,JAMBI
TUNGKAL ULU,TANJUNG JABUNG BARAT,JAMBI
MERLUNG,TANJUNG JABUNG BARAT,JAMBI
BATANG ASAM,TANJUNG JABUNG BARAT,JAMBI
TEBING TINGGI,TANJUNG JABUNG BARAT,JAMBI
RENAH MENDALUH,TANJUNG JABUNG BARAT,JAMBI
MUARA PAPALIK,TANJUNG JABUNG BARAT,JAMBI
PENGABUAN,TANJUNG JABUNG BARAT,JAMBI
SENYERANG,TANJUNG JABUNG BARAT,JAMBI
TUNGKAL ILIR,TANJUNG JABUNG BARAT,JAMBI
BRAM ITAM,TANJUNG JABUNG BARAT,JAMBI
SEBERANG KOTA,TANJUNG JABUNG BARAT,JAMBI
BETARA,TANJUNG JABUNG BARAT,JAMBI
KUALA BETARA,TANJUNG JABUNG BARAT,JAMBI
TEBO ILIR,TEBO,JAMBI
MUARA TABIR,TEBO,JAMBI
TEBO TENGAH,TEBO,JAMBI
SUMAY,TEBO,JAMBI
TENGAH ILIR,TEBO,JAMBI
RIMBO BUJANG,TEBO,JAMBI
RIMBO ULU,TEBO,JAMBI
RIMBO ILIR,TEBO,JAMBI
TEBO ULU,TEBO,JAMBI
VII KOTO,TEBO,JAMBI
SERAI SERUMPUN,TEBO,JAMBI
VII KOTO ILIR,TEBO,JAMBI
PELEPAT,BUNGO,JAMBI
PELEPAT ILIR,BUNGO,JAMBI
BATHIN II BABEKO,BUNGO,JAMBI
RIMBO TENGAH,BUNGO,JAMBI
BUNGO DANI,BUNGO,JAMBI
PASAR MUARA BUNGO,BUNGO,JAMBI
BATHIN III,BUNGO,JAMBI
RANTAU PANDAN,BUNGO,JAMBI
MUKO-MUKO BATHIN VII,BUNGO,JAMBI
BATHIN III ULU,BUNGO,JAMBI
TANAH SEPENGGAL,BUNGO,JAMBI
TANAH SEPENGGAL LINTAS,BUNGO,JAMBI
TANAH TUMBUH,BUNGO,JAMBI
LIMBUR LUBUK MENGKUANG,BUNGO,JAMBI
BATHIN II PELAYANG,BUNGO,JAMBI
JUJUHAN,BUNGO,JAMBI
JUJUHAN ILIR,BUNGO,JAMBI
KOTA BARU,JAMBI,JAMBI
ALAM BARAJO,JAMBI,JAMBI
JAMBI SELATAN,JAMBI,JAMBI
PAAL MERAH,JAMBI,JAMBI
JELUTUNG,JAMBI,JAMBI
PASAR JAMBI,JAMBI,JAMBI
TELANAIPURA,JAMBI,JAMBI
DANAU SIPIN,JAMBI,JAMBI
DANAU TELUK,JAMBI,JAMBI
PELAYANGAN,JAMBI,JAMBI
JAMBI TIMUR,JAMBI,JAMBI
TANAH KAMPUNG,SUNGAI PENUH,JAMBI
KUMUN DEBAI,SUNGAI PENUH,JAMBI
SUNGAI PENUH,SUNGAI PENUH,JAMBI
PONDOK TINGGI,SUNGAI PENUH,JAMBI
SUNGAI BUNGKAL,SUNGAI PENUH,JAMBI
HAMPARAN RAWANG,SUNGAI PENUH,JAMBI
PESISIR BUKIT,SUNGAI PENUH,JAMBI
KOTO BARU,SUNGAI PENUH,JAMBI
LENGKITI,OGAN KOMERING ULU,SUMATERA SELATAN
SOSOH BUAY RAYAP,OGAN KOMERING ULU,SUMATERA SELATAN
PENGANDONAN,OGAN KOMERING ULU,SUMATERA SELATAN
SEMIDANG AJI,OGAN KOMERING ULU,SUMATERA SELATAN
ULU OGAN,OGAN KOMERING ULU,SUMATERA SELATAN
MUARA JAYA,OGAN KOMERING ULU,SUMATERA SELATAN
PENINJAUAN,OGAN KOMERING ULU,SUMATERA SELATAN
LUBUK BATANG,OGAN KOMERING ULU,SUMATERA SELATAN
SINAR PENINJAUAN,OGAN KOMERING ULU,SUMATERA SELATAN
KEDATON PENINJAUAN RAYA,OGAN KOMERING ULU,SUMATERA SELATAN
BATU RAJA TIMUR,OGAN KOMERING ULU,SUMATERA SELATAN
LUBUK RAJA,OGAN KOMERING ULU,SUMATERA SELATAN
BATU RAJA BARAT,OGAN KOMERING ULU,SUMATERA SELATAN
LEMPUING,OGAN KOMERING ILIR,SUMATERA SELATAN
LEMPUING JAYA,OGAN KOMERING ILIR,SUMATERA SELATAN
MESUJI,OGAN KOMERING ILIR,SUMATERA SELATAN
SUNGAI MENANG,OGAN KOMERING ILIR,SUMATERA SELATAN
MESUJI MAKMUR,OGAN KOMERING ILIR,SUMATERA SELATAN
MESUJI RAYA,OGAN KOMERING ILIR,SUMATERA SELATAN
TULUNG SELAPAN,OGAN KOMERING ILIR,SUMATERA SELATAN
CENGAL,OGAN KOMERING ILIR,SUMATERA SELATAN
PEDAMARAN,OGAN KOMERING ILIR,SUMATERA SELATAN
PEDAMARAN TIMUR,OGAN KOMERING ILIR,SUMATERA SELATAN
TANJUNG LUBUK,OGAN KOMERING ILIR,SUMATERA SELATAN
TELUK GELAM,OGAN KOMERING ILIR,SUMATERA SELATAN
KOTA KAYU AGUNG,OGAN KOMERING ILIR,SUMATERA SELATAN
SIRAH PULAU PADANG,OGAN KOMERING ILIR,SUMATERA SELATAN
JEJAWI,OGAN KOMERING ILIR,SUMATERA SELATAN
PAMPANGAN,OGAN KOMERING ILIR,SUMATERA SELATAN
PANGKALAN LAPAM,OGAN KOMERING ILIR,SUMATERA SELATAN
AIR SUGIHAN,OGAN KOMERING ILIR,SUMATERA SELATAN
SEMENDO DARAT LAUT,MUARA ENIM,SUMATERA SELATAN
SEMENDO DARAT ULU,MUARA ENIM,SUMATERA SELATAN
SEMENDO DARAT TENGAH,MUARA ENIM,SUMATERA SELATAN
TANJUNG AGUNG,MUARA ENIM,SUMATERA SELATAN
RAMBANG,MUARA ENIM,SUMATERA SELATAN
LUBAI,MUARA ENIM,SUMATERA SELATAN
LUBAI ULU,MUARA ENIM,SUMATERA SELATAN
LAWANG KIDUL,MUARA ENIM,SUMATERA SELATAN
MUARA ENIM,MUARA ENIM,SUMATERA SELATAN
UJAN MAS,MUARA ENIM,SUMATERA SELATAN
GUNUNG MEGANG,MUARA ENIM,SUMATERA SELATAN
BENAKAT,MUARA ENIM,SUMATERA SELATAN
BELIMBING,MUARA ENIM,SUMATERA SELATAN
RAMBANG DANGKU,MUARA ENIM,SUMATERA SELATAN
GELUMBANG,MUARA ENIM,SUMATERA SELATAN
LEMBAK,MUARA ENIM,SUMATERA SELATAN
SUNGAI ROTAN,MUARA ENIM,SUMATERA SELATAN
MUARA BELIDA,MUARA ENIM,SUMATERA SELATAN
KELEKAR,MUARA ENIM,SUMATERA SELATAN
BELIDA DARAT,MUARA ENIM,SUMATERA SELATAN
TANJUNG SAKTI PUMI,LAHAT,SUMATERA SELATAN
TANJUNG SAKTI PUMU,LAHAT,SUMATERA SELATAN
KOTA AGUNG,LAHAT,SUMATERA SELATAN
MULAK ULU,LAHAT,SUMATERA SELATAN
TANJUNG TEBAT,LAHAT,SUMATERA SELATAN
MULAK SEBINGKAI,LAHAT,SUMATERA SELATAN
PULAU PINANG,LAHAT,SUMATERA SELATAN
PAGAR GUNUNG,LAHAT,SUMATERA SELATAN
GUMAY ULU,LAHAT,SUMATERA SELATAN
JARAI,LAHAT,SUMATERA SELATAN
PAJAR BULAN,LAHAT,SUMATERA SELATAN
MUARA PAYANG,LAHAT,SUMATERA SELATAN
SUKAMERINDU,LAHAT,SUMATERA SELATAN
KIKIM BARAT,LAHAT,SUMATERA SELATAN
KIKIM TIMUR,LAHAT,SUMATERA SELATAN
KIKIM SELATAN,LAHAT,SUMATERA SELATAN
KIKIM TENGAH,LAHAT,SUMATERA SELATAN
LAHAT,LAHAT,SUMATERA SELATAN
GUMAY TALANG,LAHAT,SUMATERA SELATAN
PSEKSU,LAHAT,SUMATERA SELATAN
LAHAT SELATAN,LAHAT,SUMATERA SELATAN
MERAPI BARAT,LAHAT,SUMATERA SELATAN
MERAPI TIMUR,LAHAT,SUMATERA SELATAN
MERAPI SELATAN,LAHAT,SUMATERA SELATAN
SUKU TENGAH LAKITAN ULU,MUSI RAWAS,SUMATERA SELATAN
SELANGIT,MUSI RAWAS,SUMATERA SELATAN
SUMBER HARTA,MUSI RAWAS,SUMATERA SELATAN
TUGUMULYO,MUSI RAWAS,SUMATERA SELATAN
PURWODADI,MUSI RAWAS,SUMATERA SELATAN
MUARA BELITI,MUSI RAWAS,SUMATERA SELATAN
TIANG PUMPUNG KEPUNGUT,MUSI RAWAS,SUMATERA SELATAN
JAYALOKA,MUSI RAWAS,SUMATERA SELATAN
SUKA KARYA,MUSI RAWAS,SUMATERA SELATAN
MUARA KELINGI,MUSI RAWAS,SUMATERA SELATAN
BULANG TENGAH SUKU ULU,MUSI RAWAS,SUMATERA SELATAN
TUAH NEGERI,MUSI RAWAS,SUMATERA SELATAN
MUARA LAKITAN,MUSI RAWAS,SUMATERA SELATAN
MEGANG SAKTI,MUSI RAWAS,SUMATERA SELATAN
SANGA DESA,MUSI BANYUASIN,SUMATERA SELATAN
BABAT TOMAN,MUSI BANYUASIN,SUMATERA SELATAN
BATANGHARI LEKO,MUSI BANYUASIN,SUMATERA SELATAN
PLAKAT TINGGI,MUSI BANYUASIN,SUMATERA SELATAN
LAWANG WETAN,MUSI BANYUASIN,SUMATERA SELATAN
SUNGAI KERUH,MUSI BANYUASIN,SUMATERA SELATAN
SEKAYU,MUSI BANYUASIN,SUMATERA SELATAN
LAIS,MUSI BANYUASIN,SUMATERA SELATAN
SUNGAI LILIN,MUSI BANYUASIN,SUMATERA SELATAN
KELUANG,MUSI BANYUASIN,SUMATERA SELATAN
BABAT SUPAT,MUSI BANYUASIN,SUMATERA SELATAN
BAYUNG LENCIR,MUSI BANYUASIN,SUMATERA SELATAN
LALAN,MUSI BANYUASIN,SUMATERA SELATAN
TUNGKAL JAYA,MUSI BANYUASIN,SUMATERA SELATAN
RANTAU BAYUR,BANYU ASIN,SUMATERA SELATAN
BETUNG,BANYU ASIN,SUMATERA SELATAN
SUAK TAPEH,BANYU ASIN,SUMATERA SELATAN
PULAU RIMAU,BANYU ASIN,SUMATERA SELATAN
TUNGKAL ILIR,BANYU ASIN,SUMATERA SELATAN
BANYUASIN III,BANYU ASIN,SUMATERA SELATAN
SEMBAWA,BANYU ASIN,SUMATERA SELATAN
TALANG KELAPA,BANYU ASIN,SUMATERA SELATAN
TANJUNG LAGO,BANYU ASIN,SUMATERA SELATAN
BANYUASIN I,BANYU ASIN,SUMATERA SELATAN
AIR KUMBANG,BANYU ASIN,SUMATERA SELATAN
RAMBUTAN,BANYU ASIN,SUMATERA SELATAN
MUARA PADANG,BANYU ASIN,SUMATERA SELATAN
MUARA SUGIHAN,BANYU ASIN,SUMATERA SELATAN
MAKARTI JAYA,BANYU ASIN,SUMATERA SELATAN
AIR SALEH,BANYU ASIN,SUMATERA SELATAN
BANYUASIN II,BANYU ASIN,SUMATERA SELATAN
MUARA TELANG,BANYU ASIN,SUMATERA SELATAN
SUMBER MARGA TELANG,BANYU ASIN,SUMATERA SELATAN
MEKAKAU ILIR,OGAN KOMERING ULU SELATAN,SUMATERA SELATAN
BANDING AGUNG,OGAN KOMERING ULU SELATAN,SUMATERA SELATAN
WARKUK RANAU SELATAN,OGAN KOMERING ULU SELATAN,SUMATERA SELATAN
BUAY PEMATANG RIBU RANAU TENGAH,OGAN KOMERING ULU SELATAN,SUMATERA SELATAN
BUAY PEMACA,OGAN KOMERING ULU SELATAN,SUMATERA SELATAN
SIMPANG,OGAN KOMERING ULU SELATAN,SUMATERA SELATAN
BUANA PEMACA,OGAN KOMERING ULU SELATAN,SUMATERA SELATAN
MUARADUA,OGAN KOMERING ULU SELATAN,SUMATERA SELATAN
BUAY RAWAN,OGAN KOMERING ULU SELATAN,SUMATERA SELATAN
BUAY SANDANG AJI,OGAN KOMERING ULU SELATAN,SUMATERA SELATAN
TIGA DIHAJI,OGAN KOMERING ULU SELATAN,SUMATERA SELATAN
BUAY RUNJUNG,OGAN KOMERING ULU SELATAN,SUMATERA SELATAN
RUNJUNG AGUNG,OGAN KOMERING ULU SELATAN,SUMATERA SELATAN
KISAM TINGGI,OGAN KOMERING ULU SELATAN,SUMATERA SELATAN
MUARADUA KISAM,OGAN KOMERING ULU SELATAN,SUMATERA SELATAN
KISAM ILIR,OGAN KOMERING ULU SELATAN,SUMATERA SELATAN
PULAU BERINGIN,OGAN KOMERING ULU SELATAN,SUMATERA SELATAN
SINDANG DANAU,OGAN KOMERING ULU SELATAN,SUMATERA SELATAN
SUNGAI ARE,OGAN KOMERING ULU SELATAN,SUMATERA SELATAN
MARTAPURA,OGAN KOMERING ULU TIMUR,SUMATERA SELATAN
BUNGA MAYANG,OGAN KOMERING ULU TIMUR,SUMATERA SELATAN
JAYA PURA,OGAN KOMERING ULU TIMUR,SUMATERA SELATAN
BUAY PEMUKA PELIUNG,OGAN KOMERING ULU TIMUR,SUMATERA SELATAN
BUAY MADANG,OGAN KOMERING ULU TIMUR,SUMATERA SELATAN
BUAY MADANG TIMUR,OGAN KOMERING ULU TIMUR,SUMATERA SELATAN
BUAY PEMUKA BANGSA RAJA,OGAN KOMERING ULU TIMUR,SUMATERA SELATAN
MADANG SUKU II,OGAN KOMERING ULU TIMUR,SUMATERA SELATAN
MADANG SUKU III,OGAN KOMERING ULU TIMUR,SUMATERA SELATAN
MADANG SUKU I,OGAN KOMERING ULU TIMUR,SUMATERA SELATAN
BELITANG MADANG RAYA,OGAN KOMERING ULU TIMUR,SUMATERA SELATAN
BELITANG,OGAN KOMERING ULU TIMUR,SUMATERA SELATAN
BELITANG JAYA,OGAN KOMERING ULU TIMUR,SUMATERA SELATAN
BELITANG III,OGAN KOMERING ULU TIMUR,SUMATERA SELATAN
BELITANG II,OGAN KOMERING ULU TIMUR,SUMATERA SELATAN
BELITANG MULYA,OGAN KOMERING ULU TIMUR,SUMATERA SELATAN
SEMENDAWAI SUKU III,OGAN KOMERING ULU TIMUR,SUMATERA SELATAN
SEMENDAWAI TIMUR,OGAN KOMERING ULU TIMUR,SUMATERA SELATAN
CEMPAKA,OGAN KOMERING ULU TIMUR,SUMATERA SELATAN
SEMENDAWAI BARAT,OGAN KOMERING ULU TIMUR,SUMATERA SELATAN
MUARA KUANG,OGAN ILIR,SUMATERA SELATAN
RAMBANG KUANG,OGAN ILIR,SUMATERA SELATAN
LUBUK KELIAT,OGAN ILIR,SUMATERA SELATAN
TANJUNG BATU,OGAN ILIR,SUMATERA SELATAN
PAYARAMAN,OGAN ILIR,SUMATERA SELATAN
RANTAU ALAI,OGAN ILIR,SUMATERA SELATAN
KANDIS,OGAN ILIR,SUMATERA SELATAN
TANJUNG RAJA,OGAN ILIR,SUMATERA SELATAN
RANTAU PANJANG,OGAN ILIR,SUMATERA SELATAN
SUNGAI PINANG,OGAN ILIR,SUMATERA SELATAN
PEMULUTAN,OGAN ILIR,SUMATERA SELATAN
PEMULUTAN SELATAN,OGAN ILIR,SUMATERA SELATAN
PEMULUTAN BARAT,OGAN ILIR,SUMATERA SELATAN
INDRALAYA,OGAN ILIR,SUMATERA SELATAN
INDRALAYA UTARA,OGAN ILIR,SUMATERA SELATAN
INDRALAYA SELATAN,OGAN ILIR,SUMATERA SELATAN
MUARA PINANG,EMPAT LAWANG,SUMATERA SELATAN
LINTANG KANAN,EMPAT LAWANG,SUMATERA SELATAN
PENDOPO,EMPAT LAWANG,SUMATERA SELATAN
PENDOPO BARAT,EMPAT LAWANG,SUMATERA SELATAN
PASEMAH AIR KERUH,EMPAT LAWANG,SUMATERA SELATAN
ULU MUSI,EMPAT LAWANG,SUMATERA SELATAN
SIKAP DALAM,EMPAT LAWANG,SUMATERA SELATAN
TALANG PADANG,EMPAT LAWANG,SUMATERA SELATAN
TEBING TINGGI,EMPAT LAWANG,SUMATERA SELATAN
SALING,EMPAT LAWANG,SUMATERA SELATAN
TALANG UBI,PENUKAL ABAB LEMATANG ILIR,SUMATERA SELATAN
TANAH ABANG,PENUKAL ABAB LEMATANG ILIR,SUMATERA SELATAN
ABAB,PENUKAL ABAB LEMATANG ILIR,SUMATERA SELATAN
PENUKAL,PENUKAL ABAB LEMATANG ILIR,SUMATERA SELATAN
PENUKAL UTARA,PENUKAL ABAB LEMATANG ILIR,SUMATERA SELATAN
ULU RAWAS,MUSI RAWAS UTARA,SUMATERA SELATAN
KARANG JAYA,MUSI RAWAS UTARA,SUMATERA SELATAN
RAWAS ULU,MUSI RAWAS UTARA,SUMATERA SELATAN
RUPIT,MUSI RAWAS UTARA,SUMATERA SELATAN
KARANG DAPO,MUSI RAWAS UTARA,SUMATERA SELATAN
RAWAS ILIR,MUSI RAWAS UTARA,SUMATERA SELATAN
NIBUNG,MUSI RAWAS UTARA,SUMATERA SELATAN
ILIR BARAT II,PALEMBANG,SUMATERA SELATAN
GANDUS,PALEMBANG,SUMATERA SELATAN
SEBERANG ULU I,PALEMBANG,SUMATERA SELATAN
KERTAPATI,PALEMBANG,SUMATERA SELATAN
JAKABARING,PALEMBANG,SUMATERA SELATAN
SEBERANG ULU II,PALEMBANG,SUMATERA SELATAN
PLAJU,PALEMBANG,SUMATERA SELATAN
ILIR BARAT I,PALEMBANG,SUMATERA SELATAN
BUKIT KECIL,PALEMBANG,SUMATERA SELATAN
ILIR TIMUR I,PALEMBANG,SUMATERA SELATAN
KEMUNING,PALEMBANG,SUMATERA SELATAN
ILIR TIMUR II,PALEMBANG,SUMATERA SELATAN
KALIDONI,PALEMBANG,SUMATERA SELATAN
ILIR TIMUR III,PALEMBANG,SUMATERA SELATAN
SAKO,PALEMBANG,SUMATERA SELATAN
SEMATANG BORANG,PALEMBANG,SUMATERA SELATAN
SUKARAMI,PALEMBANG,SUMATERA SELATAN
ALANG ALANG LEBAR,PALEMBANG,SUMATERA SELATAN
RAMBANG KAPAK TENGAH,PRABUMULIH,SUMATERA SELATAN
PRABUMULIH TIMUR,PRABUMULIH,SUMATERA SELATAN
PRABUMULIH SELATAN,PRABUMULIH,SUMATERA SELATAN
PRABUMULIH BARAT,PRABUMULIH,SUMATERA SELATAN
PRABUMULIH UTARA,PRABUMULIH,SUMATERA SELATAN
CAMBAI,PRABUMULIH,SUMATERA SELATAN
DEMPO SELATAN,PAGAR ALAM,SUMATERA SELATAN
DEMPO TENGAH,PAGAR ALAM,SUMATERA SELATAN
DEMPO UTARA,PAGAR ALAM,SUMATERA SELATAN
PAGAR ALAM SELATAN,PAGAR ALAM,SUMATERA SELATAN
PAGAR ALAM UTARA,PAGAR ALAM,SUMATERA SELATAN
LUBUK LINGGAU BARAT I,LUBUKLINGGAU,SUMATERA SELATAN
LUBUK LINGGAU BARAT II,LUBUKLINGGAU,SUMATERA SELATAN
LUBUK LINGGAU SELATAN I,LUBUKLINGGAU,SUMATERA SELATAN
LUBUK LINGGAU SELATAN II,LUBUKLINGGAU,SUMATERA SELATAN
LUBUK LINGGAU TIMUR I,LUBUKLINGGAU,SUMATERA SELATAN
LUBUK LINGGAU TIMUR II,LUBUKLINGGAU,SUMATERA SELATAN
LUBUK LINGGAU UTARA I,LUBUKLINGGAU,SUMATERA SELATAN
LUBUK LINGGAU UTARA II,LUBUKLINGGAU,SUMATERA SELATAN
MANNA,BENGKULU SELATAN,BENGKULU
KOTA MANNA,BENGKULU SELATAN,BENGKULU
KEDURANG,BENGKULU SELATAN,BENGKULU
BUNGA MAS,BENGKULU SELATAN,BENGKULU
PASAR MANNA,BENGKULU SELATAN,BENGKULU
KEDURANG ILIR,BENGKULU SELATAN,BENGKULU
SEGINIM,BENGKULU SELATAN,BENGKULU
AIR NIPIS,BENGKULU SELATAN,BENGKULU
PINO,BENGKULU SELATAN,BENGKULU
PINORAYA,BENGKULU SELATAN,BENGKULU
ULU MANNA,BENGKULU SELATAN,BENGKULU
KOTA PADANG,REJANG LEBONG,BENGKULU
SINDANG BELITI ILIR,REJANG LEBONG,BENGKULU
PADANG ULAK TANDING,REJANG LEBONG,BENGKULU
SINDANG KELINGI,REJANG LEBONG,BENGKULU
BINDU RIANG,REJANG LEBONG,BENGKULU
SINDANG BELITI ULU,REJANG LEBONG,BENGKULU
SINDANG DATARAN,REJANG LEBONG,BENGKULU
CURUP,REJANG LEBONG,BENGKULU
BERMANI ULU,REJANG LEBONG,BENGKULU
SELUPU REJANG,REJANG LEBONG,BENGKULU
CURUP SELATAN,REJANG LEBONG,BENGKULU
CURUP TENGAH,REJANG LEBONG,BENGKULU
BERMANI ULU RAYA,REJANG LEBONG,BENGKULU
CURUP UTARA,REJANG LEBONG,BENGKULU
CURUP TIMUR,REJANG LEBONG,BENGKULU
ENGGANO,BENGKULU UTARA,BENGKULU
KERKAP,BENGKULU UTARA,BENGKULU
AIR NAPAL,BENGKULU UTARA,BENGKULU
AIR BESI,BENGKULU UTARA,BENGKULU
HULU PALIK,BENGKULU UTARA,BENGKULU
TANJUNG AGUNG PALIK,BENGKULU UTARA,BENGKULU
ARGA MAKMUR,BENGKULU UTARA,BENGKULU
ARMA JAYA,BENGKULU UTARA,BENGKULU
LAIS,BENGKULU UTARA,BENGKULU
BATIK NAU,BENGKULU UTARA,BENGKULU
GIRI MULYA,BENGKULU UTARA,BENGKULU
AIR PADANG,BENGKULU UTARA,BENGKULU
PADANG JAYA,BENGKULU UTARA,BENGKULU
KETAHUN,BENGKULU UTARA,BENGKULU
NAPAL PUTIH,BENGKULU UTARA,BENGKULU
ULOK KUPAI,BENGKULU UTARA,BENGKULU
PINANG RAYA,BENGKULU UTARA,BENGKULU
PUTRI HIJAU,BENGKULU UTARA,BENGKULU
MARGA SAKTI SEBELAT,BENGKULU UTARA,BENGKULU
NASAL,KAUR,BENGKULU
MAJE,KAUR,BENGKULU
KAUR SELATAN,KAUR,BENGKULU
TETAP,KAUR,BENGKULU
KAUR TENGAH,KAUR,BENGKULU
LUAS,KAUR,BENGKULU
MUARA SAHUNG,KAUR,BENGKULU
KINAL,KAUR,BENGKULU
SEMIDANG GUMAY,KAUR,BENGKULU
TANJUNG KEMUNING,KAUR,BENGKULU
KELAM TENGAH,KAUR,BENGKULU
KAUR UTARA,KAUR,BENGKULU
PADANG GUCI HILIR,KAUR,BENGKULU
LUNGKANG KULE,KAUR,BENGKULU
PADANG GUCI HULU,KAUR,BENGKULU
SEMIDANG ALAS MARAS,SELUMA,BENGKULU
SEMIDANG ALAS,SELUMA,BENGKULU
TALO,SELUMA,BENGKULU
ILIR TALO,SELUMA,BENGKULU
TALO KECIL,SELUMA,BENGKULU
ULU TALO,SELUMA,BENGKULU
SELUMA,SELUMA,BENGKULU
SELUMA SELATAN,SELUMA,BENGKULU
SELUMA BARAT,SELUMA,BENGKULU
SELUMA TIMUR,SELUMA,BENGKULU
SELUMA UTARA,SELUMA,BENGKULU
SUKARAJA,SELUMA,BENGKULU
AIR PERIUKAN,SELUMA,BENGKULU
LUBUK SANDI,SELUMA,BENGKULU
IPUH,MUKOMUKO,BENGKULU
AIR RAMI,MUKOMUKO,BENGKULU
MALIN DEMAN,MUKOMUKO,BENGKULU
PONDOK SUGUH,MUKOMUKO,BENGKULU
SUNGAI RUMBAI,MUKOMUKO,BENGKULU
TERAMANG JAYA,MUKOMUKO,BENGKULU
TERAS TERUNJAM,MUKOMUKO,BENGKULU
PENARIK,MUKOMUKO,BENGKULU
SELAGAN RAYA,MUKOMUKO,BENGKULU
KOTA MUKOMUKO,MUKOMUKO,BENGKULU
AIR DIKIT,MUKOMUKO,BENGKULU
XIV KOTO,MUKOMUKO,BENGKULU
LUBUK PINANG,MUKOMUKO,BENGKULU
AIR MANJUNTO,MUKOMUKO,BENGKULU
V KOTO,MUKOMUKO,BENGKULU
RIMBO PENGADANG,LEBONG,BENGKULU
TOPOS,LEBONG,BENGKULU
LEBONG SELATAN,LEBONG,BENGKULU
BINGIN KUNING,LEBONG,BENGKULU
LEBONG TENGAH,LEBONG,BENGKULU
LEBONG SAKTI,LEBONG,BENGKULU
LEBONG ATAS,LEBONG,BENGKULU
PELABAI,LEBONG,BENGKULU
LEBONG UTARA,LEBONG,BENGKULU
AMEN,LEBONG,BENGKULU
URAM JAYA,LEBONG,BENGKULU
PINANG BELAPIS,LEBONG,BENGKULU
MUARA KEMUMU,KEPAHIANG,BENGKULU
BERMANI ILIR,KEPAHIANG,BENGKULU
SEBERANG MUSI,KEPAHIANG,BENGKULU
TEBAT KARAI,KEPAHIANG,BENGKULU
KEPAHIANG,KEPAHIANG,BENGKULU
KABA WETAN,KEPAHIANG,BENGKULU
UJAN MAS,KEPAHIANG,BENGKULU
MERIGI,KEPAHIANG,BENGKULU
TALANG EMPAT,BENGKULU TENGAH,BENGKULU
KARANG TINGGI,BENGKULU TENGAH,BENGKULU
TABA PENANJUNG,BENGKULU TENGAH,BENGKULU
MERIGI KELINDANG,BENGKULU TENGAH,BENGKULU
PAGAR JATI,BENGKULU TENGAH,BENGKULU
MERIGI SAKTI,BENGKULU TENGAH,BENGKULU
PONDOK KELAPA,BENGKULU TENGAH,BENGKULU
PONDOK KUBANG,BENGKULU TENGAH,BENGKULU
PEMATANG TIGA,BENGKULU TENGAH,BENGKULU
BANG HAJI,BENGKULU TENGAH,BENGKULU
SELEBAR,BENGKULU,BENGKULU
KAMPUNG MELAYU,BENGKULU,BENGKULU
GADING CEMPAKA,BENGKULU,BENGKULU
RATU AGUNG,BENGKULU,BENGKULU
RATU SAMBAN,BENGKULU,BENGKULU
SINGARAN PATI,BENGKULU,BENGKULU
TELUK SEGARA,BENGKULU,BENGKULU
SUNGAI SERUT,BENGKULU,BENGKULU
MUARA BANGKA HULU,BENGKULU,BENGKULU
BALIK BUKIT,LAMPUNG,LAMPUNG
BALIK BUKIT,LAMPUNG BARAT,LAMPUNG
SUKAU,LAMPUNG BARAT,LAMPUNG
LUMBOK SEMINUNG,LAMPUNG BARAT,LAMPUNG
BELALAU,LAMPUNG BARAT,LAMPUNG
SEKINCAU,LAMPUNG BARAT,LAMPUNG
SUOH,LAMPUNG BARAT,LAMPUNG
BATU BRAK,LAMPUNG BARAT,LAMPUNG
PAGAR DEWA,LAMPUNG BARAT,LAMPUNG
BATU KETULIS,LAMPUNG BARAT,LAMPUNG
BANDAR NEGERI SUOH,LAMPUNG BARAT,LAMPUNG
SUMBER JAYA,LAMPUNG BARAT,LAMPUNG
WAY TENONG,LAMPUNG BARAT,LAMPUNG
GEDUNG SURIAN,LAMPUNG BARAT,LAMPUNG
KEBUN TEBU,LAMPUNG BARAT,LAMPUNG
AIR HITAM,LAMPUNG BARAT,LAMPUNG
WONOSOBO,TANGGAMUS,LAMPUNG
SEMAKA,TANGGAMUS,LAMPUNG
BANDAR NEGERI SEMUONG,TANGGAMUS,LAMPUNG
KOTA AGUNG,TANGGAMUS,LAMPUNG
PEMATANG SAWA,TANGGAMUS,LAMPUNG
KOTA AGUNG TIMUR,TANGGAMUS,LAMPUNG
KOTA AGUNG BARAT,TANGGAMUS,LAMPUNG
PULAU PANGGUNG,TANGGAMUS,LAMPUNG
ULUBELU,TANGGAMUS,LAMPUNG
AIR NANINGAN,TANGGAMUS,LAMPUNG
TALANG PADANG,TANGGAMUS,LAMPUNG
SUMBEREJO,TANGGAMUS,LAMPUNG
GISTING,TANGGAMUS,LAMPUNG
GUNUNG ALIP,TANGGAMUS,LAMPUNG
PUGUNG,TANGGAMUS,LAMPUNG
BULOK,TANGGAMUS,LAMPUNG
CUKUH BALAK,TANGGAMUS,LAMPUNG
KELUMBAYAN,TANGGAMUS,LAMPUNG
LIMAU,TANGGAMUS,LAMPUNG
KELUMBAYAN BARAT,TANGGAMUS,LAMPUNG
NATAR,LAMPUNG SELATAN,LAMPUNG
JATI AGUNG,LAMPUNG SELATAN,LAMPUNG
TANJUNG BINTANG,LAMPUNG SELATAN,LAMPUNG
TANJUNG SARI,LAMPUNG SELATAN,LAMPUNG
KATIBUNG,LAMPUNG SELATAN,LAMPUNG
MERBAU MATARAM,LAMPUNG SELATAN,LAMPUNG
WAY SULAN,LAMPUNG SELATAN,LAMPUNG
SIDOMULYO,LAMPUNG SELATAN,LAMPUNG
CANDIPURO,LAMPUNG SELATAN,LAMPUNG
WAY PANJI,LAMPUNG SELATAN,LAMPUNG
KALIANDA,LAMPUNG SELATAN,LAMPUNG
RAJABASA,LAMPUNG SELATAN,LAMPUNG
PALAS,LAMPUNG SELATAN,LAMPUNG
SRAGI,LAMPUNG SELATAN,LAMPUNG
PENENGAHAN,LAMPUNG SELATAN,LAMPUNG
KETAPANG,LAMPUNG SELATAN,LAMPUNG
BAKAUHENI,LAMPUNG SELATAN,LAMPUNG
METRO KIBANG,LAMPUNG TIMUR,LAMPUNG
BATANGHARI,LAMPUNG TIMUR,LAMPUNG
SEKAMPUNG,LAMPUNG TIMUR,LAMPUNG
MARGATIGA,LAMPUNG TIMUR,LAMPUNG
SEKAMPUNG UDIK,LAMPUNG TIMUR,LAMPUNG
JABUNG,LAMPUNG TIMUR,LAMPUNG
PASIR SAKTI,LAMPUNG TIMUR,LAMPUNG
WAWAY KARYA,LAMPUNG TIMUR,LAMPUNG
MARGA SEKAMPUNG,LAMPUNG TIMUR,LAMPUNG
LABUHAN MARINGGAI,LAMPUNG TIMUR,LAMPUNG
MATARAM BARU,LAMPUNG TIMUR,LAMPUNG
BANDAR SRIBAWONO,LAMPUNG TIMUR,LAMPUNG
MELINTING,LAMPUNG TIMUR,LAMPUNG
GUNUNG PELINDUNG,LAMPUNG TIMUR,LAMPUNG
WAY JEPARA,LAMPUNG TIMUR,LAMPUNG
BRAJA SLEBAH,LAMPUNG TIMUR,LAMPUNG
LABUHAN RATU,LAMPUNG TIMUR,LAMPUNG
SUKADANA,LAMPUNG TIMUR,LAMPUNG
BUMI AGUNG,LAMPUNG TIMUR,LAMPUNG
BATANGHARI NUBAN,LAMPUNG TIMUR,LAMPUNG
PEKALONGAN,LAMPUNG TIMUR,LAMPUNG
RAMAN UTARA,LAMPUNG TIMUR,LAMPUNG
PURBOLINGGO,LAMPUNG TIMUR,LAMPUNG
WAY BUNGUR,LAMPUNG TIMUR,LAMPUNG
PADANG RATU,LAMPUNG TENGAH,LAMPUNG
SELAGAI LINGGA,LAMPUNG TENGAH,LAMPUNG
PUBIAN,LAMPUNG TENGAH,LAMPUNG
ANAK TUHA,LAMPUNG TENGAH,LAMPUNG
ANAK RATU AJI,LAMPUNG TENGAH,LAMPUNG
KALIREJO,LAMPUNG TENGAH,LAMPUNG
SENDANG AGUNG,LAMPUNG TENGAH,LAMPUNG
BANGUNREJO,LAMPUNG TENGAH,LAMPUNG
GUNUNG SUGIH,LAMPUNG TENGAH,LAMPUNG
BEKRI,LAMPUNG TENGAH,LAMPUNG
BUMI RATU NUBAN,LAMPUNG TENGAH,LAMPUNG
TRIMURJO,LAMPUNG TENGAH,LAMPUNG
PUNGGUR,LAMPUNG TENGAH,LAMPUNG
KOTA GAJAH,LAMPUNG TENGAH,LAMPUNG
SEPUTIH RAMAN,LAMPUNG TENGAH,LAMPUNG
TERBANGGI BESAR,LAMPUNG TENGAH,LAMPUNG
SEPUTIH AGUNG,LAMPUNG TENGAH,LAMPUNG
WAY PENGUBUAN,LAMPUNG TENGAH,LAMPUNG
TERUSAN NUNYAI,LAMPUNG TENGAH,LAMPUNG
SEPUTIH MATARAM,LAMPUNG TENGAH,LAMPUNG
BANDAR MATARAM,LAMPUNG TENGAH,LAMPUNG
SEPUTIH BANYAK,LAMPUNG TENGAH,LAMPUNG
WAY SEPUTIH,LAMPUNG TENGAH,LAMPUNG
RUMBIA,LAMPUNG TENGAH,LAMPUNG
BUMI NABUNG,LAMPUNG TENGAH,LAMPUNG
PUTRA RUMBIA,LAMPUNG TENGAH,LAMPUNG
SEPUTIH SURABAYA,LAMPUNG TENGAH,LAMPUNG
BANDAR SURABAYA,LAMPUNG TENGAH,LAMPUNG
BUKIT KEMUNING,LAMPUNG UTARA,LAMPUNG
ABUNG TINGGI,LAMPUNG UTARA,LAMPUNG
TANJUNG RAJA,LAMPUNG UTARA,LAMPUNG
ABUNG BARAT,LAMPUNG UTARA,LAMPUNG
ABUNG TENGAH,LAMPUNG UTARA,LAMPUNG
ABUNG  KUNANG,LAMPUNG UTARA,LAMPUNG
ABUNG PEKURUN,LAMPUNG UTARA,LAMPUNG
KOTABUMI,LAMPUNG UTARA,LAMPUNG
KOTABUMI UTARA,LAMPUNG UTARA,LAMPUNG
KOTABUMI SELATAN,LAMPUNG UTARA,LAMPUNG
ABUNG SELATAN,LAMPUNG UTARA,LAMPUNG
ABUNG SEMULI,LAMPUNG UTARA,LAMPUNG
BLAMBANGAN PAGAR,LAMPUNG UTARA,LAMPUNG
ABUNG TIMUR,LAMPUNG UTARA,LAMPUNG
ABUNG SURAKARTA,LAMPUNG UTARA,LAMPUNG
SUNGKAI SELATAN,LAMPUNG UTARA,LAMPUNG
MUARA SUNGKAI,LAMPUNG UTARA,LAMPUNG
BUNGA MAYANG,LAMPUNG UTARA,LAMPUNG
SUNGKAI  BARAT,LAMPUNG UTARA,LAMPUNG
SUNGKAI JAYA,LAMPUNG UTARA,LAMPUNG
SUNGKAI UTARA,LAMPUNG UTARA,LAMPUNG
HULUSUNGKAI,LAMPUNG UTARA,LAMPUNG
SUNGKAI TENGAH,LAMPUNG UTARA,LAMPUNG
BANJIT,WAY KANAN,LAMPUNG
BARADATU,WAY KANAN,LAMPUNG
GUNUNG LABUHAN,WAY KANAN,LAMPUNG
KASUI,WAY KANAN,LAMPUNG
REBANG TANGKAS,WAY KANAN,LAMPUNG
BLAMBANGAN UMPU,WAY KANAN,LAMPUNG
WAY TUBA,WAY KANAN,LAMPUNG
NEGERI AGUNG,WAY KANAN,LAMPUNG
BAHUGA,WAY KANAN,LAMPUNG
BUAY  BAHUGA,WAY KANAN,LAMPUNG
BUMI AGUNG,WAY KANAN,LAMPUNG
PAKUAN RATU,WAY KANAN,LAMPUNG
NEGARA BATIN,WAY KANAN,LAMPUNG
NEGERI BESAR,WAY KANAN,LAMPUNG
BANJAR AGUNG,TULANGBAWANG,LAMPUNG
BANJAR MARGO,TULANGBAWANG,LAMPUNG
BANJAR BARU,TULANGBAWANG,LAMPUNG
GEDUNG AJI,TULANGBAWANG,LAMPUNG
PENAWAR AJI,TULANGBAWANG,LAMPUNG
MERAKSA AJI,TULANGBAWANG,LAMPUNG
MENGGALA,TULANGBAWANG,LAMPUNG
PENAWAR TAMA,TULANGBAWANG,LAMPUNG
RAWAJITU SELATAN,TULANGBAWANG,LAMPUNG
GEDUNG MENENG,TULANGBAWANG,LAMPUNG
RAWAJITU TIMUR,TULANGBAWANG,LAMPUNG
RAWA PITU,TULANGBAWANG,LAMPUNG
GEDUNG AJI BARU,TULANGBAWANG,LAMPUNG
DENTE TELADAS,TULANGBAWANG,LAMPUNG
MENGGALA TIMUR,TULANGBAWANG,LAMPUNG
PUNDUH PIDADA,PESAWARAN,LAMPUNG
MARGA PUNDUH,PESAWARAN,LAMPUNG
PADANG CERMIN,PESAWARAN,LAMPUNG
TELUK PANDAN,PESAWARAN,LAMPUNG
WAY RATAI,PESAWARAN,LAMPUNG
KEDONDONG,PESAWARAN,LAMPUNG
WAY KHILAU,PESAWARAN,LAMPUNG
WAY LIMA,PESAWARAN,LAMPUNG
GEDUNG TATAAN,PESAWARAN,LAMPUNG
NEGERI KATON,PESAWARAN,LAMPUNG
TEGINENENG,PESAWARAN,LAMPUNG
PARDASUKA,PRINGSEWU,LAMPUNG
AMBARAWA,PRINGSEWU,LAMPUNG
PAGELARAN,PRINGSEWU,LAMPUNG
PAGELARAN UTARA,PRINGSEWU,LAMPUNG
PRINGSEWU,PRINGSEWU,LAMPUNG
GADING REJO,PRINGSEWU,LAMPUNG
SUKOHARJO,PRINGSEWU,LAMPUNG
BANYUMAS,PRINGSEWU,LAMPUNG
ADI LUWIH,PRINGSEWU,LAMPUNG
WAY SERDANG,MESUJI,LAMPUNG
SIMPANG PEMATANG,MESUJI,LAMPUNG
PANCA JAYA,MESUJI,LAMPUNG
TANJUNG RAYA,MESUJI,LAMPUNG
MESUJI,MESUJI,LAMPUNG
MESUJI TIMUR,MESUJI,LAMPUNG
RAWAJITU UTARA,MESUJI,LAMPUNG
TULANG BAWANG UDIK,TULANG BAWANG BARAT,LAMPUNG
TUMI JAJAR,TULANG BAWANG BARAT,LAMPUNG
TULANG BAWANG TENGAH,TULANG BAWANG BARAT,LAMPUNG
PAGAR DEWA,TULANG BAWANG BARAT,LAMPUNG
LAMBU KIBANG,TULANG BAWANG BARAT,LAMPUNG
GUNUNG TERANG,TULANG BAWANG BARAT,LAMPUNG
BATU PUTIH,TULANG BAWANG BARAT,LAMPUNG
GUNUNG AGUNG,TULANG BAWANG BARAT,LAMPUNG
WAY KENANGA,TULANG BAWANG BARAT,LAMPUNG
LEMONG,PESISIR BARAT,LAMPUNG
PESISIR UTARA,PESISIR BARAT,LAMPUNG
PULAU PISANG,PESISIR BARAT,LAMPUNG
KARYA PENGGAWA,PESISIR BARAT,LAMPUNG
WAY KRUI,PESISIR BARAT,LAMPUNG
PESISIR TENGAH,PESISIR BARAT,LAMPUNG
KRUI SELATAN,PESISIR BARAT,LAMPUNG
PESISIR SELATAN,PESISIR BARAT,LAMPUNG
NGAMBUR,PESISIR BARAT,LAMPUNG
BENGKUNAT,PESISIR BARAT,LAMPUNG
BENGKUNAT BELIMBING,PESISIR BARAT,LAMPUNG
TELUK BETUNG BARAT,BANDAR LAMPUNG,LAMPUNG
TELUKBETUNG TIMUR,BANDAR LAMPUNG,LAMPUNG
TELUK BETUNG SELATAN,BANDAR LAMPUNG,LAMPUNG
BUMI WARAS,BANDAR LAMPUNG,LAMPUNG
PANJANG,BANDAR LAMPUNG,LAMPUNG
TANJUNG KARANG TIMUR,BANDAR LAMPUNG,LAMPUNG
KEDAMAIAN,BANDAR LAMPUNG,LAMPUNG
TELUK BETUNG UTARA,BANDAR LAMPUNG,LAMPUNG
TANJUNG KARANG PUSAT,BANDAR LAMPUNG,LAMPUNG
ENGGAL,BANDAR LAMPUNG,LAMPUNG
TANJUNG KARANG BARAT,BANDAR LAMPUNG,LAMPUNG
KEMILING,BANDAR LAMPUNG,LAMPUNG
LANGKAPURA,BANDAR LAMPUNG,LAMPUNG
KEDATON,BANDAR LAMPUNG,LAMPUNG
RAJABASA,BANDAR LAMPUNG,LAMPUNG
TANJUNG SENANG,BANDAR LAMPUNG,LAMPUNG
LABUHAN RATU,BANDAR LAMPUNG,LAMPUNG
SUKARAME,BANDAR LAMPUNG,LAMPUNG
SUKABUMI,BANDAR LAMPUNG,LAMPUNG
WAY HALIM,BANDAR LAMPUNG,LAMPUNG
METRO SELATAN,METRO,LAMPUNG
METRO BARAT,METRO,LAMPUNG
METRO TIMUR,METRO,LAMPUNG
METRO PUSAT,METRO,LAMPUNG
METRO UTARA,METRO,LAMPUNG
MENDO BARAT,BANGKA,KEPULAUAN BANGKA BELITUNG
MERAWANG,BANGKA,KEPULAUAN BANGKA BELITUNG
PUDING BESAR,BANGKA,KEPULAUAN BANGKA BELITUNG
SUNGAI LIAT,BANGKA,KEPULAUAN BANGKA BELITUNG
PEMALI,BANGKA,KEPULAUAN BANGKA BELITUNG
BAKAM,BANGKA,KEPULAUAN BANGKA BELITUNG
BELINYU,BANGKA,KEPULAUAN BANGKA BELITUNG
RIAU SILIP,BANGKA,KEPULAUAN BANGKA BELITUNG
MEMBALONG,BELITUNG,KEPULAUAN BANGKA BELITUNG
TANJUNG PANDAN,BELITUNG,KEPULAUAN BANGKA BELITUNG
BADAU,BELITUNG,KEPULAUAN BANGKA BELITUNG
SIJUK,BELITUNG,KEPULAUAN BANGKA BELITUNG
SELAT NASIK,BELITUNG,KEPULAUAN BANGKA BELITUNG
KELAPA,BANGKA BARAT,KEPULAUAN BANGKA BELITUNG
TEMPILANG,BANGKA BARAT,KEPULAUAN BANGKA BELITUNG
MENTOK,BANGKA BARAT,KEPULAUAN BANGKA BELITUNG
SIMPANG TERITIP,BANGKA BARAT,KEPULAUAN BANGKA BELITUNG
JEBUS,BANGKA BARAT,KEPULAUAN BANGKA BELITUNG
PARITTIGA,BANGKA BARAT,KEPULAUAN BANGKA BELITUNG
KOBA,BANGKA TENGAH,KEPULAUAN BANGKA BELITUNG
LUBUK BESAR,BANGKA TENGAH,KEPULAUAN BANGKA BELITUNG
PANGKALAN BARU,BANGKA TENGAH,KEPULAUAN BANGKA BELITUNG
NAMANG,BANGKA TENGAH,KEPULAUAN BANGKA BELITUNG
SUNGAI SELAN,BANGKA TENGAH,KEPULAUAN BANGKA BELITUNG
SIMPANG KATIS,BANGKA TENGAH,KEPULAUAN BANGKA BELITUNG
PAYUNG,BANGKA SELATAN,KEPULAUAN BANGKA BELITUNG
PULAU BESAR,BANGKA SELATAN,KEPULAUAN BANGKA BELITUNG
SIMPANG RIMBA,BANGKA SELATAN,KEPULAUAN BANGKA BELITUNG
TOBOALI,BANGKA SELATAN,KEPULAUAN BANGKA BELITUNG
TUKAK SADAI,BANGKA SELATAN,KEPULAUAN BANGKA BELITUNG
AIR GEGAS,BANGKA SELATAN,KEPULAUAN BANGKA BELITUNG
LEPAR PONGOK,BANGKA SELATAN,KEPULAUAN BANGKA BELITUNG
KEPULAUAN PONGOK,BANGKA SELATAN,KEPULAUAN BANGKA BELITUNG
DENDANG,BELITUNG TIMUR,KEPULAUAN BANGKA BELITUNG
SIMPANG PESAK,BELITUNG TIMUR,KEPULAUAN BANGKA BELITUNG
GANTUNG,BELITUNG TIMUR,KEPULAUAN BANGKA BELITUNG
SIMPANG RENGGIANG,BELITUNG TIMUR,KEPULAUAN BANGKA BELITUNG
MANGGAR,BELITUNG TIMUR,KEPULAUAN BANGKA BELITUNG
DAMAR,BELITUNG TIMUR,KEPULAUAN BANGKA BELITUNG
KELAPA KAMPIT,BELITUNG TIMUR,KEPULAUAN BANGKA BELITUNG
RANGKUI,PANGKAL PINANG,KEPULAUAN BANGKA BELITUNG
BUKIT INTAN,PANGKAL PINANG,KEPULAUAN BANGKA BELITUNG
GIRIMAYA,PANGKAL PINANG,KEPULAUAN BANGKA BELITUNG
PANGKAL BALAM,PANGKAL PINANG,KEPULAUAN BANGKA BELITUNG
GABEK,PANGKAL PINANG,KEPULAUAN BANGKA BELITUNG
TAMAN SARI,PANGKAL PINANG,KEPULAUAN BANGKA BELITUNG
GERUNGGANG,PANGKAL PINANG,KEPULAUAN BANGKA BELITUNG
MORO,KARIMUN,KEPULAUAN RIAU
DURAI,KARIMUN,KEPULAUAN RIAU
KUNDUR,KARIMUN,KEPULAUAN RIAU
KUNDUR UTARA,KARIMUN,KEPULAUAN RIAU
KUNDUR BARAT,KARIMUN,KEPULAUAN RIAU
UNGAR,KARIMUN,KEPULAUAN RIAU
BELAT,KARIMUN,KEPULAUAN RIAU
KARIMUN,KARIMUN,KEPULAUAN RIAU
BURU,KARIMUN,KEPULAUAN RIAU
MERAL,KARIMUN,KEPULAUAN RIAU
TEBING,KARIMUN,KEPULAUAN RIAU
MERAL BARAT,KARIMUN,KEPULAUAN RIAU
TELUK BINTAN,BINTAN,KEPULAUAN RIAU
BINTAN UTARA,BINTAN,KEPULAUAN RIAU
TELUK SEBONG,BINTAN,KEPULAUAN RIAU
SERI KUALA LOBAM,BINTAN,KEPULAUAN RIAU
BINTAN TIMUR,BINTAN,KEPULAUAN RIAU
GUNUNG KIJANG,BINTAN,KEPULAUAN RIAU
MANTANG,BINTAN,KEPULAUAN RIAU
BINTAN PESISIR,BINTAN,KEPULAUAN RIAU
TOAPAYA,BINTAN,KEPULAUAN RIAU
TAMBELAN,BINTAN,KEPULAUAN RIAU
MIDAI,NATUNA,KEPULAUAN RIAU
SUAK MIDAI,NATUNA,KEPULAUAN RIAU
BUNGURAN BARAT,NATUNA,KEPULAUAN RIAU
BUNGURAN UTARA,NATUNA,KEPULAUAN RIAU
PULAU LAUT,NATUNA,KEPULAUAN RIAU
PULAU TIGA,NATUNA,KEPULAUAN RIAU
BUNGURAN BATUBI,NATUNA,KEPULAUAN RIAU
PULAU TIGA BARAT,NATUNA,KEPULAUAN RIAU
BUNGURAN TIMUR,NATUNA,KEPULAUAN RIAU
BUNGURAN TIMUR LAUT,NATUNA,KEPULAUAN RIAU
BUNGURAN TENGAH,NATUNA,KEPULAUAN RIAU
BUNGURAN SELATAN,NATUNA,KEPULAUAN RIAU
SERASAN,NATUNA,KEPULAUAN RIAU
SUBI,NATUNA,KEPULAUAN RIAU
SERASAN TIMUR,NATUNA,KEPULAUAN RIAU
SINGKEP BARAT,LINGGA,KEPULAUAN RIAU
KEPULAUAN POSEK,LINGGA,KEPULAUAN RIAU
SINGKEP,LINGGA,KEPULAUAN RIAU
SINGKEP SELATAN,LINGGA,KEPULAUAN RIAU
SINGKEP PESISIR,LINGGA,KEPULAUAN RIAU
LINGGA,LINGGA,KEPULAUAN RIAU
SELAYAR,LINGGA,KEPULAUAN RIAU
LINGGA TIMUR,LINGGA,KEPULAUAN RIAU
LINGGA UTARA,LINGGA,KEPULAUAN RIAU
SENAYANG,LINGGA,KEPULAUAN RIAU
JEMAJA,KEPULAUAN ANAMBAS,KEPULAUAN RIAU
JEMAJA TIMUR,KEPULAUAN ANAMBAS,KEPULAUAN RIAU
SIANTAN SELATAN,KEPULAUAN ANAMBAS,KEPULAUAN RIAU
SIANTAN,KEPULAUAN ANAMBAS,KEPULAUAN RIAU
SIANTAN TIMUR,KEPULAUAN ANAMBAS,KEPULAUAN RIAU
SIANTAN TENGAH,KEPULAUAN ANAMBAS,KEPULAUAN RIAU
PALMATAK,KEPULAUAN ANAMBAS,KEPULAUAN RIAU
BELAKANG PADANG,BATAM,KEPULAUAN RIAU
BULANG,BATAM,KEPULAUAN RIAU
GALANG,BATAM,KEPULAUAN RIAU
SEI BEDUK,BATAM,KEPULAUAN RIAU
SAGULUNG,BATAM,KEPULAUAN RIAU
NONGSA,BATAM,KEPULAUAN RIAU
BATAM KOTA,BATAM,KEPULAUAN RIAU
SEKUPANG,BATAM,KEPULAUAN RIAU
BATU AJI,BATAM,KEPULAUAN RIAU
LUBUK BAJA,BATAM,KEPULAUAN RIAU
BATU AMPAR,BATAM,KEPULAUAN RIAU
BENGKONG,BATAM,KEPULAUAN RIAU
BUKIT BESTARI,TANJUNG PINANG,KEPULAUAN RIAU
TANJUNGPINANG TIMUR,TANJUNG PINANG,KEPULAUAN RIAU
TANJUNGPINANG KOTA,TANJUNG PINANG,KEPULAUAN RIAU
TANJUNGPINANG BARAT,TANJUNG PINANG,KEPULAUAN RIAU
KEPULAUAN SERIBU SELATAN,KEPULAUAN SERIBU,DKI JAKARTA
KEPULAUAN SERIBU UTARA,KEPULAUAN SERIBU,DKI JAKARTA
JAGAKARSA,JAKARTA,DKI JAKARTA
JAGAKARSA,JAKARTA SELATAN,DKI JAKARTA
PASAR MINGGU,JAKARTA SELATAN,DKI JAKARTA
CILANDAK,JAKARTA SELATAN,DKI JAKARTA
PESANGGRAHAN,JAKARTA SELATAN,DKI JAKARTA
KEBAYORAN LAMA,JAKARTA SELATAN,DKI JAKARTA
KEBAYORAN BARU,JAKARTA SELATAN,DKI JAKARTA
MAMPANG PRAPATAN,JAKARTA SELATAN,DKI JAKARTA
PANCORAN,JAKARTA SELATAN,DKI JAKARTA
TEBET,JAKARTA SELATAN,DKI JAKARTA
SETIA BUDI,JAKARTA SELATAN,DKI JAKARTA
PASAR REBO,JAKARTA TIMUR,DKI JAKARTA
CIRACAS,JAKARTA TIMUR,DKI JAKARTA
CIPAYUNG,JAKARTA TIMUR,DKI JAKARTA
MAKASAR,JAKARTA TIMUR,DKI JAKARTA
KRAMAT JATI,JAKARTA TIMUR,DKI JAKARTA
JATINEGARA,JAKARTA TIMUR,DKI JAKARTA
DUREN SAWIT,JAKARTA TIMUR,DKI JAKARTA
CAKUNG,JAKARTA TIMUR,DKI JAKARTA
PULO GADUNG,JAKARTA TIMUR,DKI JAKARTA
MATRAMAN,JAKARTA TIMUR,DKI JAKARTA
TANAH ABANG,JAKARTA PUSAT,DKI JAKARTA
MENTENG,JAKARTA PUSAT,DKI JAKARTA
SENEN,JAKARTA PUSAT,DKI JAKARTA
JOHAR BARU,JAKARTA PUSAT,DKI JAKARTA
CEMPAKA PUTIH,JAKARTA PUSAT,DKI JAKARTA
KEMAYORAN,JAKARTA PUSAT,DKI JAKARTA
SAWAH BESAR,JAKARTA PUSAT,DKI JAKARTA
GAMBIR,JAKARTA PUSAT,DKI JAKARTA
KEMBANGAN,JAKARTA BARAT,DKI JAKARTA
KEBON JERUK,JAKARTA BARAT,DKI JAKARTA
PALMERAH,JAKARTA BARAT,DKI JAKARTA
GROGOL PETAMBURAN,JAKARTA BARAT,DKI JAKARTA
TAMBORA,JAKARTA BARAT,DKI JAKARTA
TAMAN SARI,JAKARTA BARAT,DKI JAKARTA
CENGKARENG,JAKARTA BARAT,DKI JAKARTA
KALI DERES,JAKARTA BARAT,DKI JAKARTA
PENJARINGAN,JAKARTA UTARA,DKI JAKARTA
PADEMANGAN,JAKARTA UTARA,DKI JAKARTA
TANJUNG PRIOK,JAKARTA UTARA,DKI JAKARTA
KOJA,JAKARTA UTARA,DKI JAKARTA
KELAPA GADING,JAKARTA UTARA,DKI JAKARTA
CILINCING,JAKARTA UTARA,DKI JAKARTA
NANGGUNG,BOGOR,JAWA BARAT
LEUWILIANG,BOGOR,JAWA BARAT
LEUWISADENG,BOGOR,JAWA BARAT
PAMIJAHAN,BOGOR,JAWA BARAT
CIBUNGBULANG,BOGOR,JAWA BARAT
CIAMPEA,BOGOR,JAWA BARAT
TENJOLAYA,BOGOR,JAWA BARAT
DRAMAGA,BOGOR,JAWA BARAT
CIOMAS,BOGOR,JAWA BARAT
TAMANSARI,BOGOR,JAWA BARAT
CIJERUK,BOGOR,JAWA BARAT
CIGOMBONG,BOGOR,JAWA BARAT
CARINGIN,BOGOR,JAWA BARAT
CIAWI,BOGOR,JAWA BARAT
CISARUA,BOGOR,JAWA BARAT
MEGAMENDUNG,BOGOR,JAWA BARAT
SUKARAJA,BOGOR,JAWA BARAT
BABAKAN MADANG,BOGOR,JAWA BARAT
SUKAMAKMUR,BOGOR,JAWA BARAT
CARIU,BOGOR,JAWA BARAT
TANJUNGSARI,BOGOR,JAWA BARAT
JONGGOL,BOGOR,JAWA BARAT
CILEUNGSI,BOGOR,JAWA BARAT
KELAPA NUNGGAL,BOGOR,JAWA BARAT
GUNUNG PUTRI,BOGOR,JAWA BARAT
CITEUREUP,BOGOR,JAWA BARAT
CIBINONG,BOGOR,JAWA BARAT
BOJONG GEDE,BOGOR,JAWA BARAT
TAJUR HALANG,BOGOR,JAWA BARAT
KEMANG,BOGOR,JAWA BARAT
RANCA BUNGUR,BOGOR,JAWA BARAT
PARUNG,BOGOR,JAWA BARAT
CISEENG,BOGOR,JAWA BARAT
GUNUNG SINDUR,BOGOR,JAWA BARAT
RUMPIN,BOGOR,JAWA BARAT
CIGUDEG,BOGOR,JAWA BARAT
SUKAJAYA,BOGOR,JAWA BARAT
JASINGA,BOGOR,JAWA BARAT
TENJO,BOGOR,JAWA BARAT
PARUNG PANJANG,BOGOR,JAWA BARAT
CIEMAS,SUKABUMI,JAWA BARAT
CIRACAP,SUKABUMI,JAWA BARAT
WALURAN,SUKABUMI,JAWA BARAT
SURADE,SUKABUMI,JAWA BARAT
CIBITUNG,SUKABUMI,JAWA BARAT
JAMPANG KULON,SUKABUMI,JAWA BARAT
CIMANGGU,SUKABUMI,JAWA BARAT
KALI BUNDER,SUKABUMI,JAWA BARAT
TEGAL BULEUD,SUKABUMI,JAWA BARAT
CIDOLOG,SUKABUMI,JAWA BARAT
SAGARANTEN,SUKABUMI,JAWA BARAT
CIDADAP,SUKABUMI,JAWA BARAT
CURUGKEMBAR,SUKABUMI,JAWA BARAT
PABUARAN,SUKABUMI,JAWA BARAT
LENGKONG,SUKABUMI,JAWA BARAT
PALABUHANRATU,SUKABUMI,JAWA BARAT
SIMPENAN,SUKABUMI,JAWA BARAT
WARUNG KIARA,SUKABUMI,JAWA BARAT
BANTARGADUNG,SUKABUMI,JAWA BARAT
JAMPANG TENGAH,SUKABUMI,JAWA BARAT
PURABAYA,SUKABUMI,JAWA BARAT
CIKEMBAR,SUKABUMI,JAWA BARAT
NYALINDUNG,SUKABUMI,JAWA BARAT
GEGER BITUNG,SUKABUMI,JAWA BARAT
SUKARAJA,SUKABUMI,JAWA BARAT
KEBONPEDES,SUKABUMI,JAWA BARAT
CIREUNGHAS,SUKABUMI,JAWA BARAT
SUKALARANG,SUKABUMI,JAWA BARAT
SUKABUMI,SUKABUMI,JAWA BARAT
KADUDAMPIT,SUKABUMI,JAWA BARAT
CISAAT,SUKABUMI,JAWA BARAT
GUNUNGGURUH,SUKABUMI,JAWA BARAT
CIBADAK,SUKABUMI,JAWA BARAT
CICANTAYAN,SUKABUMI,JAWA BARAT
CARINGIN,SUKABUMI,JAWA BARAT
NAGRAK,SUKABUMI,JAWA BARAT
CIAMBAR,SUKABUMI,JAWA BARAT
CICURUG,SUKABUMI,JAWA BARAT
CIDAHU,SUKABUMI,JAWA BARAT
PARAKAN SALAK,SUKABUMI,JAWA BARAT
PARUNG KUDA,SUKABUMI,JAWA BARAT
BOJONG GENTENG,SUKABUMI,JAWA BARAT
KALAPA NUNGGAL,SUKABUMI,JAWA BARAT
CIKIDANG,SUKABUMI,JAWA BARAT
CISOLOK,SUKABUMI,JAWA BARAT
CIKAKAK,SUKABUMI,JAWA BARAT
KABANDUNGAN,SUKABUMI,JAWA BARAT
AGRABINTA,CIANJUR,JAWA BARAT
LELES,CIANJUR,JAWA BARAT
SINDANGBARANG,CIANJUR,JAWA BARAT
CIDAUN,CIANJUR,JAWA BARAT
NARINGGUL,CIANJUR,JAWA BARAT
CIBINONG,CIANJUR,JAWA BARAT
CIKADU,CIANJUR,JAWA BARAT
TANGGEUNG,CIANJUR,JAWA BARAT
PASIRKUDA,CIANJUR,JAWA BARAT
KADUPANDAK,CIANJUR,JAWA BARAT
CIJATI,CIANJUR,JAWA BARAT
TAKOKAK,CIANJUR,JAWA BARAT
SUKANAGARA,CIANJUR,JAWA BARAT
PAGELARAN,CIANJUR,JAWA BARAT
CAMPAKA,CIANJUR,JAWA BARAT
CAMPAKA MULYA,CIANJUR,JAWA BARAT
CIBEBER,CIANJUR,JAWA BARAT
WARUNGKONDANG,CIANJUR,JAWA BARAT
GEKBRONG,CIANJUR,JAWA BARAT
CILAKU,CIANJUR,JAWA BARAT
SUKALUYU,CIANJUR,JAWA BARAT
BOJONGPICUNG,CIANJUR,JAWA BARAT
HAURWANGI,CIANJUR,JAWA BARAT
CIRANJANG,CIANJUR,JAWA BARAT
MANDE,CIANJUR,JAWA BARAT
KARANGTENGAH,CIANJUR,JAWA BARAT
CIANJUR,CIANJUR,JAWA BARAT
CUGENANG,CIANJUR,JAWA BARAT
PACET,CIANJUR,JAWA BARAT
CIPANAS,CIANJUR,JAWA BARAT
SUKARESMI,CIANJUR,JAWA BARAT
CIKALONGKULON,CIANJUR,JAWA BARAT
CIWIDEY,BANDUNG,JAWA BARAT
RANCABALI,BANDUNG,JAWA BARAT
PASIRJAMBU,BANDUNG,JAWA BARAT
CIMAUNG,BANDUNG,JAWA BARAT
PANGALENGAN,BANDUNG,JAWA BARAT
KERTASARI,BANDUNG,JAWA BARAT
PACET,BANDUNG,JAWA BARAT
IBUN,BANDUNG,JAWA BARAT
PASEH,BANDUNG,JAWA BARAT
CIKANCUNG,BANDUNG,JAWA BARAT
CICALENGKA,BANDUNG,JAWA BARAT
NAGREG,BANDUNG,JAWA BARAT
RANCAEKEK,BANDUNG,JAWA BARAT
MAJALAYA,BANDUNG,JAWA BARAT
SOLOKAN JERUK,BANDUNG,JAWA BARAT
CIPARAY,BANDUNG,JAWA BARAT
BALEENDAH,BANDUNG,JAWA BARAT
ARJASARI,BANDUNG,JAWA BARAT
BANJARAN,BANDUNG,JAWA BARAT
CANGKUANG,BANDUNG,JAWA BARAT
PAMEUNGPEUK,BANDUNG,JAWA BARAT
KATAPANG,BANDUNG,JAWA BARAT
SOREANG,BANDUNG,JAWA BARAT
KUTAWARINGIN,BANDUNG,JAWA BARAT
MARGAASIH,BANDUNG,JAWA BARAT
MARGAHAYU,BANDUNG,JAWA BARAT
DAYEUHKOLOT,BANDUNG,JAWA BARAT
BOJONGSOANG,BANDUNG,JAWA BARAT
CILEUNYI,BANDUNG,JAWA BARAT
CILENGKRANG,BANDUNG,JAWA BARAT
CIMENYAN,BANDUNG,JAWA BARAT
CISEWU,GARUT,JAWA BARAT
CARINGIN,GARUT,JAWA BARAT
TALEGONG,GARUT,JAWA BARAT
BUNGBULANG,GARUT,JAWA BARAT
MEKARMUKTI,GARUT,JAWA BARAT
PAMULIHAN,GARUT,JAWA BARAT
PAKENJENG,GARUT,JAWA BARAT
CIKELET,GARUT,JAWA BARAT
PAMEUNGPEUK,GARUT,JAWA BARAT
CIBALONG,GARUT,JAWA BARAT
CISOMPET,GARUT,JAWA BARAT
PEUNDEUY,GARUT,JAWA BARAT
SINGAJAYA,GARUT,JAWA BARAT
CIHURIP,GARUT,JAWA BARAT
CIKAJANG,GARUT,JAWA BARAT
BANJARWANGI,GARUT,JAWA BARAT
CILAWU,GARUT,JAWA BARAT
BAYONGBONG,GARUT,JAWA BARAT
CIGEDUG,GARUT,JAWA BARAT
CISURUPAN,GARUT,JAWA BARAT
SUKARESMI,GARUT,JAWA BARAT
SAMARANG,GARUT,JAWA BARAT
PASIRWANGI,GARUT,JAWA BARAT
TAROGONG KIDUL,GARUT,JAWA BARAT
TAROGONG KALER,GARUT,JAWA BARAT
GARUT KOTA,GARUT,JAWA BARAT
KARANGPAWITAN,GARUT,JAWA BARAT
WANARAJA,GARUT,JAWA BARAT
SUCINARAJA,GARUT,JAWA BARAT
PANGATIKAN,GARUT,JAWA BARAT
SUKAWENING,GARUT,JAWA BARAT
KARANGTENGAH,GARUT,JAWA BARAT
BANYURESMI,GARUT,JAWA BARAT
LELES,GARUT,JAWA BARAT
LEUWIGOONG,GARUT,JAWA BARAT
CIBATU,GARUT,JAWA BARAT
KERSAMANAH,GARUT,JAWA BARAT
CIBIUK,GARUT,JAWA BARAT
KADUNGORA,GARUT,JAWA BARAT
BLUBUR LIMBANGAN,GARUT,JAWA BARAT
SELAAWI,GARUT,JAWA BARAT
MALANGBONG,GARUT,JAWA BARAT
CIPATUJAH,TASIKMALAYA,JAWA BARAT
KARANGNUNGGAL,TASIKMALAYA,JAWA BARAT
CIKALONG,TASIKMALAYA,JAWA BARAT
PANCATENGAH,TASIKMALAYA,JAWA BARAT
CIKATOMAS,TASIKMALAYA,JAWA BARAT
CIBALONG,TASIKMALAYA,JAWA BARAT
PARUNGPONTENG,TASIKMALAYA,JAWA BARAT
BANTARKALONG,TASIKMALAYA,JAWA BARAT
BOJONGASIH,TASIKMALAYA,JAWA BARAT
CULAMEGA,TASIKMALAYA,JAWA BARAT
BOJONGGAMBIR,TASIKMALAYA,JAWA BARAT
SODONGHILIR,TASIKMALAYA,JAWA BARAT
TARAJU,TASIKMALAYA,JAWA BARAT
SALAWU,TASIKMALAYA,JAWA BARAT
PUSPAHIANG,TASIKMALAYA,JAWA BARAT
TANJUNGJAYA,TASIKMALAYA,JAWA BARAT
SUKARAJA,TASIKMALAYA,JAWA BARAT
SALOPA,TASIKMALAYA,JAWA BARAT
JATIWARAS,TASIKMALAYA,JAWA BARAT
CINEAM,TASIKMALAYA,JAWA BARAT
KARANGJAYA,TASIKMALAYA,JAWA BARAT
MANONJAYA,TASIKMALAYA,JAWA BARAT
GUNUNGTANJUNG,TASIKMALAYA,JAWA BARAT
SINGAPARNA,TASIKMALAYA,JAWA BARAT
SUKARAME,TASIKMALAYA,JAWA BARAT
MANGUNREJA,TASIKMALAYA,JAWA BARAT
CIGALONTANG,TASIKMALAYA,JAWA BARAT
LEUWISARI,TASIKMALAYA,JAWA BARAT
SARIWANGI,TASIKMALAYA,JAWA BARAT
PADAKEMBANG,TASIKMALAYA,JAWA BARAT
SUKARATU,TASIKMALAYA,JAWA BARAT
CISAYONG,TASIKMALAYA,JAWA BARAT
SUKAHENING,TASIKMALAYA,JAWA BARAT
RAJAPOLAH,TASIKMALAYA,JAWA BARAT
JAMANIS,TASIKMALAYA,JAWA BARAT
CIAWI,TASIKMALAYA,JAWA BARAT
KADIPATEN,TASIKMALAYA,JAWA BARAT
PAGERAGEUNG,TASIKMALAYA,JAWA BARAT
SUKARESIK,TASIKMALAYA,JAWA BARAT
BANJARSARI,CIAMIS,JAWA BARAT
BANJARANYAR,CIAMIS,JAWA BARAT
LAKBOK,CIAMIS,JAWA BARAT
PURWADADI,CIAMIS,JAWA BARAT
PAMARICAN,CIAMIS,JAWA BARAT
CIDOLOG,CIAMIS,JAWA BARAT
CIMARAGAS,CIAMIS,JAWA BARAT
CIJEUNGJING,CIAMIS,JAWA BARAT
CISAGA,CIAMIS,JAWA BARAT
TAMBAKSARI,CIAMIS,JAWA BARAT
RANCAH,CIAMIS,JAWA BARAT
RAJADESA,CIAMIS,JAWA BARAT
SUKADANA,CIAMIS,JAWA BARAT
CIAMIS,CIAMIS,JAWA BARAT
BAREGBEG,CIAMIS,JAWA BARAT
CIKONENG,CIAMIS,JAWA BARAT
SINDANGKASIH,CIAMIS,JAWA BARAT
CIHAURBEUTI,CIAMIS,JAWA BARAT
SADANANYA,CIAMIS,JAWA BARAT
CIPAKU,CIAMIS,JAWA BARAT
JATINAGARA,CIAMIS,JAWA BARAT
PANAWANGAN,CIAMIS,JAWA BARAT
KAWALI,CIAMIS,JAWA BARAT
LUMBUNG,CIAMIS,JAWA BARAT
PANJALU,CIAMIS,JAWA BARAT
SUKAMANTRI,CIAMIS,JAWA BARAT
PANUMBANGAN,CIAMIS,JAWA BARAT
DARMA,KUNINGAN,JAWA BARAT
KADUGEDE,KUNINGAN,JAWA BARAT
NUSAHERANG,KUNINGAN,JAWA BARAT
CINIRU,KUNINGAN,JAWA BARAT
HANTARA,KUNINGAN,JAWA BARAT
SELAJAMBE,KUNINGAN,JAWA BARAT
SUBANG,KUNINGAN,JAWA BARAT
CILEBAK,KUNINGAN,JAWA BARAT
CIWARU,KUNINGAN,JAWA BARAT
KARANGKANCANA,KUNINGAN,JAWA BARAT
CIBINGBIN,KUNINGAN,JAWA BARAT
CIBEUREUM,KUNINGAN,JAWA BARAT
LURAGUNG,KUNINGAN,JAWA BARAT
CIMAHI,KUNINGAN,JAWA BARAT
CIDAHU,KUNINGAN,JAWA BARAT
KALIMANGGIS,KUNINGAN,JAWA BARAT
CIAWIGEBANG,KUNINGAN,JAWA BARAT
CIPICUNG,KUNINGAN,JAWA BARAT
LEBAKWANGI,KUNINGAN,JAWA BARAT
MALEBER,KUNINGAN,JAWA BARAT
GARAWANGI,KUNINGAN,JAWA BARAT
SINDANGAGUNG,KUNINGAN,JAWA BARAT
KUNINGAN,KUNINGAN,JAWA BARAT
CIGUGUR,KUNINGAN,JAWA BARAT
KRAMATMULYA,KUNINGAN,JAWA BARAT
JALAKSANA,KUNINGAN,JAWA BARAT
JAPARA,KUNINGAN,JAWA BARAT
CILIMUS,KUNINGAN,JAWA BARAT
CIGANDAMEKAR,KUNINGAN,JAWA BARAT
MANDIRANCAN,KUNINGAN,JAWA BARAT
PANCALANG,KUNINGAN,JAWA BARAT
PASAWAHAN,KUNINGAN,JAWA BARAT
WALED,CIREBON,JAWA BARAT
PASALEMAN,CIREBON,JAWA BARAT
CILEDUG,CIREBON,JAWA BARAT
PABUARAN,CIREBON,JAWA BARAT
LOSARI,CIREBON,JAWA BARAT
PABEDILAN,CIREBON,JAWA BARAT
BABAKAN,CIREBON,JAWA BARAT
GEBANG,CIREBON,JAWA BARAT
KARANGSEMBUNG,CIREBON,JAWA BARAT
KARANGWARENG,CIREBON,JAWA BARAT
LEMAHABANG,CIREBON,JAWA BARAT
SUSUKANLEBAK,CIREBON,JAWA BARAT
SEDONG,CIREBON,JAWA BARAT
ASTANAJAPURA,CIREBON,JAWA BARAT
PANGENAN,CIREBON,JAWA BARAT
MUNDU,CIREBON,JAWA BARAT
BEBER,CIREBON,JAWA BARAT
GREGED,CIREBON,JAWA BARAT
TALUN,CIREBON,JAWA BARAT
SUMBER,CIREBON,JAWA BARAT
DUKUPUNTANG,CIREBON,JAWA BARAT
PALIMANAN,CIREBON,JAWA BARAT
PLUMBON,CIREBON,JAWA BARAT
DEPOK,CIREBON,JAWA BARAT
WERU,CIREBON,JAWA BARAT
PLERED,CIREBON,JAWA BARAT
TENGAH TANI,CIREBON,JAWA BARAT
KEDAWUNG,CIREBON,JAWA BARAT
GUNUNGJATI,CIREBON,JAWA BARAT
KAPETAKAN,CIREBON,JAWA BARAT
SURANENGGALA,CIREBON,JAWA BARAT
KLANGENAN,CIREBON,JAWA BARAT
JAMBLANG,CIREBON,JAWA BARAT
ARJAWINANGUN,CIREBON,JAWA BARAT
PANGURAGAN,CIREBON,JAWA BARAT
CIWARINGIN,CIREBON,JAWA BARAT
GEMPOL,CIREBON,JAWA BARAT
SUSUKAN,CIREBON,JAWA BARAT
GEGESIK,CIREBON,JAWA BARAT
KALIWEDI,CIREBON,JAWA BARAT
LEMAHSUGIH,MAJALENGKA,JAWA BARAT
BANTARUJEG,MAJALENGKA,JAWA BARAT
MALAUSMA,MAJALENGKA,JAWA BARAT
CIKIJING,MAJALENGKA,JAWA BARAT
CINGAMBUL,MAJALENGKA,JAWA BARAT
TALAGA,MAJALENGKA,JAWA BARAT
BANJARAN,MAJALENGKA,JAWA BARAT
ARGAPURA,MAJALENGKA,JAWA BARAT
MAJA,MAJALENGKA,JAWA BARAT
MAJALENGKA,MAJALENGKA,JAWA BARAT
CIGASONG,MAJALENGKA,JAWA BARAT
SUKAHAJI,MAJALENGKA,JAWA BARAT
SINDANG,MAJALENGKA,JAWA BARAT
RAJAGALUH,MAJALENGKA,JAWA BARAT
SINDANGWANGI,MAJALENGKA,JAWA BARAT
LEUWIMUNDING,MAJALENGKA,JAWA BARAT
PALASAH,MAJALENGKA,JAWA BARAT
JATIWANGI,MAJALENGKA,JAWA BARAT
DAWUAN,MAJALENGKA,JAWA BARAT
KASOKANDEL,MAJALENGKA,JAWA BARAT
PANYINGKIRAN,MAJALENGKA,JAWA BARAT
KADIPATEN,MAJALENGKA,JAWA BARAT
KERTAJATI,MAJALENGKA,JAWA BARAT
JATITUJUH,MAJALENGKA,JAWA BARAT
LIGUNG,MAJALENGKA,JAWA BARAT
SUMBERJAYA,MAJALENGKA,JAWA BARAT
JATINANGOR,SUMEDANG,JAWA BARAT
CIMANGGUNG,SUMEDANG,JAWA BARAT
TANJUNGSARI,SUMEDANG,JAWA BARAT
SUKASARI,SUMEDANG,JAWA BARAT
PAMULIHAN,SUMEDANG,JAWA BARAT
RANCAKALONG,SUMEDANG,JAWA BARAT
SUMEDANG SELATAN,SUMEDANG,JAWA BARAT
SUMEDANG UTARA,SUMEDANG,JAWA BARAT
GANEAS,SUMEDANG,JAWA BARAT
SITURAJA,SUMEDANG,JAWA BARAT
CISITU,SUMEDANG,JAWA BARAT
DARMARAJA,SUMEDANG,JAWA BARAT
CIBUGEL,SUMEDANG,JAWA BARAT
WADO,SUMEDANG,JAWA BARAT
JATINUNGGAL,SUMEDANG,JAWA BARAT
JATIGEDE,SUMEDANG,JAWA BARAT
TOMO,SUMEDANG,JAWA BARAT
UJUNG JAYA,SUMEDANG,JAWA BARAT
CONGGEANG,SUMEDANG,JAWA BARAT
PASEH,SUMEDANG,JAWA BARAT
CIMALAKA,SUMEDANG,JAWA BARAT
CISARUA,SUMEDANG,JAWA BARAT
TANJUNGKERTA,SUMEDANG,JAWA BARAT
TANJUNGMEDAR,SUMEDANG,JAWA BARAT
BUAHDUA,SUMEDANG,JAWA BARAT
SURIAN,SUMEDANG,JAWA BARAT
HAURGEULIS,INDRAMAYU,JAWA BARAT
GANTAR,INDRAMAYU,JAWA BARAT
KROYA,INDRAMAYU,JAWA BARAT
GABUSWETAN,INDRAMAYU,JAWA BARAT
CIKEDUNG,INDRAMAYU,JAWA BARAT
TERISI,INDRAMAYU,JAWA BARAT
LELEA,INDRAMAYU,JAWA BARAT
BANGODUA,INDRAMAYU,JAWA BARAT
TUKDANA,INDRAMAYU,JAWA BARAT
WIDASARI,INDRAMAYU,JAWA BARAT
KERTASEMAYA,INDRAMAYU,JAWA BARAT
SUKAGUMIWANG,INDRAMAYU,JAWA BARAT
KRANGKENG,INDRAMAYU,JAWA BARAT
KARANGAMPEL,INDRAMAYU,JAWA BARAT
KEDOKAN BUNDER,INDRAMAYU,JAWA BARAT
JUNTINYUAT,INDRAMAYU,JAWA BARAT
SLIYEG,INDRAMAYU,JAWA BARAT
JATIBARANG,INDRAMAYU,JAWA BARAT
BALONGAN,INDRAMAYU,JAWA BARAT
INDRAMAYU,INDRAMAYU,JAWA BARAT
SINDANG,INDRAMAYU,JAWA BARAT
CANTIGI,INDRAMAYU,JAWA BARAT
PASEKAN,INDRAMAYU,JAWA BARAT
LOHBENER,INDRAMAYU,JAWA BARAT
ARAHAN,INDRAMAYU,JAWA BARAT
LOSARANG,INDRAMAYU,JAWA BARAT
KANDANGHAUR,INDRAMAYU,JAWA BARAT
BONGAS,INDRAMAYU,JAWA BARAT
ANJATAN,INDRAMAYU,JAWA BARAT
SUKRA,INDRAMAYU,JAWA BARAT
PATROL,INDRAMAYU,JAWA BARAT
SAGALAHERANG,SUBANG,JAWA BARAT
SERANGPANJANG,SUBANG,JAWA BARAT
JALANCAGAK,SUBANG,JAWA BARAT
CIATER,SUBANG,JAWA BARAT
CISALAK,SUBANG,JAWA BARAT
KASOMALANG,SUBANG,JAWA BARAT
TANJUNGSIANG,SUBANG,JAWA BARAT
CIJAMBE,SUBANG,JAWA BARAT
CIBOGO,SUBANG,JAWA BARAT
SUBANG,SUBANG,JAWA BARAT
KALIJATI,SUBANG,JAWA BARAT
DAWUAN,SUBANG,JAWA BARAT
CIPEUNDEUY,SUBANG,JAWA BARAT
PABUARAN,SUBANG,JAWA BARAT
PATOKBEUSI,SUBANG,JAWA BARAT
PURWADADI,SUBANG,JAWA BARAT
CIKAUM,SUBANG,JAWA BARAT
PAGADEN,SUBANG,JAWA BARAT
PAGADEN BARAT,SUBANG,JAWA BARAT
CIPUNAGARA,SUBANG,JAWA BARAT
COMPRENG,SUBANG,JAWA BARAT
BINONG,SUBANG,JAWA BARAT
TAMBAKDAHAN,SUBANG,JAWA BARAT
CIASEM,SUBANG,JAWA BARAT
PAMANUKAN,SUBANG,JAWA BARAT
SUKASARI,SUBANG,JAWA BARAT
PUSAKANAGARA,SUBANG,JAWA BARAT
PUSAKAJAYA,SUBANG,JAWA BARAT
LEGONKULON,SUBANG,JAWA BARAT
BLANAKAN,SUBANG,JAWA BARAT
JATILUHUR,PURWAKARTA,JAWA BARAT
SUKASARI,PURWAKARTA,JAWA BARAT
MANIIS,PURWAKARTA,JAWA BARAT
TEGAL WARU,PURWAKARTA,JAWA BARAT
PLERED,PURWAKARTA,JAWA BARAT
SUKATANI,PURWAKARTA,JAWA BARAT
DARANGDAN,PURWAKARTA,JAWA BARAT
BOJONG,PURWAKARTA,JAWA BARAT
WANAYASA,PURWAKARTA,JAWA BARAT
KIARAPEDES,PURWAKARTA,JAWA BARAT
PASAWAHAN,PURWAKARTA,JAWA BARAT
PONDOK SALAM,PURWAKARTA,JAWA BARAT
PURWAKARTA,PURWAKARTA,JAWA BARAT
BABAKANCIKAO,PURWAKARTA,JAWA BARAT
CAMPAKA,PURWAKARTA,JAWA BARAT
CIBATU,PURWAKARTA,JAWA BARAT
BUNGURSARI,PURWAKARTA,JAWA BARAT
PANGKALAN,KARAWANG,JAWA BARAT
TEGALWARU,KARAWANG,JAWA BARAT
CIAMPEL,KARAWANG,JAWA BARAT
TELUKJAMBE TIMUR,KARAWANG,JAWA BARAT
TELUKJAMBE BARAT,KARAWANG,JAWA BARAT
KLARI,KARAWANG,JAWA BARAT
CIKAMPEK,KARAWANG,JAWA BARAT
PURWASARI,KARAWANG,JAWA BARAT
TIRTAMULYA,KARAWANG,JAWA BARAT
JATISARI,KARAWANG,JAWA BARAT
BANYUSARI,KARAWANG,JAWA BARAT
KOTABARU,KARAWANG,JAWA BARAT
CILAMAYA WETAN,KARAWANG,JAWA BARAT
CILAMAYA KULON,KARAWANG,JAWA BARAT
LEMAHABANG,KARAWANG,JAWA BARAT
TALAGASARI,KARAWANG,JAWA BARAT
MAJALAYA,KARAWANG,JAWA BARAT
KARAWANG TIMUR,KARAWANG,JAWA BARAT
KARAWANG BARAT,KARAWANG,JAWA BARAT
RAWAMERTA,KARAWANG,JAWA BARAT
TEMPURAN,KARAWANG,JAWA BARAT
KUTAWALUYA,KARAWANG,JAWA BARAT
RENGASDENGKLOK,KARAWANG,JAWA BARAT
JAYAKERTA,KARAWANG,JAWA BARAT
PEDES,KARAWANG,JAWA BARAT
CILEBAR,KARAWANG,JAWA BARAT
CIBUAYA,KARAWANG,JAWA BARAT
TIRTAJAYA,KARAWANG,JAWA BARAT
BATUJAYA,KARAWANG,JAWA BARAT
PAKISJAYA,KARAWANG,JAWA BARAT
SETU,BEKASI,JAWA BARAT
SERANG BARU,BEKASI,JAWA BARAT
CIKARANG,BEKASI,JAWA BARAT
CIKARANG PUSAT,BEKASI,JAWA BARAT
CIKARANG SELATAN,BEKASI,JAWA BARAT
CIBARUSAH,BEKASI,JAWA BARAT
BOJONGMANGU,BEKASI,JAWA BARAT
CIKARANG TIMUR,BEKASI,JAWA BARAT
KEDUNGWARINGIN,BEKASI,JAWA BARAT
CIKARANG UTARA,BEKASI,JAWA BARAT
KARANGBAHAGIA,BEKASI,JAWA BARAT
CIBITUNG,BEKASI,JAWA BARAT
CIKARANG BARAT,BEKASI,JAWA BARAT
TAMBUN,BEKASI,JAWA BARAT
TAMBUN SELATAN,BEKASI,JAWA BARAT
TAMBUN UTARA,BEKASI,JAWA BARAT
BABELAN,BEKASI,JAWA BARAT
TARUMAJAYA,BEKASI,JAWA BARAT
TAMBELANG,BEKASI,JAWA BARAT
SUKAWANGI,BEKASI,JAWA BARAT
SUKATANI,BEKASI,JAWA BARAT
SUKAKARYA,BEKASI,JAWA BARAT
PEBAYURAN,BEKASI,JAWA BARAT
CABANGBUNGIN,BEKASI,JAWA BARAT
MUARA GEMBONG,BEKASI,JAWA BARAT
RONGGA,BANDUNG BARAT,JAWA BARAT
GUNUNGHALU,BANDUNG BARAT,JAWA BARAT
SINDANGKERTA,BANDUNG BARAT,JAWA BARAT
CILILIN,BANDUNG BARAT,JAWA BARAT
CIHAMPELAS,BANDUNG BARAT,JAWA BARAT
CIPONGKOR,BANDUNG BARAT,JAWA BARAT
BATUJAJAR,BANDUNG BARAT,JAWA BARAT
SAGULING,BANDUNG BARAT,JAWA BARAT
CIPATAT,BANDUNG BARAT,JAWA BARAT
PADALARANG,BANDUNG BARAT,JAWA BARAT
NGAMPRAH,BANDUNG BARAT,JAWA BARAT
PARONGPONG,BANDUNG BARAT,JAWA BARAT
LEMBANG,BANDUNG BARAT,JAWA BARAT
CISARUA,BANDUNG BARAT,JAWA BARAT
CIKALONG WETAN,BANDUNG BARAT,JAWA BARAT
CIPEUNDEUY,BANDUNG BARAT,JAWA BARAT
CIMERAK,PANGANDARAN,JAWA BARAT
CIJULANG,PANGANDARAN,JAWA BARAT
CIGUGUR,PANGANDARAN,JAWA BARAT
LANGKAPLANCAR,PANGANDARAN,JAWA BARAT
PARIGI,PANGANDARAN,JAWA BARAT
SIDAMULIH,PANGANDARAN,JAWA BARAT
PANGANDARAN,PANGANDARAN,JAWA BARAT
KALIPUCANG,PANGANDARAN,JAWA BARAT
PADAHERANG,PANGANDARAN,JAWA BARAT
MANGUNJAYA,PANGANDARAN,JAWA BARAT
BOGOR SELATAN,BOGOR,JAWA BARAT
BOGOR TIMUR,BOGOR,JAWA BARAT
BOGOR UTARA,BOGOR,JAWA BARAT
BOGOR TENGAH,BOGOR,JAWA BARAT
BOGOR BARAT,BOGOR,JAWA BARAT
TANAH SEREAL,BOGOR,JAWA BARAT
BAROS,SUKABUMI,JAWA BARAT
LEMBURSITU,SUKABUMI,JAWA BARAT
CIBEUREUM,SUKABUMI,JAWA BARAT
CITAMIANG,SUKABUMI,JAWA BARAT
WARUDOYONG,SUKABUMI,JAWA BARAT
GUNUNG PUYUH,SUKABUMI,JAWA BARAT
CIKOLE,SUKABUMI,JAWA BARAT
BANDUNG KULON,BANDUNG,JAWA BARAT
BABAKAN CIPARAY,BANDUNG,JAWA BARAT
BOJONGLOA KALER,BANDUNG,JAWA BARAT
BOJONGLOA KIDUL,BANDUNG,JAWA BARAT
ASTANAANYAR,BANDUNG,JAWA BARAT
REGOL,BANDUNG,JAWA BARAT
LENGKONG,BANDUNG,JAWA BARAT
BANDUNG KIDUL,BANDUNG,JAWA BARAT
BUAHBATU,BANDUNG,JAWA BARAT
RANCASARI,BANDUNG,JAWA BARAT
GEDEBAGE,BANDUNG,JAWA BARAT
CIBIRU,BANDUNG,JAWA BARAT
PANYILEUKAN,BANDUNG,JAWA BARAT
UJUNG BERUNG,BANDUNG,JAWA BARAT
CINAMBO,BANDUNG,JAWA BARAT
ARCAMANIK,BANDUNG,JAWA BARAT
ANTAPANI,BANDUNG,JAWA BARAT
MANDALAJATI,BANDUNG,JAWA BARAT
KIARACONDONG,BANDUNG,JAWA BARAT
BATUNUNGGAL,BANDUNG,JAWA BARAT
SUMUR BANDUNG,BANDUNG,JAWA BARAT
ANDIR,BANDUNG,JAWA BARAT
CICENDO,BANDUNG,JAWA BARAT
BANDUNG WETAN,BANDUNG,JAWA BARAT
CIBEUNYING KIDUL,BANDUNG,JAWA BARAT
CIBEUNYING KALER,BANDUNG,JAWA BARAT
COBLONG,BANDUNG,JAWA BARAT
SUKAJADI,BANDUNG,JAWA BARAT
SUKASARI,BANDUNG,JAWA BARAT
CIDADAP,BANDUNG,JAWA BARAT
HARJAMUKTI,CIREBON,JAWA BARAT
LEMAHWUNGKUK,CIREBON,JAWA BARAT
PEKALIPAN,CIREBON,JAWA BARAT
KESAMBI,CIREBON,JAWA BARAT
KEJAKSAN,CIREBON,JAWA BARAT
PONDOKGEDE,BEKASI,JAWA BARAT
JATISAMPURNA,BEKASI,JAWA BARAT
PONDOKMELATI,BEKASI,JAWA BARAT
JATIASIH,BEKASI,JAWA BARAT
BANTARGEBANG,BEKASI,JAWA BARAT
MUSTIKAJAYA,BEKASI,JAWA BARAT
BEKASI TIMUR,BEKASI,JAWA BARAT
RAWALUMBU,BEKASI,JAWA BARAT
BEKASI SELATAN,BEKASI,JAWA BARAT
BEKASI BARAT,BEKASI,JAWA BARAT
MEDAN SATRIA,BEKASI,JAWA BARAT
BEKASI UTARA,BEKASI,JAWA BARAT
SAWANGAN,DEPOK,JAWA BARAT
BOJONGSARI,DEPOK,JAWA BARAT
PANCORAN MAS,DEPOK,JAWA BARAT
CIPAYUNG,DEPOK,JAWA BARAT
SUKMA JAYA,DEPOK,JAWA BARAT
CILODONG,DEPOK,JAWA BARAT
CIMANGGIS,DEPOK,JAWA BARAT
TAPOS,DEPOK,JAWA BARAT
BEJI,DEPOK,JAWA BARAT
LIMO,DEPOK,JAWA BARAT
CINERE,DEPOK,JAWA BARAT
CIMAHI SELATAN,CIMAHI,JAWA BARAT
CIMAHI TENGAH,CIMAHI,JAWA BARAT
CIMAHI UTARA,CIMAHI,JAWA BARAT
KAWALU,TASIKMALAYA,JAWA BARAT
TAMANSARI,TASIKMALAYA,JAWA BARAT
CIBEUREUM,TASIKMALAYA,JAWA BARAT
PURBARATU,TASIKMALAYA,JAWA BARAT
TAWANG,TASIKMALAYA,JAWA BARAT
CIHIDEUNG,TASIKMALAYA,JAWA BARAT
MANGKUBUMI,TASIKMALAYA,JAWA BARAT
INDIHIANG,TASIKMALAYA,JAWA BARAT
BUNGURSARI,TASIKMALAYA,JAWA BARAT
CIPEDES,TASIKMALAYA,JAWA BARAT
BANJAR,BANJAR,JAWA BARAT
PURWAHARJA,BANJAR,JAWA BARAT
PATARUMAN,BANJAR,JAWA BARAT
LANGENSARI,BANJAR,JAWA BARAT
DAYEUHLUHUR,CILACAP,JAWA TENGAH
WANAREJA,CILACAP,JAWA TENGAH
MAJENANG,CILACAP,JAWA TENGAH
CIMANGGU,CILACAP,JAWA TENGAH
KARANGPUCUNG,CILACAP,JAWA TENGAH
CIPARI,CILACAP,JAWA TENGAH
SIDAREJA,CILACAP,JAWA TENGAH
KEDUNGREJA,CILACAP,JAWA TENGAH
PATIMUAN,CILACAP,JAWA TENGAH
GANDRUNGMANGU,CILACAP,JAWA TENGAH
BANTARSARI,CILACAP,JAWA TENGAH
KAWUNGANTEN,CILACAP,JAWA TENGAH
KAMPUNG LAUT,CILACAP,JAWA TENGAH
JERUKLEGI,CILACAP,JAWA TENGAH
KESUGIHAN,CILACAP,JAWA TENGAH
ADIPALA,CILACAP,JAWA TENGAH
MAOS,CILACAP,JAWA TENGAH
SAMPANG,CILACAP,JAWA TENGAH
KROYA,CILACAP,JAWA TENGAH
BINANGUN,CILACAP,JAWA TENGAH
NUSAWUNGU,CILACAP,JAWA TENGAH
CILACAP SELATAN,CILACAP,JAWA TENGAH
CILACAP TENGAH,CILACAP,JAWA TENGAH
CILACAP UTARA,CILACAP,JAWA TENGAH
LUMBIR,BANYUMAS,JAWA TENGAH
WANGON,BANYUMAS,JAWA TENGAH
JATILAWANG,BANYUMAS,JAWA TENGAH
RAWALO,BANYUMAS,JAWA TENGAH
KEBASEN,BANYUMAS,JAWA TENGAH
KEMRANJEN,BANYUMAS,JAWA TENGAH
SUMPIUH,BANYUMAS,JAWA TENGAH
TAMBAK,BANYUMAS,JAWA TENGAH
SOMAGEDE,BANYUMAS,JAWA TENGAH
KALIBAGOR,BANYUMAS,JAWA TENGAH
BANYUMAS,BANYUMAS,JAWA TENGAH
PATIKRAJA,BANYUMAS,JAWA TENGAH
PURWOJATI,BANYUMAS,JAWA TENGAH
AJIBARANG,BANYUMAS,JAWA TENGAH
GUMELAR,BANYUMAS,JAWA TENGAH
PEKUNCEN,BANYUMAS,JAWA TENGAH
CILONGOK,BANYUMAS,JAWA TENGAH
KARANGLEWAS,BANYUMAS,JAWA TENGAH
KEDUNG BANTENG,BANYUMAS,JAWA TENGAH
BATURRADEN,BANYUMAS,JAWA TENGAH
SUMBANG,BANYUMAS,JAWA TENGAH
KEMBARAN,BANYUMAS,JAWA TENGAH
SOKARAJA,BANYUMAS,JAWA TENGAH
PURWOKERTO SELATAN,BANYUMAS,JAWA TENGAH
PURWOKERTO BARAT,BANYUMAS,JAWA TENGAH
PURWOKERTO TIMUR,BANYUMAS,JAWA TENGAH
PURWOKERTO UTARA,BANYUMAS,JAWA TENGAH
KEMANGKON,PURBALINGGA,JAWA TENGAH
BUKATEJA,PURBALINGGA,JAWA TENGAH
KEJOBONG,PURBALINGGA,JAWA TENGAH
PENGADEGAN,PURBALINGGA,JAWA TENGAH
KALIGONDANG,PURBALINGGA,JAWA TENGAH
PURBALINGGA,PURBALINGGA,JAWA TENGAH
KALIMANAH,PURBALINGGA,JAWA TENGAH
PADAMARA,PURBALINGGA,JAWA TENGAH
KUTASARI,PURBALINGGA,JAWA TENGAH
BOJONGSARI,PURBALINGGA,JAWA TENGAH
MREBET,PURBALINGGA,JAWA TENGAH
BOBOTSARI,PURBALINGGA,JAWA TENGAH
KARANGREJA,PURBALINGGA,JAWA TENGAH
KARANGJAMBU,PURBALINGGA,JAWA TENGAH
KARANGANYAR,PURBALINGGA,JAWA TENGAH
KERTANEGARA,PURBALINGGA,JAWA TENGAH
KARANGMONCOL,PURBALINGGA,JAWA TENGAH
REMBANG,PURBALINGGA,JAWA TENGAH
SUSUKAN,BANJARNEGARA,JAWA TENGAH
PURWAREJA KLAMPOK,BANJARNEGARA,JAWA TENGAH
MANDIRAJA,BANJARNEGARA,JAWA TENGAH
PURWANEGARA,BANJARNEGARA,JAWA TENGAH
BAWANG,BANJARNEGARA,JAWA TENGAH
BANJARNEGARA,BANJARNEGARA,JAWA TENGAH
PAGEDONGAN,BANJARNEGARA,JAWA TENGAH
SIGALUH,BANJARNEGARA,JAWA TENGAH
MADUKARA,BANJARNEGARA,JAWA TENGAH
BANJARMANGU,BANJARNEGARA,JAWA TENGAH
WANADADI,BANJARNEGARA,JAWA TENGAH
RAKIT,BANJARNEGARA,JAWA TENGAH
PUNGGELAN,BANJARNEGARA,JAWA TENGAH
KARANGKOBAR,BANJARNEGARA,JAWA TENGAH
PAGENTAN,BANJARNEGARA,JAWA TENGAH
PEJAWARAN,BANJARNEGARA,JAWA TENGAH
BATUR,BANJARNEGARA,JAWA TENGAH
WANAYASA,BANJARNEGARA,JAWA TENGAH
KALIBENING,BANJARNEGARA,JAWA TENGAH
PANDANARUM,BANJARNEGARA,JAWA TENGAH
AYAH,KEBUMEN,JAWA TENGAH
BUAYAN,KEBUMEN,JAWA TENGAH
PURING,KEBUMEN,JAWA TENGAH
PETANAHAN,KEBUMEN,JAWA TENGAH
KLIRONG,KEBUMEN,JAWA TENGAH
BULUSPESANTREN,KEBUMEN,JAWA TENGAH
AMBAL,KEBUMEN,JAWA TENGAH
MIRIT,KEBUMEN,JAWA TENGAH
BONOROWO,KEBUMEN,JAWA TENGAH
PREMBUN,KEBUMEN,JAWA TENGAH
PADURESO,KEBUMEN,JAWA TENGAH
KUTOWINANGUN,KEBUMEN,JAWA TENGAH
ALIAN,KEBUMEN,JAWA TENGAH
PONCOWARNO,KEBUMEN,JAWA TENGAH
KEBUMEN,KEBUMEN,JAWA TENGAH
PEJAGOAN,KEBUMEN,JAWA TENGAH
SRUWENG,KEBUMEN,JAWA TENGAH
ADIMULYO,KEBUMEN,JAWA TENGAH
KUWARASAN,KEBUMEN,JAWA TENGAH
ROWOKELE,KEBUMEN,JAWA TENGAH
SEMPOR,KEBUMEN,JAWA TENGAH
GOMBONG,KEBUMEN,JAWA TENGAH
KARANGANYAR,KEBUMEN,JAWA TENGAH
KARANGGAYAM,KEBUMEN,JAWA TENGAH
SADANG,KEBUMEN,JAWA TENGAH
KARANGSAMBUNG,KEBUMEN,JAWA TENGAH
GRABAG,PURWOREJO,JAWA TENGAH
NGOMBOL,PURWOREJO,JAWA TENGAH
PURWODADI,PURWOREJO,JAWA TENGAH
BAGELEN,PURWOREJO,JAWA TENGAH
KALIGESING,PURWOREJO,JAWA TENGAH
PURWOREJO,PURWOREJO,JAWA TENGAH
BANYU URIP,PURWOREJO,JAWA TENGAH
BAYAN,PURWOREJO,JAWA TENGAH
KUTOARJO,PURWOREJO,JAWA TENGAH
BUTUH,PURWOREJO,JAWA TENGAH
PITURUH,PURWOREJO,JAWA TENGAH
KEMIRI,PURWOREJO,JAWA TENGAH
BRUNO,PURWOREJO,JAWA TENGAH
GEBANG,PURWOREJO,JAWA TENGAH
LOANO,PURWOREJO,JAWA TENGAH
BENER,PURWOREJO,JAWA TENGAH
WADASLINTANG,WONOSOBO,JAWA TENGAH
KEPIL,WONOSOBO,JAWA TENGAH
SAPURAN,WONOSOBO,JAWA TENGAH
KALIBAWANG,WONOSOBO,JAWA TENGAH
KALIWIRO,WONOSOBO,JAWA TENGAH
LEKSONO,WONOSOBO,JAWA TENGAH
SUKOHARJO,WONOSOBO,JAWA TENGAH
SELOMERTO,WONOSOBO,JAWA TENGAH
KALIKAJAR,WONOSOBO,JAWA TENGAH
KERTEK,WONOSOBO,JAWA TENGAH
WONOSOBO,WONOSOBO,JAWA TENGAH
WATUMALANG,WONOSOBO,JAWA TENGAH
MOJOTENGAH,WONOSOBO,JAWA TENGAH
GARUNG,WONOSOBO,JAWA TENGAH
KEJAJAR,WONOSOBO,JAWA TENGAH
SALAMAN,MAGELANG,JAWA TENGAH
BOROBUDUR,MAGELANG,JAWA TENGAH
NGLUWAR,MAGELANG,JAWA TENGAH
SALAM,MAGELANG,JAWA TENGAH
SRUMBUNG,MAGELANG,JAWA TENGAH
DUKUN,MAGELANG,JAWA TENGAH
MUNTILAN,MAGELANG,JAWA TENGAH
MUNGKID,MAGELANG,JAWA TENGAH
SAWANGAN,MAGELANG,JAWA TENGAH
CANDIMULYO,MAGELANG,JAWA TENGAH
MERTOYUDAN,MAGELANG,JAWA TENGAH
TEMPURAN,MAGELANG,JAWA TENGAH
KAJORAN,MAGELANG,JAWA TENGAH
KALIANGKRIK,MAGELANG,JAWA TENGAH
BANDONGAN,MAGELANG,JAWA TENGAH
WINDUSARI,MAGELANG,JAWA TENGAH
SECANG,MAGELANG,JAWA TENGAH
TEGALREJO,MAGELANG,JAWA TENGAH
PAKIS,MAGELANG,JAWA TENGAH
GRABAG,MAGELANG,JAWA TENGAH
NGABLAK,MAGELANG,JAWA TENGAH
SELO,BOYOLALI,JAWA TENGAH
AMPEL,BOYOLALI,JAWA TENGAH
CEPOGO,BOYOLALI,JAWA TENGAH
MUSUK,BOYOLALI,JAWA TENGAH
BOYOLALI,BOYOLALI,JAWA TENGAH
MOJOSONGO,BOYOLALI,JAWA TENGAH
TERAS,BOYOLALI,JAWA TENGAH
SAWIT,BOYOLALI,JAWA TENGAH
BANYUDONO,BOYOLALI,JAWA TENGAH
SAMBI,BOYOLALI,JAWA TENGAH
NGEMPLAK,BOYOLALI,JAWA TENGAH
NOGOSARI,BOYOLALI,JAWA TENGAH
SIMO,BOYOLALI,JAWA TENGAH
KARANGGEDE,BOYOLALI,JAWA TENGAH
KLEGO,BOYOLALI,JAWA TENGAH
ANDONG,BOYOLALI,JAWA TENGAH
KEMUSU,BOYOLALI,JAWA TENGAH
WONOSEGORO,BOYOLALI,JAWA TENGAH
JUWANGI,BOYOLALI,JAWA TENGAH
PRAMBANAN,KLATEN,JAWA TENGAH
GANTIWARNO,KLATEN,JAWA TENGAH
WEDI,KLATEN,JAWA TENGAH
BAYAT,KLATEN,JAWA TENGAH
CAWAS,KLATEN,JAWA TENGAH
TRUCUK,KLATEN,JAWA TENGAH
KALIKOTES,KLATEN,JAWA TENGAH
KEBONARUM,KLATEN,JAWA TENGAH
JOGONALAN,KLATEN,JAWA TENGAH
MANISRENGGO,KLATEN,JAWA TENGAH
KARANGNONGKO,KLATEN,JAWA TENGAH
NGAWEN,KLATEN,JAWA TENGAH
CEPER,KLATEN,JAWA TENGAH
PEDAN,KLATEN,JAWA TENGAH
KARANGDOWO,KLATEN,JAWA TENGAH
JUWIRING,KLATEN,JAWA TENGAH
WONOSARI,KLATEN,JAWA TENGAH
DELANGGU,KLATEN,JAWA TENGAH
POLANHARJO,KLATEN,JAWA TENGAH
KARANGANOM,KLATEN,JAWA TENGAH
TULUNG,KLATEN,JAWA TENGAH
JATINOM,KLATEN,JAWA TENGAH
KEMALANG,KLATEN,JAWA TENGAH
KLATEN SELATAN,KLATEN,JAWA TENGAH
KLATEN TENGAH,KLATEN,JAWA TENGAH
KLATEN UTARA,KLATEN,JAWA TENGAH
WERU,SUKOHARJO,JAWA TENGAH
BULU,SUKOHARJO,JAWA TENGAH
TAWANGSARI,SUKOHARJO,JAWA TENGAH
SUKOHARJO,SUKOHARJO,JAWA TENGAH
NGUTER,SUKOHARJO,JAWA TENGAH
BENDOSARI,SUKOHARJO,JAWA TENGAH
POLOKARTO,SUKOHARJO,JAWA TENGAH
MOJOLABAN,SUKOHARJO,JAWA TENGAH
GROGOL,SUKOHARJO,JAWA TENGAH
BAKI,SUKOHARJO,JAWA TENGAH
GATAK,SUKOHARJO,JAWA TENGAH
KARTASURA,SUKOHARJO,JAWA TENGAH
PRACIMANTORO,WONOGIRI,JAWA TENGAH
PARANGGUPITO,WONOGIRI,JAWA TENGAH
GIRITONTRO,WONOGIRI,JAWA TENGAH
GIRIWOYO,WONOGIRI,JAWA TENGAH
BATUWARNO,WONOGIRI,JAWA TENGAH
KARANGTENGAH,WONOGIRI,JAWA TENGAH
TIRTOMOYO,WONOGIRI,JAWA TENGAH
NGUNTORONADI,WONOGIRI,JAWA TENGAH
BATURETNO,WONOGIRI,JAWA TENGAH
EROMOKO,WONOGIRI,JAWA TENGAH
WURYANTORO,WONOGIRI,JAWA TENGAH
MANYARAN,WONOGIRI,JAWA TENGAH
SELOGIRI,WONOGIRI,JAWA TENGAH
WONOGIRI,WONOGIRI,JAWA TENGAH
NGADIROJO,WONOGIRI,JAWA TENGAH
SIDOHARJO,WONOGIRI,JAWA TENGAH
JATIROTO,WONOGIRI,JAWA TENGAH
KISMANTORO,WONOGIRI,JAWA TENGAH
PURWANTORO,WONOGIRI,JAWA TENGAH
BULUKERTO,WONOGIRI,JAWA TENGAH
PUHPELEM,WONOGIRI,JAWA TENGAH
SLOGOHIMO,WONOGIRI,JAWA TENGAH
JATISRONO,WONOGIRI,JAWA TENGAH
JATIPURNO,WONOGIRI,JAWA TENGAH
GIRIMARTO,WONOGIRI,JAWA TENGAH
JATIPURO,KARANGANYAR,JAWA TENGAH
JATIYOSO,KARANGANYAR,JAWA TENGAH
JUMAPOLO,KARANGANYAR,JAWA TENGAH
JUMANTONO,KARANGANYAR,JAWA TENGAH
MATESIH,KARANGANYAR,JAWA TENGAH
TAWANGMANGU,KARANGANYAR,JAWA TENGAH
NGARGOYOSO,KARANGANYAR,JAWA TENGAH
KARANGPANDAN,KARANGANYAR,JAWA TENGAH
KARANGANYAR,KARANGANYAR,JAWA TENGAH
TASIKMADU,KARANGANYAR,JAWA TENGAH
JATEN,KARANGANYAR,JAWA TENGAH
COLOMADU,KARANGANYAR,JAWA TENGAH
GONDANGREJO,KARANGANYAR,JAWA TENGAH
KEBAKKRAMAT,KARANGANYAR,JAWA TENGAH
MOJOGEDANG,KARANGANYAR,JAWA TENGAH
KERJO,KARANGANYAR,JAWA TENGAH
JENAWI,KARANGANYAR,JAWA TENGAH
KALIJAMBE,SRAGEN,JAWA TENGAH
PLUPUH,SRAGEN,JAWA TENGAH
MASARAN,SRAGEN,JAWA TENGAH
KEDAWUNG,SRAGEN,JAWA TENGAH
SAMBIREJO,SRAGEN,JAWA TENGAH
GONDANG,SRAGEN,JAWA TENGAH
SAMBUNG MACAN,SRAGEN,JAWA TENGAH
NGRAMPAL,SRAGEN,JAWA TENGAH
KARANGMALANG,SRAGEN,JAWA TENGAH
SRAGEN,SRAGEN,JAWA TENGAH
SIDOHARJO,SRAGEN,JAWA TENGAH
TANON,SRAGEN,JAWA TENGAH
GEMOLONG,SRAGEN,JAWA TENGAH
MIRI,SRAGEN,JAWA TENGAH
SUMBERLAWANG,SRAGEN,JAWA TENGAH
MONDOKAN,SRAGEN,JAWA TENGAH
SUKODONO,SRAGEN,JAWA TENGAH
GESI,SRAGEN,JAWA TENGAH
TANGEN,SRAGEN,JAWA TENGAH
JENAR,SRAGEN,JAWA TENGAH
KEDUNGJATI,GROBOGAN,JAWA TENGAH
KARANGRAYUNG,GROBOGAN,JAWA TENGAH
PENAWANGAN,GROBOGAN,JAWA TENGAH
TOROH,GROBOGAN,JAWA TENGAH
GEYER,GROBOGAN,JAWA TENGAH
PULOKULON,GROBOGAN,JAWA TENGAH
KRADENAN,GROBOGAN,JAWA TENGAH
GABUS,GROBOGAN,JAWA TENGAH
NGARINGAN,GROBOGAN,JAWA TENGAH
WIROSARI,GROBOGAN,JAWA TENGAH
TAWANGHARJO,GROBOGAN,JAWA TENGAH
GROBOGAN,GROBOGAN,JAWA TENGAH
PURWODADI,GROBOGAN,JAWA TENGAH
BRATI,GROBOGAN,JAWA TENGAH
KLAMBU,GROBOGAN,JAWA TENGAH
GODONG,GROBOGAN,JAWA TENGAH
GUBUG,GROBOGAN,JAWA TENGAH
TEGOWANU,GROBOGAN,JAWA TENGAH
TANGGUNGHARJO,GROBOGAN,JAWA TENGAH
JATI,BLORA,JAWA TENGAH
RANDUBLATUNG,BLORA,JAWA TENGAH
KRADENAN,BLORA,JAWA TENGAH
KEDUNGTUBAN,BLORA,JAWA TENGAH
CEPU,BLORA,JAWA TENGAH
SAMBONG,BLORA,JAWA TENGAH
JIKEN,BLORA,JAWA TENGAH
BOGOREJO,BLORA,JAWA TENGAH
JEPON,BLORA,JAWA TENGAH
KOTA BLORA,BLORA,JAWA TENGAH
BANJAREJO,BLORA,JAWA TENGAH
TUNJUNGAN,BLORA,JAWA TENGAH
JAPAH,BLORA,JAWA TENGAH
NGAWEN,BLORA,JAWA TENGAH
KUNDURAN,BLORA,JAWA TENGAH
TODANAN,BLORA,JAWA TENGAH
SUMBER,REMBANG,JAWA TENGAH
BULU,REMBANG,JAWA TENGAH
GUNEM,REMBANG,JAWA TENGAH
SALE,REMBANG,JAWA TENGAH
SARANG,REMBANG,JAWA TENGAH
SEDAN,REMBANG,JAWA TENGAH
PAMOTAN,REMBANG,JAWA TENGAH
SULANG,REMBANG,JAWA TENGAH
KALIORI,REMBANG,JAWA TENGAH
REMBANG,REMBANG,JAWA TENGAH
PANCUR,REMBANG,JAWA TENGAH
KRAGAN,REMBANG,JAWA TENGAH
SLUKE,REMBANG,JAWA TENGAH
LASEM,REMBANG,JAWA TENGAH
SUKOLILO,PATI,JAWA TENGAH
KAYEN,PATI,JAWA TENGAH
TAMBAKROMO,PATI,JAWA TENGAH
WINONG,PATI,JAWA TENGAH
PUCAKWANGI,PATI,JAWA TENGAH
JAKEN,PATI,JAWA TENGAH
BATANGAN,PATI,JAWA TENGAH
JUWANA,PATI,JAWA TENGAH
JAKENAN,PATI,JAWA TENGAH
PATI,PATI,JAWA TENGAH
GABUS,PATI,JAWA TENGAH
MARGOREJO,PATI,JAWA TENGAH
GEMBONG,PATI,JAWA TENGAH
TLOGOWUNGU,PATI,JAWA TENGAH
WEDARIJAKSA,PATI,JAWA TENGAH
TRANGKIL,PATI,JAWA TENGAH
MARGOYOSO,PATI,JAWA TENGAH
GUNUNG WUNGKAL,PATI,JAWA TENGAH
CLUWAK,PATI,JAWA TENGAH
TAYU,PATI,JAWA TENGAH
DUKUHSETI,PATI,JAWA TENGAH
KALIWUNGU,KUDUS,JAWA TENGAH
KOTA KUDUS,KUDUS,JAWA TENGAH
JATI,KUDUS,JAWA TENGAH
UNDAAN,KUDUS,JAWA TENGAH
MEJOBO,KUDUS,JAWA TENGAH
JEKULO,KUDUS,JAWA TENGAH
BAE,KUDUS,JAWA TENGAH
GEBOG,KUDUS,JAWA TENGAH
DAWE,KUDUS,JAWA TENGAH
KEDUNG,JEPARA,JAWA TENGAH
PECANGAAN,JEPARA,JAWA TENGAH
KALINYAMATAN,JEPARA,JAWA TENGAH
WELAHAN,JEPARA,JAWA TENGAH
MAYONG,JEPARA,JAWA TENGAH
NALUMSARI,JEPARA,JAWA TENGAH
BATEALIT,JEPARA,JAWA TENGAH
TAHUNAN,JEPARA,JAWA TENGAH
JEPARA,JEPARA,JAWA TENGAH
MLONGGO,JEPARA,JAWA TENGAH
PAKIS AJI,JEPARA,JAWA TENGAH
BANGSRI,JEPARA,JAWA TENGAH
KEMBANG,JEPARA,JAWA TENGAH
KELING,JEPARA,JAWA TENGAH
DONOROJO,JEPARA,JAWA TENGAH
KARIMUNJAWA,JEPARA,JAWA TENGAH
MRANGGEN,DEMAK,JAWA TENGAH
KARANGAWEN,DEMAK,JAWA TENGAH
GUNTUR,DEMAK,JAWA TENGAH
SAYUNG,DEMAK,JAWA TENGAH
KARANG TENGAH,DEMAK,JAWA TENGAH
BONANG,DEMAK,JAWA TENGAH
DEMAK,DEMAK,JAWA TENGAH
WONOSALAM,DEMAK,JAWA TENGAH
DEMPET,DEMAK,JAWA TENGAH
KEBONAGUNG,DEMAK,JAWA TENGAH
GAJAH,DEMAK,JAWA TENGAH
KARANGANYAR,DEMAK,JAWA TENGAH
MIJEN,DEMAK,JAWA TENGAH
WEDUNG,DEMAK,JAWA TENGAH
GETASAN,SEMARANG,JAWA TENGAH
TENGARAN,SEMARANG,JAWA TENGAH
SUSUKAN,SEMARANG,JAWA TENGAH
KALIWUNGU,SEMARANG,JAWA TENGAH
SURUH,SEMARANG,JAWA TENGAH
PABELAN,SEMARANG,JAWA TENGAH
TUNTANG,SEMARANG,JAWA TENGAH
BANYUBIRU,SEMARANG,JAWA TENGAH
JAMBU,SEMARANG,JAWA TENGAH
SUMOWONO,SEMARANG,JAWA TENGAH
AMBARAWA,SEMARANG,JAWA TENGAH
BANDUNGAN,SEMARANG,JAWA TENGAH
BAWEN,SEMARANG,JAWA TENGAH
BRINGIN,SEMARANG,JAWA TENGAH
BANCAK,SEMARANG,JAWA TENGAH
PRINGAPUS,SEMARANG,JAWA TENGAH
BERGAS,SEMARANG,JAWA TENGAH
UNGARAN BARAT,SEMARANG,JAWA TENGAH
UNGARAN TIMUR,SEMARANG,JAWA TENGAH
PARAKAN,TEMANGGUNG,JAWA TENGAH
KLEDUNG,TEMANGGUNG,JAWA TENGAH
BANSARI,TEMANGGUNG,JAWA TENGAH
BULU,TEMANGGUNG,JAWA TENGAH
TEMANGGUNG,TEMANGGUNG,JAWA TENGAH
TLOGOMULYO,TEMANGGUNG,JAWA TENGAH
TEMBARAK,TEMANGGUNG,JAWA TENGAH
SELOPAMPANG,TEMANGGUNG,JAWA TENGAH
KRANGGAN,TEMANGGUNG,JAWA TENGAH
PRINGSURAT,TEMANGGUNG,JAWA TENGAH
KALORAN,TEMANGGUNG,JAWA TENGAH
KANDANGAN,TEMANGGUNG,JAWA TENGAH
KEDU,TEMANGGUNG,JAWA TENGAH
NGADIREJO,TEMANGGUNG,JAWA TENGAH
JUMO,TEMANGGUNG,JAWA TENGAH
GEMAWANG,TEMANGGUNG,JAWA TENGAH
CANDIROTO,TEMANGGUNG,JAWA TENGAH
BEJEN,TEMANGGUNG,JAWA TENGAH
TRETEP,TEMANGGUNG,JAWA TENGAH
WONOBOYO,TEMANGGUNG,JAWA TENGAH
PLANTUNGAN,KENDAL,JAWA TENGAH
SUKOREJO,KENDAL,JAWA TENGAH
PAGERRUYUNG,KENDAL,JAWA TENGAH
PATEAN,KENDAL,JAWA TENGAH
SINGOROJO,KENDAL,JAWA TENGAH
LIMBANGAN,KENDAL,JAWA TENGAH
BOJA,KENDAL,JAWA TENGAH
KALIWUNGU,KENDAL,JAWA TENGAH
KALIWUNGU SELATAN,KENDAL,JAWA TENGAH
BRANGSONG,KENDAL,JAWA TENGAH
PEGANDON,KENDAL,JAWA TENGAH
NGAMPEL,KENDAL,JAWA TENGAH
GEMUH,KENDAL,JAWA TENGAH
RINGINARUM,KENDAL,JAWA TENGAH
WELERI,KENDAL,JAWA TENGAH
ROWOSARI,KENDAL,JAWA TENGAH
KANGKUNG,KENDAL,JAWA TENGAH
CEPIRING,KENDAL,JAWA TENGAH
PATEBON,KENDAL,JAWA TENGAH
KOTA KENDAL,KENDAL,JAWA TENGAH
WONOTUNGGAL,BATANG,JAWA TENGAH
BANDAR,BATANG,JAWA TENGAH
BLADO,BATANG,JAWA TENGAH
REBAN,BATANG,JAWA TENGAH
BAWANG,BATANG,JAWA TENGAH
TERSONO,BATANG,JAWA TENGAH
GRINGSING,BATANG,JAWA TENGAH
LIMPUNG,BATANG,JAWA TENGAH
BANYUPUTIH,BATANG,JAWA TENGAH
SUBAH,BATANG,JAWA TENGAH
PECALUNGAN,BATANG,JAWA TENGAH
TULIS,BATANG,JAWA TENGAH
KANDEMAN,BATANG,JAWA TENGAH
BATANG,BATANG,JAWA TENGAH
WARUNG ASEM,BATANG,JAWA TENGAH
KANDANGSERANG,PEKALONGAN,JAWA TENGAH
PANINGGARAN,PEKALONGAN,JAWA TENGAH
LEBAKBARANG,PEKALONGAN,JAWA TENGAH
PETUNGKRIONO,PEKALONGAN,JAWA TENGAH
TALUN,PEKALONGAN,JAWA TENGAH
DORO,PEKALONGAN,JAWA TENGAH
KARANGANYAR,PEKALONGAN,JAWA TENGAH
KAJEN,PEKALONGAN,JAWA TENGAH
KESESI,PEKALONGAN,JAWA TENGAH
SRAGI,PEKALONGAN,JAWA TENGAH
SIWALAN,PEKALONGAN,JAWA TENGAH
BOJONG,PEKALONGAN,JAWA TENGAH
WONOPRINGGO,PEKALONGAN,JAWA TENGAH
KEDUNGWUNI,PEKALONGAN,JAWA TENGAH
KARANGDADAP,PEKALONGAN,JAWA TENGAH
BUARAN,PEKALONGAN,JAWA TENGAH
TIRTO,PEKALONGAN,JAWA TENGAH
WIRADESA,PEKALONGAN,JAWA TENGAH
WONOKERTO,PEKALONGAN,JAWA TENGAH
MOGA,PEMALANG,JAWA TENGAH
WARUNGPRING,PEMALANG,JAWA TENGAH
PULOSARI,PEMALANG,JAWA TENGAH
BELIK,PEMALANG,JAWA TENGAH
WATUKUMPUL,PEMALANG,JAWA TENGAH
BODEH,PEMALANG,JAWA TENGAH
BANTARBOLANG,PEMALANG,JAWA TENGAH
RANDUDONGKAL,PEMALANG,JAWA TENGAH
PEMALANG,PEMALANG,JAWA TENGAH
TAMAN,PEMALANG,JAWA TENGAH
PETARUKAN,PEMALANG,JAWA TENGAH
AMPELGADING,PEMALANG,JAWA TENGAH
COMAL,PEMALANG,JAWA TENGAH
ULUJAMI,PEMALANG,JAWA TENGAH
MARGASARI,TEGAL,JAWA TENGAH
BUMIJAWA,TEGAL,JAWA TENGAH
BOJONG,TEGAL,JAWA TENGAH
BALAPULANG,TEGAL,JAWA TENGAH
PAGERBARANG,TEGAL,JAWA TENGAH
LEBAKSIU,TEGAL,JAWA TENGAH
JATINEGARA,TEGAL,JAWA TENGAH
KEDUNG BANTENG,TEGAL,JAWA TENGAH
PANGKAH,TEGAL,JAWA TENGAH
SLAWI,TEGAL,JAWA TENGAH
DUKUHWARU,TEGAL,JAWA TENGAH
ADIWERNA,TEGAL,JAWA TENGAH
DUKUHTURI,TEGAL,JAWA TENGAH
TALANG,TEGAL,JAWA TENGAH
TARUB,TEGAL,JAWA TENGAH
KRAMAT,TEGAL,JAWA TENGAH
SURADADI,TEGAL,JAWA TENGAH
WARUREJA,TEGAL,JAWA TENGAH
SALEM,BREBES,JAWA TENGAH
BANTARKAWUNG,BREBES,JAWA TENGAH
BUMIAYU,BREBES,JAWA TENGAH
PAGUYANGAN,BREBES,JAWA TENGAH
SIRAMPOG,BREBES,JAWA TENGAH
TONJONG,BREBES,JAWA TENGAH
LARANGAN,BREBES,JAWA TENGAH
KETANGGUNGAN,BREBES,JAWA TENGAH
BANJARHARJO,BREBES,JAWA TENGAH
LOSARI,BREBES,JAWA TENGAH
TANJUNG,BREBES,JAWA TENGAH
KERSANA,BREBES,JAWA TENGAH
BULAKAMBA,BREBES,JAWA TENGAH
WANASARI,BREBES,JAWA TENGAH
SONGGOM,BREBES,JAWA TENGAH
JATIBARANG,BREBES,JAWA TENGAH
BREBES,BREBES,JAWA TENGAH
MAGELANG SELATAN,MAGELANG,JAWA TENGAH
MAGELANG TENGAH,MAGELANG,JAWA TENGAH
MAGELANG UTARA,MAGELANG,JAWA TENGAH
LAWEYAN,SOLO,JAWA TENGAH
LAWEYAN,SURAKARTA,JAWA TENGAH
SERENGAN,SURAKARTA,JAWA TENGAH
PASAR KLIWON,SURAKARTA,JAWA TENGAH
JEBRES,SURAKARTA,JAWA TENGAH
BANJARSARI,SURAKARTA,JAWA TENGAH
ARGOMULYO,SALATIGA,JAWA TENGAH
TINGKIR,SALATIGA,JAWA TENGAH
SIDOMUKTI,SALATIGA,JAWA TENGAH
SIDOREJO,SALATIGA,JAWA TENGAH
MIJEN,SEMARANG,JAWA TENGAH
GUNUNG PATI,SEMARANG,JAWA TENGAH
BANYUMANIK,SEMARANG,JAWA TENGAH
GAJAH MUNGKUR,SEMARANG,JAWA TENGAH
SEMARANG SELATAN,SEMARANG,JAWA TENGAH
CANDISARI,SEMARANG,JAWA TENGAH
TEMBALANG,SEMARANG,JAWA TENGAH
PEDURUNGAN,SEMARANG,JAWA TENGAH
GENUK,SEMARANG,JAWA TENGAH
GAYAMSARI,SEMARANG,JAWA TENGAH
SEMARANG TIMUR,SEMARANG,JAWA TENGAH
SEMARANG UTARA,SEMARANG,JAWA TENGAH
SEMARANG TENGAH,SEMARANG,JAWA TENGAH
SEMARANG BARAT,SEMARANG,JAWA TENGAH
TUGU,SEMARANG,JAWA TENGAH
NGALIYAN,SEMARANG,JAWA TENGAH
PEKALONGAN BARAT,PEKALONGAN,JAWA TENGAH
PEKALONGAN TIMUR,PEKALONGAN,JAWA TENGAH
PEKALONGAN SELATAN,PEKALONGAN,JAWA TENGAH
PEKALONGAN UTARA,PEKALONGAN,JAWA TENGAH
TEGAL SELATAN,TEGAL,JAWA TENGAH
TEGAL TIMUR,TEGAL,JAWA TENGAH
TEGAL BARAT,TEGAL,JAWA TENGAH
MARGADANA,TEGAL,JAWA TENGAH
TEMON,D.I. Yogyakarta,DI YOGYAKARTA
TEMON,D.I.Yogyakarta,DI YOGYAKARTA
TEMON,YOGYAKARTA,DI YOGYAKARTA
TEMON,KULON PROGO,DI YOGYAKARTA
WATES,KULON PROGO,DI YOGYAKARTA
PANJATAN,KULON PROGO,DI YOGYAKARTA
GALUR,KULON PROGO,DI YOGYAKARTA
LENDAH,KULON PROGO,DI YOGYAKARTA
SENTOLO,KULON PROGO,DI YOGYAKARTA
PENGASIH,KULON PROGO,DI YOGYAKARTA
KOKAP,KULON PROGO,DI YOGYAKARTA
GIRIMULYO,KULON PROGO,DI YOGYAKARTA
NANGGULAN,KULON PROGO,DI YOGYAKARTA
KALIBAWANG,KULON PROGO,DI YOGYAKARTA
SAMIGALUH,KULON PROGO,DI YOGYAKARTA
SRANDAKAN,BANTUL,DI YOGYAKARTA
SANDEN,BANTUL,DI YOGYAKARTA
KRETEK,BANTUL,DI YOGYAKARTA
PUNDONG,BANTUL,DI YOGYAKARTA
BAMBANG LIPURO,BANTUL,DI YOGYAKARTA
PANDAK,BANTUL,DI YOGYAKARTA
BANTUL,BANTUL,DI YOGYAKARTA
JETIS,BANTUL,DI YOGYAKARTA
IMOGIRI,BANTUL,DI YOGYAKARTA
DLINGO,BANTUL,DI YOGYAKARTA
PLERET,BANTUL,DI YOGYAKARTA
PIYUNGAN,BANTUL,DI YOGYAKARTA
BANGUNTAPAN,BANTUL,DI YOGYAKARTA
SEWON,BANTUL,DI YOGYAKARTA
KASIHAN,BANTUL,DI YOGYAKARTA
PAJANGAN,BANTUL,DI YOGYAKARTA
SEDAYU,BANTUL,DI YOGYAKARTA
PANGGANG,GUNUNG KIDUL,DI YOGYAKARTA
PURWOSARI,GUNUNG KIDUL,DI YOGYAKARTA
PALIYAN,GUNUNG KIDUL,DI YOGYAKARTA
SAPTO SARI,GUNUNG KIDUL,DI YOGYAKARTA
TEPUS,GUNUNG KIDUL,DI YOGYAKARTA
TANJUNGSARI,GUNUNG KIDUL,DI YOGYAKARTA
RONGKOP,GUNUNG KIDUL,DI YOGYAKARTA
GIRISUBO,GUNUNG KIDUL,DI YOGYAKARTA
SEMANU,GUNUNG KIDUL,DI YOGYAKARTA
PONJONG,GUNUNG KIDUL,DI YOGYAKARTA
KARANGMOJO,GUNUNG KIDUL,DI YOGYAKARTA
WONOSARI,GUNUNG KIDUL,DI YOGYAKARTA
PLAYEN,GUNUNG KIDUL,DI YOGYAKARTA
PATUK,GUNUNG KIDUL,DI YOGYAKARTA
GEDANG SARI,GUNUNG KIDUL,DI YOGYAKARTA
NGLIPAR,GUNUNG KIDUL,DI YOGYAKARTA
NGAWEN,GUNUNG KIDUL,DI YOGYAKARTA
SEMIN,GUNUNG KIDUL,DI YOGYAKARTA
MOYUDAN,SLEMAN,DI YOGYAKARTA
MINGGIR,SLEMAN,DI YOGYAKARTA
SEYEGAN,SLEMAN,DI YOGYAKARTA
GODEAN,SLEMAN,DI YOGYAKARTA
GAMPING,SLEMAN,DI YOGYAKARTA
MLATI,SLEMAN,DI YOGYAKARTA
DEPOK,SLEMAN,DI YOGYAKARTA
BERBAH,SLEMAN,DI YOGYAKARTA
PRAMBANAN,SLEMAN,DI YOGYAKARTA
KALASAN,SLEMAN,DI YOGYAKARTA
NGEMPLAK,SLEMAN,DI YOGYAKARTA
NGAGLIK,SLEMAN,DI YOGYAKARTA
SLEMAN,SLEMAN,DI YOGYAKARTA
TEMPEL,SLEMAN,DI YOGYAKARTA
TURI,SLEMAN,DI YOGYAKARTA
PAKEM,SLEMAN,DI YOGYAKARTA
CANGKRINGAN,SLEMAN,DI YOGYAKARTA
MANTRIJERON,YOGYAKARTA,DI YOGYAKARTA
KRATON,YOGYAKARTA,DI YOGYAKARTA
MERGANGSAN,YOGYAKARTA,DI YOGYAKARTA
UMBULHARJO,YOGYAKARTA,DI YOGYAKARTA
KOTAGEDE,YOGYAKARTA,DI YOGYAKARTA
GONDOKUSUMAN,YOGYAKARTA,DI YOGYAKARTA
DANUREJAN,YOGYAKARTA,DI YOGYAKARTA
PAKUALAMAN,YOGYAKARTA,DI YOGYAKARTA
GONDOMANAN,YOGYAKARTA,DI YOGYAKARTA
NGAMPILAN,YOGYAKARTA,DI YOGYAKARTA
WIROBRAJAN,YOGYAKARTA,DI YOGYAKARTA
GEDONG TENGEN,YOGYAKARTA,DI YOGYAKARTA
JETIS,YOGYAKARTA,DI YOGYAKARTA
TEGALREJO,YOGYAKARTA,DI YOGYAKARTA
DONOROJO,PACITAN,JAWA TIMUR
PUNUNG,PACITAN,JAWA TIMUR
PRINGKUKU,PACITAN,JAWA TIMUR
PACITAN,PACITAN,JAWA TIMUR
KEBONAGUNG,PACITAN,JAWA TIMUR
ARJOSARI,PACITAN,JAWA TIMUR
NAWANGAN,PACITAN,JAWA TIMUR
BANDAR,PACITAN,JAWA TIMUR
TEGALOMBO,PACITAN,JAWA TIMUR
TULAKAN,PACITAN,JAWA TIMUR
NGADIROJO,PACITAN,JAWA TIMUR
SUDIMORO,PACITAN,JAWA TIMUR
NGRAYUN,PONOROGO,JAWA TIMUR
SLAHUNG,PONOROGO,JAWA TIMUR
BUNGKAL,PONOROGO,JAWA TIMUR
SAMBIT,PONOROGO,JAWA TIMUR
SAWOO,PONOROGO,JAWA TIMUR
SOOKO,PONOROGO,JAWA TIMUR
PUDAK,PONOROGO,JAWA TIMUR
PULUNG,PONOROGO,JAWA TIMUR
MLARAK,PONOROGO,JAWA TIMUR
SIMAN,PONOROGO,JAWA TIMUR
JETIS,PONOROGO,JAWA TIMUR
BALONG,PONOROGO,JAWA TIMUR
KAUMAN,PONOROGO,JAWA TIMUR
JAMBON,PONOROGO,JAWA TIMUR
BADEGAN,PONOROGO,JAWA TIMUR
SAMPUNG,PONOROGO,JAWA TIMUR
SUKOREJO,PONOROGO,JAWA TIMUR
PONOROGO,PONOROGO,JAWA TIMUR
BABADAN,PONOROGO,JAWA TIMUR
JENANGAN,PONOROGO,JAWA TIMUR
NGEBEL,PONOROGO,JAWA TIMUR
PANGGUL,TRENGGALEK,JAWA TIMUR
MUNJUNGAN,TRENGGALEK,JAWA TIMUR
WATULIMO,TRENGGALEK,JAWA TIMUR
KAMPAK,TRENGGALEK,JAWA TIMUR
DONGKO,TRENGGALEK,JAWA TIMUR
PULE,TRENGGALEK,JAWA TIMUR
KARANGAN,TRENGGALEK,JAWA TIMUR
SURUH,TRENGGALEK,JAWA TIMUR
GANDUSARI,TRENGGALEK,JAWA TIMUR
DURENAN,TRENGGALEK,JAWA TIMUR
POGALAN,TRENGGALEK,JAWA TIMUR
TRENGGALEK,TRENGGALEK,JAWA TIMUR
TUGU,TRENGGALEK,JAWA TIMUR
BENDUNGAN,TRENGGALEK,JAWA TIMUR
BESUKI,TULUNGAGUNG,JAWA TIMUR
BANDUNG,TULUNGAGUNG,JAWA TIMUR
PAKEL,TULUNGAGUNG,JAWA TIMUR
CAMPUR DARAT,TULUNGAGUNG,JAWA TIMUR
TANGGUNG GUNUNG,TULUNGAGUNG,JAWA TIMUR
KALIDAWIR,TULUNGAGUNG,JAWA TIMUR
PUCANG LABAN,TULUNGAGUNG,JAWA TIMUR
REJOTANGAN,TULUNGAGUNG,JAWA TIMUR
NGUNUT,TULUNGAGUNG,JAWA TIMUR
SUMBERGEMPOL,TULUNGAGUNG,JAWA TIMUR
BOYOLANGU,TULUNGAGUNG,JAWA TIMUR
TULUNGAGUNG,TULUNGAGUNG,JAWA TIMUR
KEDUNGWARU,TULUNGAGUNG,JAWA TIMUR
NGANTRU,TULUNGAGUNG,JAWA TIMUR
KARANGREJO,TULUNGAGUNG,JAWA TIMUR
KAUMAN,TULUNGAGUNG,JAWA TIMUR
GONDANG,TULUNGAGUNG,JAWA TIMUR
PAGER WOJO,TULUNGAGUNG,JAWA TIMUR
SENDANG,TULUNGAGUNG,JAWA TIMUR
BAKUNG,BLITAR,JAWA TIMUR
WONOTIRTO,BLITAR,JAWA TIMUR
PANGGUNGREJO,BLITAR,JAWA TIMUR
WATES,BLITAR,JAWA TIMUR
BINANGUN,BLITAR,JAWA TIMUR
SUTOJAYAN,BLITAR,JAWA TIMUR
KADEMANGAN,BLITAR,JAWA TIMUR
KANIGORO,BLITAR,JAWA TIMUR
TALUN,BLITAR,JAWA TIMUR
SELOPURO,BLITAR,JAWA TIMUR
KESAMBEN,BLITAR,JAWA TIMUR
SELOREJO,BLITAR,JAWA TIMUR
DOKO,BLITAR,JAWA TIMUR
WLINGI,BLITAR,JAWA TIMUR
GANDUSARI,BLITAR,JAWA TIMUR
GARUM,BLITAR,JAWA TIMUR
NGLEGOK,BLITAR,JAWA TIMUR
SANANKULON,BLITAR,JAWA TIMUR
PONGGOK,BLITAR,JAWA TIMUR
SRENGAT,BLITAR,JAWA TIMUR
WONODADI,BLITAR,JAWA TIMUR
UDANAWU,BLITAR,JAWA TIMUR
MOJO,KEDIRI,JAWA TIMUR
SEMEN,KEDIRI,JAWA TIMUR
NGADILUWIH,KEDIRI,JAWA TIMUR
KRAS,KEDIRI,JAWA TIMUR
RINGINREJO,KEDIRI,JAWA TIMUR
KANDAT,KEDIRI,JAWA TIMUR
WATES,KEDIRI,JAWA TIMUR
NGANCAR,KEDIRI,JAWA TIMUR
PLOSOKLATEN,KEDIRI,JAWA TIMUR
GURAH,KEDIRI,JAWA TIMUR
PUNCU,KEDIRI,JAWA TIMUR
KEPUNG,KEDIRI,JAWA TIMUR
KANDANGAN,KEDIRI,JAWA TIMUR
PARE,KEDIRI,JAWA TIMUR
BADAS,KEDIRI,JAWA TIMUR
KUNJANG,KEDIRI,JAWA TIMUR
PLEMAHAN,KEDIRI,JAWA TIMUR
PURWOASRI,KEDIRI,JAWA TIMUR
PAPAR,KEDIRI,JAWA TIMUR
PAGU,KEDIRI,JAWA TIMUR
KAYEN KIDUL,KEDIRI,JAWA TIMUR
GAMPENGREJO,KEDIRI,JAWA TIMUR
NGASEM,KEDIRI,JAWA TIMUR
BANYAKAN,KEDIRI,JAWA TIMUR
GROGOL,KEDIRI,JAWA TIMUR
TAROKAN,KEDIRI,JAWA TIMUR
DONOMULYO,MALANG,JAWA TIMUR
KALIPARE,MALANG,JAWA TIMUR
PAGAK,MALANG,JAWA TIMUR
BANTUR,MALANG,JAWA TIMUR
GEDANGAN,MALANG,JAWA TIMUR
SUMBERMANJING,MALANG,JAWA TIMUR
DAMPIT,MALANG,JAWA TIMUR
TIRTO YUDO,MALANG,JAWA TIMUR
AMPELGADING,MALANG,JAWA TIMUR
PONCOKUSUMO,MALANG,JAWA TIMUR
WAJAK,MALANG,JAWA TIMUR
TUREN,MALANG,JAWA TIMUR
BULULAWANG,MALANG,JAWA TIMUR
GONDANGLEGI,MALANG,JAWA TIMUR
PAGELARAN,MALANG,JAWA TIMUR
KEPANJEN,MALANG,JAWA TIMUR
SUMBER PUCUNG,MALANG,JAWA TIMUR
KROMENGAN,MALANG,JAWA TIMUR
NGAJUM,MALANG,JAWA TIMUR
WONOSARI,MALANG,JAWA TIMUR
WAGIR,MALANG,JAWA TIMUR
PAKISAJI,MALANG,JAWA TIMUR
TAJINAN,MALANG,JAWA TIMUR
TUMPANG,MALANG,JAWA TIMUR
PAKIS,MALANG,JAWA TIMUR
JABUNG,MALANG,JAWA TIMUR
LAWANG,MALANG,JAWA TIMUR
SINGOSARI,MALANG,JAWA TIMUR
KARANGPLOSO,MALANG,JAWA TIMUR
DAU,MALANG,JAWA TIMUR
PUJON,MALANG,JAWA TIMUR
NGANTANG,MALANG,JAWA TIMUR
KASEMBON,MALANG,JAWA TIMUR
TEMPURSARI,LUMAJANG,JAWA TIMUR
PRONOJIWO,LUMAJANG,JAWA TIMUR
CANDIPURO,LUMAJANG,JAWA TIMUR
PASIRIAN,LUMAJANG,JAWA TIMUR
TEMPEH,LUMAJANG,JAWA TIMUR
LUMAJANG,LUMAJANG,JAWA TIMUR
SUMBERSUKO,LUMAJANG,JAWA TIMUR
TEKUNG,LUMAJANG,JAWA TIMUR
KUNIR,LUMAJANG,JAWA TIMUR
YOSOWILANGUN,LUMAJANG,JAWA TIMUR
ROWOKANGKUNG,LUMAJANG,JAWA TIMUR
JATIROTO,LUMAJANG,JAWA TIMUR
RANDUAGUNG,LUMAJANG,JAWA TIMUR
SUKODONO,LUMAJANG,JAWA TIMUR
PADANG,LUMAJANG,JAWA TIMUR
PASRUJAMBE,LUMAJANG,JAWA TIMUR
SENDURO,LUMAJANG,JAWA TIMUR
GUCIALIT,LUMAJANG,JAWA TIMUR
KEDUNGJAJANG,LUMAJANG,JAWA TIMUR
KLAKAH,LUMAJANG,JAWA TIMUR
RANUYOSO,LUMAJANG,JAWA TIMUR
KENCONG,JEMBER,JAWA TIMUR
GUMUK MAS,JEMBER,JAWA TIMUR
PUGER,JEMBER,JAWA TIMUR
WULUHAN,JEMBER,JAWA TIMUR
AMBULU,JEMBER,JAWA TIMUR
TEMPUREJO,JEMBER,JAWA TIMUR
SILO,JEMBER,JAWA TIMUR
MAYANG,JEMBER,JAWA TIMUR
MUMBULSARI,JEMBER,JAWA TIMUR
JENGGAWAH,JEMBER,JAWA TIMUR
AJUNG,JEMBER,JAWA TIMUR
RAMBIPUJI,JEMBER,JAWA TIMUR
BALUNG,JEMBER,JAWA TIMUR
UMBULSARI,JEMBER,JAWA TIMUR
SEMBORO,JEMBER,JAWA TIMUR
JOMBANG,JEMBER,JAWA TIMUR
SUMBER BARU,JEMBER,JAWA TIMUR
TANGGUL,JEMBER,JAWA TIMUR
BANGSALSARI,JEMBER,JAWA TIMUR
PANTI,JEMBER,JAWA TIMUR
SUKORAMBI,JEMBER,JAWA TIMUR
ARJASA,JEMBER,JAWA TIMUR
PAKUSARI,JEMBER,JAWA TIMUR
KALISAT,JEMBER,JAWA TIMUR
LEDOKOMBO,JEMBER,JAWA TIMUR
SUMBERJAMBE,JEMBER,JAWA TIMUR
SUKOWONO,JEMBER,JAWA TIMUR
JELBUK,JEMBER,JAWA TIMUR
KALIWATES,JEMBER,JAWA TIMUR
SUMBERSARI,JEMBER,JAWA TIMUR
PATRANG,JEMBER,JAWA TIMUR
PESANGGARAN,BANYUWANGI,JAWA TIMUR
SILIRAGUNG,BANYUWANGI,JAWA TIMUR
BANGOREJO,BANYUWANGI,JAWA TIMUR
PURWOHARJO,BANYUWANGI,JAWA TIMUR
TEGALDLIMO,BANYUWANGI,JAWA TIMUR
MUNCAR,BANYUWANGI,JAWA TIMUR
CLURING,BANYUWANGI,JAWA TIMUR
GAMBIRAN,BANYUWANGI,JAWA TIMUR
TEGALSARI,BANYUWANGI,JAWA TIMUR
GLENMORE,BANYUWANGI,JAWA TIMUR
KALIBARU,BANYUWANGI,JAWA TIMUR
GENTENG,BANYUWANGI,JAWA TIMUR
SRONO,BANYUWANGI,JAWA TIMUR
ROGOJAMPI,BANYUWANGI,JAWA TIMUR
BLIMBINGSARI,BANYUWANGI,JAWA TIMUR
KABAT,BANYUWANGI,JAWA TIMUR
SINGOJURUH,BANYUWANGI,JAWA TIMUR
SEMPU,BANYUWANGI,JAWA TIMUR
SONGGON,BANYUWANGI,JAWA TIMUR
GLAGAH,BANYUWANGI,JAWA TIMUR
LICIN,BANYUWANGI,JAWA TIMUR
BANYUWANGI,BANYUWANGI,JAWA TIMUR
GIRI,BANYUWANGI,JAWA TIMUR
KALIPURO,BANYUWANGI,JAWA TIMUR
WONGSOREJO,BANYUWANGI,JAWA TIMUR
MAESAN,BONDOWOSO,JAWA TIMUR
GRUJUGAN,BONDOWOSO,JAWA TIMUR
TAMANAN,BONDOWOSO,JAWA TIMUR
JAMBESARI DARUS SHOLAH,BONDOWOSO,JAWA TIMUR
PUJER,BONDOWOSO,JAWA TIMUR
TLOGOSARI,BONDOWOSO,JAWA TIMUR
SUKOSARI,BONDOWOSO,JAWA TIMUR
SUMBER WRINGIN,BONDOWOSO,JAWA TIMUR
TAPEN,BONDOWOSO,JAWA TIMUR
WONOSARI,BONDOWOSO,JAWA TIMUR
TENGGARANG,BONDOWOSO,JAWA TIMUR
BONDOWOSO,BONDOWOSO,JAWA TIMUR
CURAH DAMI,BONDOWOSO,JAWA TIMUR
BINAKAL,BONDOWOSO,JAWA TIMUR
PAKEM,BONDOWOSO,JAWA TIMUR
WRINGIN,BONDOWOSO,JAWA TIMUR
TEGALAMPEL,BONDOWOSO,JAWA TIMUR
TAMAN KROCOK,BONDOWOSO,JAWA TIMUR
KLABANG,BONDOWOSO,JAWA TIMUR
IJEN,BONDOWOSO,JAWA TIMUR
BOTOLINGGO,BONDOWOSO,JAWA TIMUR
PRAJEKAN,BONDOWOSO,JAWA TIMUR
CERMEE,BONDOWOSO,JAWA TIMUR
SUMBERMALANG,SITUBONDO,JAWA TIMUR
JATIBANTENG,SITUBONDO,JAWA TIMUR
BANYUGLUGUR,SITUBONDO,JAWA TIMUR
BESUKI,SITUBONDO,JAWA TIMUR
SUBOH,SITUBONDO,JAWA TIMUR
MLANDINGAN,SITUBONDO,JAWA TIMUR
BUNGATAN,SITUBONDO,JAWA TIMUR
KENDIT,SITUBONDO,JAWA TIMUR
PANARUKAN,SITUBONDO,JAWA TIMUR
SITUBONDO,SITUBONDO,JAWA TIMUR
MANGARAN,SITUBONDO,JAWA TIMUR
PANJI,SITUBONDO,JAWA TIMUR
KAPONGAN,SITUBONDO,JAWA TIMUR
ARJASA,SITUBONDO,JAWA TIMUR
JANGKAR,SITUBONDO,JAWA TIMUR
ASEMBAGUS,SITUBONDO,JAWA TIMUR
BANYUPUTIH,SITUBONDO,JAWA TIMUR
SUKAPURA,PROBOLINGGO,JAWA TIMUR
SUMBER,PROBOLINGGO,JAWA TIMUR
KURIPAN,PROBOLINGGO,JAWA TIMUR
BANTARAN,PROBOLINGGO,JAWA TIMUR
LECES,PROBOLINGGO,JAWA TIMUR
TEGALSIWALAN,PROBOLINGGO,JAWA TIMUR
BANYUANYAR,PROBOLINGGO,JAWA TIMUR
TIRIS,PROBOLINGGO,JAWA TIMUR
KRUCIL,PROBOLINGGO,JAWA TIMUR
GADING,PROBOLINGGO,JAWA TIMUR
PAKUNIRAN,PROBOLINGGO,JAWA TIMUR
KOTAANYAR,PROBOLINGGO,JAWA TIMUR
PAITON,PROBOLINGGO,JAWA TIMUR
BESUK,PROBOLINGGO,JAWA TIMUR
KRAKSAAN,PROBOLINGGO,JAWA TIMUR
KREJENGAN,PROBOLINGGO,JAWA TIMUR
PAJARAKAN,PROBOLINGGO,JAWA TIMUR
MARON,PROBOLINGGO,JAWA TIMUR
GENDING,PROBOLINGGO,JAWA TIMUR
DRINGU,PROBOLINGGO,JAWA TIMUR
WONOMERTO,PROBOLINGGO,JAWA TIMUR
LUMBANG,PROBOLINGGO,JAWA TIMUR
TONGAS,PROBOLINGGO,JAWA TIMUR
SUMBERASIH,PROBOLINGGO,JAWA TIMUR
PURWODADI,PASURUAN,JAWA TIMUR
TUTUR,PASURUAN,JAWA TIMUR
PUSPO,PASURUAN,JAWA TIMUR
TOSARI,PASURUAN,JAWA TIMUR
LUMBANG,PASURUAN,JAWA TIMUR
PASREPAN,PASURUAN,JAWA TIMUR
KEJAYAN,PASURUAN,JAWA TIMUR
WONOREJO,PASURUAN,JAWA TIMUR
PURWOSARI,PASURUAN,JAWA TIMUR
PRIGEN,PASURUAN,JAWA TIMUR
SUKOREJO,PASURUAN,JAWA TIMUR
PANDAAN,PASURUAN,JAWA TIMUR
GEMPOL,PASURUAN,JAWA TIMUR
BEJI,PASURUAN,JAWA TIMUR
BANGIL,PASURUAN,JAWA TIMUR
REMBANG,PASURUAN,JAWA TIMUR
KRATON,PASURUAN,JAWA TIMUR
POHJENTREK,PASURUAN,JAWA TIMUR
GONDANG WETAN,PASURUAN,JAWA TIMUR
REJOSO,PASURUAN,JAWA TIMUR
WINONGAN,PASURUAN,JAWA TIMUR
GRATI,PASURUAN,JAWA TIMUR
LEKOK,PASURUAN,JAWA TIMUR
NGULING,PASURUAN,JAWA TIMUR
TARIK,SIDOARJO,JAWA TIMUR
PRAMBON,SIDOARJO,JAWA TIMUR
KREMBUNG,SIDOARJO,JAWA TIMUR
PORONG,SIDOARJO,JAWA TIMUR
JABON,SIDOARJO,JAWA TIMUR
TANGGULANGIN,SIDOARJO,JAWA TIMUR
CANDI,SIDOARJO,JAWA TIMUR
TULANGAN,SIDOARJO,JAWA TIMUR
WONOAYU,SIDOARJO,JAWA TIMUR
SUKODONO,SIDOARJO,JAWA TIMUR
SIDOARJO,SIDOARJO,JAWA TIMUR
BUDURAN,SIDOARJO,JAWA TIMUR
SEDATI,SIDOARJO,JAWA TIMUR
WARU,SIDOARJO,JAWA TIMUR
GEDANGAN,SIDOARJO,JAWA TIMUR
TAMAN,SIDOARJO,JAWA TIMUR
KRIAN,SIDOARJO,JAWA TIMUR
BALONG BENDO,SIDOARJO,JAWA TIMUR
JATIREJO,MOJOKERTO,JAWA TIMUR
GONDANG,MOJOKERTO,JAWA TIMUR
PACET,MOJOKERTO,JAWA TIMUR
TRAWAS,MOJOKERTO,JAWA TIMUR
NGORO,MOJOKERTO,JAWA TIMUR
PUNGGING,MOJOKERTO,JAWA TIMUR
KUTOREJO,MOJOKERTO,JAWA TIMUR
MOJOSARI,MOJOKERTO,JAWA TIMUR
BANGSAL,MOJOKERTO,JAWA TIMUR
MOJOANYAR,MOJOKERTO,JAWA TIMUR
DLANGGU,MOJOKERTO,JAWA TIMUR
PURI,MOJOKERTO,JAWA TIMUR
TROWULAN,MOJOKERTO,JAWA TIMUR
SOOKO,MOJOKERTO,JAWA TIMUR
GEDEK,MOJOKERTO,JAWA TIMUR
KEMLAGI,MOJOKERTO,JAWA TIMUR
JETIS,MOJOKERTO,JAWA TIMUR
DAWAR BLANDONG,MOJOKERTO,JAWA TIMUR
BANDAR KEDUNG MULYO,JOMBANG,JAWA TIMUR
PERAK,JOMBANG,JAWA TIMUR
GUDO,JOMBANG,JAWA TIMUR
DIWEK,JOMBANG,JAWA TIMUR
NGORO,JOMBANG,JAWA TIMUR
MOJOWARNO,JOMBANG,JAWA TIMUR
BARENG,JOMBANG,JAWA TIMUR
WONOSALAM,JOMBANG,JAWA TIMUR
MOJOAGUNG,JOMBANG,JAWA TIMUR
SUMOBITO,JOMBANG,JAWA TIMUR
JOGO ROTO,JOMBANG,JAWA TIMUR
PETERONGAN,JOMBANG,JAWA TIMUR
JOMBANG,JOMBANG,JAWA TIMUR
MEGALUH,JOMBANG,JAWA TIMUR
TEMBELANG,JOMBANG,JAWA TIMUR
KESAMBEN,JOMBANG,JAWA TIMUR
KUDU,JOMBANG,JAWA TIMUR
NGUSIKAN,JOMBANG,JAWA TIMUR
PLOSO,JOMBANG,JAWA TIMUR
KABUH,JOMBANG,JAWA TIMUR
PLANDAAN,JOMBANG,JAWA TIMUR
SAWAHAN,NGANJUK,JAWA TIMUR
NGETOS,NGANJUK,JAWA TIMUR
BERBEK,NGANJUK,JAWA TIMUR
LOCERET,NGANJUK,JAWA TIMUR
PACE,NGANJUK,JAWA TIMUR
TANJUNGANOM,NGANJUK,JAWA TIMUR
PRAMBON,NGANJUK,JAWA TIMUR
NGRONGGOT,NGANJUK,JAWA TIMUR
KERTOSONO,NGANJUK,JAWA TIMUR
PATIANROWO,NGANJUK,JAWA TIMUR
BARON,NGANJUK,JAWA TIMUR
GONDANG,NGANJUK,JAWA TIMUR
SUKOMORO,NGANJUK,JAWA TIMUR
NGANJUK,NGANJUK,JAWA TIMUR
BAGOR,NGANJUK,JAWA TIMUR
WILANGAN,NGANJUK,JAWA TIMUR
REJOSO,NGANJUK,JAWA TIMUR
NGLUYU,NGANJUK,JAWA TIMUR
LENGKONG,NGANJUK,JAWA TIMUR
JATIKALEN,NGANJUK,JAWA TIMUR
KEBONSARI,MADIUN,JAWA TIMUR
GEGER,MADIUN,JAWA TIMUR
DOLOPO,MADIUN,JAWA TIMUR
DAGANGAN,MADIUN,JAWA TIMUR
WUNGU,MADIUN,JAWA TIMUR
KARE,MADIUN,JAWA TIMUR
GEMARANG,MADIUN,JAWA TIMUR
SARADAN,MADIUN,JAWA TIMUR
PILANGKENCENG,MADIUN,JAWA TIMUR
MEJAYAN,MADIUN,JAWA TIMUR
WONOASRI,MADIUN,JAWA TIMUR
BALEREJO,MADIUN,JAWA TIMUR
MADIUN,MADIUN,JAWA TIMUR
SAWAHAN,MADIUN,JAWA TIMUR
JIWAN,MADIUN,JAWA TIMUR
PONCOL,MAGETAN,JAWA TIMUR
PARANG,MAGETAN,JAWA TIMUR
LEMBEYAN,MAGETAN,JAWA TIMUR
TAKERAN,MAGETAN,JAWA TIMUR
NGUNTORONADI,MAGETAN,JAWA TIMUR
KAWEDANAN,MAGETAN,JAWA TIMUR
MAGETAN,MAGETAN,JAWA TIMUR
NGARIBOYO,MAGETAN,JAWA TIMUR
PLAOSAN,MAGETAN,JAWA TIMUR
SIDOREJO,MAGETAN,JAWA TIMUR
PANEKAN,MAGETAN,JAWA TIMUR
SUKOMORO,MAGETAN,JAWA TIMUR
BENDO,MAGETAN,JAWA TIMUR
MAOSPATI,MAGETAN,JAWA TIMUR
KARANGREJO,MAGETAN,JAWA TIMUR
KARAS,MAGETAN,JAWA TIMUR
BARAT,MAGETAN,JAWA TIMUR
KARTOHARJO,MAGETAN,JAWA TIMUR
SINE,NGAWI,JAWA TIMUR
NGRAMBE,NGAWI,JAWA TIMUR
JOGOROGO,NGAWI,JAWA TIMUR
KENDAL,NGAWI,JAWA TIMUR
GENENG,NGAWI,JAWA TIMUR
GERIH,NGAWI,JAWA TIMUR
KWADUNGAN,NGAWI,JAWA TIMUR
PANGKUR,NGAWI,JAWA TIMUR
KARANGJATI,NGAWI,JAWA TIMUR
BRINGIN,NGAWI,JAWA TIMUR
PADAS,NGAWI,JAWA TIMUR
KASREMAN,NGAWI,JAWA TIMUR
NGAWI,NGAWI,JAWA TIMUR
PARON,NGAWI,JAWA TIMUR
KEDUNGGALAR,NGAWI,JAWA TIMUR
PITU,NGAWI,JAWA TIMUR
WIDODAREN,NGAWI,JAWA TIMUR
MANTINGAN,NGAWI,JAWA TIMUR
KARANGANYAR,NGAWI,JAWA TIMUR
MARGOMULYO,BOJONEGORO,JAWA TIMUR
NGRAHO,BOJONEGORO,JAWA TIMUR
TAMBAKREJO,BOJONEGORO,JAWA TIMUR
NGAMBON,BOJONEGORO,JAWA TIMUR
SEKAR,BOJONEGORO,JAWA TIMUR
BUBULAN,BOJONEGORO,JAWA TIMUR
GONDANG,BOJONEGORO,JAWA TIMUR
TEMAYANG,BOJONEGORO,JAWA TIMUR
SUGIHWARAS,BOJONEGORO,JAWA TIMUR
KEDUNGADEM,BOJONEGORO,JAWA TIMUR
KEPOH BARU,BOJONEGORO,JAWA TIMUR
BAURENO,BOJONEGORO,JAWA TIMUR
KANOR,BOJONEGORO,JAWA TIMUR
SUMBEREJO,BOJONEGORO,JAWA TIMUR
BALEN,BOJONEGORO,JAWA TIMUR
SUKOSEWU,BOJONEGORO,JAWA TIMUR
KAPAS,BOJONEGORO,JAWA TIMUR
BOJONEGORO,BOJONEGORO,JAWA TIMUR
TRUCUK,BOJONEGORO,JAWA TIMUR
DANDER,BOJONEGORO,JAWA TIMUR
NGASEM,BOJONEGORO,JAWA TIMUR
GAYAM,BOJONEGORO,JAWA TIMUR
KALITIDU,BOJONEGORO,JAWA TIMUR
MALO,BOJONEGORO,JAWA TIMUR
PURWOSARI,BOJONEGORO,JAWA TIMUR
PADANGAN,BOJONEGORO,JAWA TIMUR
KASIMAN,BOJONEGORO,JAWA TIMUR
KEDEWAN,BOJONEGORO,JAWA TIMUR
KENDURUAN,TUBAN,JAWA TIMUR
BANGILAN,TUBAN,JAWA TIMUR
SENORI,TUBAN,JAWA TIMUR
SINGGAHAN,TUBAN,JAWA TIMUR
MONTONG,TUBAN,JAWA TIMUR
PARENGAN,TUBAN,JAWA TIMUR
SOKO,TUBAN,JAWA TIMUR
RENGEL,TUBAN,JAWA TIMUR
GRABAGAN,TUBAN,JAWA TIMUR
PLUMPANG,TUBAN,JAWA TIMUR
WIDANG,TUBAN,JAWA TIMUR
PALANG,TUBAN,JAWA TIMUR
SEMANDING,TUBAN,JAWA TIMUR
TUBAN,TUBAN,JAWA TIMUR
JENU,TUBAN,JAWA TIMUR
MERAKURAK,TUBAN,JAWA TIMUR
KEREK,TUBAN,JAWA TIMUR
TAMBAKBOYO,TUBAN,JAWA TIMUR
JATIROGO,TUBAN,JAWA TIMUR
BANCAR,TUBAN,JAWA TIMUR
SUKORAME,LAMONGAN,JAWA TIMUR
BLULUK,LAMONGAN,JAWA TIMUR
NGIMBANG,LAMONGAN,JAWA TIMUR
SAMBENG,LAMONGAN,JAWA TIMUR
MANTUP,LAMONGAN,JAWA TIMUR
KEMBANGBAHU,LAMONGAN,JAWA TIMUR
SUGIO,LAMONGAN,JAWA TIMUR
KEDUNGPRING,LAMONGAN,JAWA TIMUR
MODO,LAMONGAN,JAWA TIMUR
BABAT,LAMONGAN,JAWA TIMUR
PUCUK,LAMONGAN,JAWA TIMUR
SUKODADI,LAMONGAN,JAWA TIMUR
LAMONGAN,LAMONGAN,JAWA TIMUR
TIKUNG,LAMONGAN,JAWA TIMUR
SARIREJO,LAMONGAN,JAWA TIMUR
DEKET,LAMONGAN,JAWA TIMUR
GLAGAH,LAMONGAN,JAWA TIMUR
KARANGBINANGUN,LAMONGAN,JAWA TIMUR
TURI,LAMONGAN,JAWA TIMUR
KALITENGAH,LAMONGAN,JAWA TIMUR
KARANG GENENG,LAMONGAN,JAWA TIMUR
SEKARAN,LAMONGAN,JAWA TIMUR
MADURAN,LAMONGAN,JAWA TIMUR
LAREN,LAMONGAN,JAWA TIMUR
SOLOKURO,LAMONGAN,JAWA TIMUR
PACIRAN,LAMONGAN,JAWA TIMUR
BRONDONG,LAMONGAN,JAWA TIMUR
WRINGINANOM,GRESIK,JAWA TIMUR
DRIYOREJO,GRESIK,JAWA TIMUR
KEDAMEAN,GRESIK,JAWA TIMUR
MENGANTI,GRESIK,JAWA TIMUR
CERME,GRESIK,JAWA TIMUR
BENJENG,GRESIK,JAWA TIMUR
BALONGPANGGANG,GRESIK,JAWA TIMUR
DUDUKSAMPEYAN,GRESIK,JAWA TIMUR
KEBOMAS,GRESIK,JAWA TIMUR
GRESIK,GRESIK,JAWA TIMUR
MANYAR,GRESIK,JAWA TIMUR
BUNGAH,GRESIK,JAWA TIMUR
SIDAYU,GRESIK,JAWA TIMUR
DUKUN,GRESIK,JAWA TIMUR
PANCENG,GRESIK,JAWA TIMUR
UJUNGPANGKAH,GRESIK,JAWA TIMUR
SANGKAPURA,GRESIK,JAWA TIMUR
TAMBAK,GRESIK,JAWA TIMUR
KAMAL,BANGKALAN,JAWA TIMUR
LABANG,BANGKALAN,JAWA TIMUR
KWANYAR,BANGKALAN,JAWA TIMUR
MODUNG,BANGKALAN,JAWA TIMUR
BLEGA,BANGKALAN,JAWA TIMUR
KONANG,BANGKALAN,JAWA TIMUR
GALIS,BANGKALAN,JAWA TIMUR
TANAH MERAH,BANGKALAN,JAWA TIMUR
TRAGAH,BANGKALAN,JAWA TIMUR
SOCAH,BANGKALAN,JAWA TIMUR
BANGKALAN,BANGKALAN,JAWA TIMUR
BURNEH,BANGKALAN,JAWA TIMUR
AROSBAYA,BANGKALAN,JAWA TIMUR
GEGER,BANGKALAN,JAWA TIMUR
KOKOP,BANGKALAN,JAWA TIMUR
TANJUNGBUMI,BANGKALAN,JAWA TIMUR
SEPULU,BANGKALAN,JAWA TIMUR
KLAMPIS,BANGKALAN,JAWA TIMUR
SRESEH,SAMPANG,JAWA TIMUR
TORJUN,SAMPANG,JAWA TIMUR
PANGARENGAN,SAMPANG,JAWA TIMUR
SAMPANG,SAMPANG,JAWA TIMUR
CAMPLONG,SAMPANG,JAWA TIMUR
OMBEN,SAMPANG,JAWA TIMUR
KEDUNGDUNG,SAMPANG,JAWA TIMUR
JRENGIK,SAMPANG,JAWA TIMUR
TAMBELANGAN,SAMPANG,JAWA TIMUR
BANYUATES,SAMPANG,JAWA TIMUR
ROBATAL,SAMPANG,JAWA TIMUR
KARANG PENANG,SAMPANG,JAWA TIMUR
KETAPANG,SAMPANG,JAWA TIMUR
SOKOBANAH,SAMPANG,JAWA TIMUR
TLANAKAN,PAMEKASAN,JAWA TIMUR
PADEMAWU,PAMEKASAN,JAWA TIMUR
GALIS,PAMEKASAN,JAWA TIMUR
LARANGAN,PAMEKASAN,JAWA TIMUR
PAMEKASAN,PAMEKASAN,JAWA TIMUR
PROPPO,PAMEKASAN,JAWA TIMUR
PALENGAAN,PAMEKASAN,JAWA TIMUR
PEGANTENAN,PAMEKASAN,JAWA TIMUR
KADUR,PAMEKASAN,JAWA TIMUR
PAKONG,PAMEKASAN,JAWA TIMUR
WARU,PAMEKASAN,JAWA TIMUR
BATU MARMAR,PAMEKASAN,JAWA TIMUR
PASEAN,PAMEKASAN,JAWA TIMUR
PRAGAAN,SUMENEP,JAWA TIMUR
BLUTO,SUMENEP,JAWA TIMUR
SARONGGI,SUMENEP,JAWA TIMUR
GILIGENTENG,SUMENEP,JAWA TIMUR
TALANGO,SUMENEP,JAWA TIMUR
KALIANGET,SUMENEP,JAWA TIMUR
KOTA SUMENEP,SUMENEP,JAWA TIMUR
BATUAN,SUMENEP,JAWA TIMUR
LENTENG,SUMENEP,JAWA TIMUR
GANDING,SUMENEP,JAWA TIMUR
GULUK GULUK,SUMENEP,JAWA TIMUR
PASONGSONGAN,SUMENEP,JAWA TIMUR
AMBUNTEN,SUMENEP,JAWA TIMUR
RUBARU,SUMENEP,JAWA TIMUR
DASUK,SUMENEP,JAWA TIMUR
MANDING,SUMENEP,JAWA TIMUR
BATUPUTIH,SUMENEP,JAWA TIMUR
GAPURA,SUMENEP,JAWA TIMUR
BATANG BATANG,SUMENEP,JAWA TIMUR
DUNGKEK,SUMENEP,JAWA TIMUR
NONGGUNONG,SUMENEP,JAWA TIMUR
GAYAM,SUMENEP,JAWA TIMUR
RAAS,SUMENEP,JAWA TIMUR
SAPEKEN,SUMENEP,JAWA TIMUR
ARJASA,SUMENEP,JAWA TIMUR
KANGAYAN,SUMENEP,JAWA TIMUR
MASALEMBU,SUMENEP,JAWA TIMUR
MOJOROTO,KEDIRI,JAWA TIMUR
KOTA KEDIRI,KEDIRI,JAWA TIMUR
PESANTREN,KEDIRI,JAWA TIMUR
SUKOREJO,BLITAR,JAWA TIMUR
KEPANJENKIDUL,BLITAR,JAWA TIMUR
SANANWETAN,BLITAR,JAWA TIMUR
KEDUNGKANDANG,MALANG,JAWA TIMUR
SUKUN,MALANG,JAWA TIMUR
KLOJEN,MALANG,JAWA TIMUR
BLIMBING,MALANG,JAWA TIMUR
LOWOKWARU,MALANG,JAWA TIMUR
KADEMANGAN,PROBOLINGGO,JAWA TIMUR
KEDOPOK,PROBOLINGGO,JAWA TIMUR
WONOASIH,PROBOLINGGO,JAWA TIMUR
MAYANGAN,PROBOLINGGO,JAWA TIMUR
KANIGARAN,PROBOLINGGO,JAWA TIMUR
GADINGREJO,PASURUAN,JAWA TIMUR
PURWOREJO,PASURUAN,JAWA TIMUR
BUGULKIDUL,PASURUAN,JAWA TIMUR
PANGGUNGREJO,PASURUAN,JAWA TIMUR
PRAJURIT KULON,MOJOKERTO,JAWA TIMUR
MAGERSARI,MOJOKERTO,JAWA TIMUR
KRANGGAN,MOJOKERTO,JAWA TIMUR
MANGU HARJO,MADIUN,JAWA TIMUR
TAMAN,MADIUN,JAWA TIMUR
KARTOHARJO,MADIUN,JAWA TIMUR
KARANG PILANG,SURABAYA,JAWA TIMUR
JAMBANGAN,SURABAYA,JAWA TIMUR
GAYUNGAN,SURABAYA,JAWA TIMUR
WONOCOLO,SURABAYA,JAWA TIMUR
TENGGILIS MEJOYO,SURABAYA,JAWA TIMUR
GUNUNG ANYAR,SURABAYA,JAWA TIMUR
RUNGKUT,SURABAYA,JAWA TIMUR
SUKOLILO,SURABAYA,JAWA TIMUR
MULYOREJO,SURABAYA,JAWA TIMUR
GUBENG,SURABAYA,JAWA TIMUR
WONOKROMO,SURABAYA,JAWA TIMUR
DUKUH PAKIS,SURABAYA,JAWA TIMUR
WIYUNG,SURABAYA,JAWA TIMUR
LAKARSANTRI,SURABAYA,JAWA TIMUR
SAMBIKEREP,SURABAYA,JAWA TIMUR
TANDES,SURABAYA,JAWA TIMUR
SUKO MANUNGGAL,SURABAYA,JAWA TIMUR
SAWAHAN,SURABAYA,JAWA TIMUR
TEGALSARI,SURABAYA,JAWA TIMUR
GENTENG,SURABAYA,JAWA TIMUR
TAMBAKSARI,SURABAYA,JAWA TIMUR
KENJERAN,SURABAYA,JAWA TIMUR
BULAK,SURABAYA,JAWA TIMUR
SIMOKERTO,SURABAYA,JAWA TIMUR
SEMAMPIR,SURABAYA,JAWA TIMUR
PABEAN CANTIAN,SURABAYA,JAWA TIMUR
BUBUTAN,SURABAYA,JAWA TIMUR
KREMBANGAN,SURABAYA,JAWA TIMUR
ASEMROWO,SURABAYA,JAWA TIMUR
BENOWO,SURABAYA,JAWA TIMUR
PAKAL,SURABAYA,JAWA TIMUR
BATU,BATU,JAWA TIMUR
JUNREJO,BATU,JAWA TIMUR
BUMIAJI,BATU,JAWA TIMUR
SUMUR,PANDEGLANG,BANTEN
CIMANGGU,PANDEGLANG,BANTEN
CIBALIUNG,PANDEGLANG,BANTEN
CIBITUNG,PANDEGLANG,BANTEN
CIKEUSIK,PANDEGLANG,BANTEN
CIGEULIS,PANDEGLANG,BANTEN
PANIMBANG,PANDEGLANG,BANTEN
SOBANG,PANDEGLANG,BANTEN
MUNJUL,PANDEGLANG,BANTEN
ANGSANA,PANDEGLANG,BANTEN
SINDANGRESMI,PANDEGLANG,BANTEN
PICUNG,PANDEGLANG,BANTEN
BOJONG,PANDEGLANG,BANTEN
SAKETI,PANDEGLANG,BANTEN
CISATA,PANDEGLANG,BANTEN
PAGELARAN,PANDEGLANG,BANTEN
PATIA,PANDEGLANG,BANTEN
SUKARESMI,PANDEGLANG,BANTEN
LABUAN,PANDEGLANG,BANTEN
CARITA,PANDEGLANG,BANTEN
JIPUT,PANDEGLANG,BANTEN
CIKEDAL,PANDEGLANG,BANTEN
MENES,PANDEGLANG,BANTEN
PULOSARI,PANDEGLANG,BANTEN
MANDALAWANGI,PANDEGLANG,BANTEN
CIMANUK,PANDEGLANG,BANTEN
CIPEUCANG,PANDEGLANG,BANTEN
BANJAR,PANDEGLANG,BANTEN
KADUHEJO,PANDEGLANG,BANTEN
MEKARJAYA,PANDEGLANG,BANTEN
PANDEGLANG,PANDEGLANG,BANTEN
MAJASARI,PANDEGLANG,BANTEN
CADASARI,PANDEGLANG,BANTEN
KARANGTANJUNG,PANDEGLANG,BANTEN
KORONCONG,PANDEGLANG,BANTEN
MALINGPING,LEBAK,BANTEN
WANASALAM,LEBAK,BANTEN
PANGGARANGAN,LEBAK,BANTEN
CIHARA,LEBAK,BANTEN
BAYAH,LEBAK,BANTEN
CILOGRANG,LEBAK,BANTEN
CIBEBER,LEBAK,BANTEN
CIJAKU,LEBAK,BANTEN
CIGEMBLONG,LEBAK,BANTEN
BANJARSARI,LEBAK,BANTEN
CILELES,LEBAK,BANTEN
GUNUNG KENCANA,LEBAK,BANTEN
BOJONGMANIK,LEBAK,BANTEN
CIRINTEN,LEBAK,BANTEN
LEUWIDAMAR,LEBAK,BANTEN
MUNCANG,LEBAK,BANTEN
SOBANG,LEBAK,BANTEN
CIPANAS,LEBAK,BANTEN
LEBAKGEDONG,LEBAK,BANTEN
SAJIRA,LEBAK,BANTEN
CIMARGA,LEBAK,BANTEN
CIKULUR,LEBAK,BANTEN
WARUNGGUNUNG,LEBAK,BANTEN
CIBADAK,LEBAK,BANTEN
RANGKASBITUNG,LEBAK,BANTEN
KALANGANYAR,LEBAK,BANTEN
MAJA,LEBAK,BANTEN
CURUGBITUNG,LEBAK,BANTEN
CISOKA,TANGERANG,BANTEN
SOLEAR,TANGERANG,BANTEN
TIGARAKSA,TANGERANG,BANTEN
JAMBE,TANGERANG,BANTEN
CIKUPA,TANGERANG,BANTEN
PANONGAN,TANGERANG,BANTEN
CURUG,TANGERANG,BANTEN
KELAPA DUA,TANGERANG,BANTEN
LEGOK,TANGERANG,BANTEN
PAGEDANGAN,TANGERANG,BANTEN
CISAUK,TANGERANG,BANTEN
PASARKEMIS,TANGERANG,BANTEN
SINDANG JAYA,TANGERANG,BANTEN
BALARAJA,TANGERANG,BANTEN
JAYANTI,TANGERANG,BANTEN
SUKAMULYA,TANGERANG,BANTEN
KRESEK,TANGERANG,BANTEN
GUNUNG KALER,TANGERANG,BANTEN
KRONJO,TANGERANG,BANTEN
MEKAR BARU,TANGERANG,BANTEN
MAUK,TANGERANG,BANTEN
KEMIRI,TANGERANG,BANTEN
SUKADIRI,TANGERANG,BANTEN
RAJEG,TANGERANG,BANTEN
SEPATAN,TANGERANG,BANTEN
SEPATAN TIMUR,TANGERANG,BANTEN
PAKUHAJI,TANGERANG,BANTEN
TELUKNAGA,TANGERANG,BANTEN
KOSAMBI,TANGERANG,BANTEN
CINANGKA,SERANG,BANTEN
PADARINCANG,SERANG,BANTEN
CIOMAS,SERANG,BANTEN
PABUARAN,SERANG,BANTEN
GUNUNG SARI,SERANG,BANTEN
BAROS,SERANG,BANTEN
PETIR,SERANG,BANTEN
TUNJUNG TEJA,SERANG,BANTEN
CIKEUSAL,SERANG,BANTEN
PAMARAYAN,SERANG,BANTEN
BANDUNG,SERANG,BANTEN
JAWILAN,SERANG,BANTEN
KOPO,SERANG,BANTEN
CIKANDE,SERANG,BANTEN
KIBIN,SERANG,BANTEN
KRAGILAN,SERANG,BANTEN
WARINGINKURUNG,SERANG,BANTEN
MANCAK,SERANG,BANTEN
ANYAR,SERANG,BANTEN
BOJONEGARA,SERANG,BANTEN
PULO AMPEL,SERANG,BANTEN
KRAMATWATU,SERANG,BANTEN
CIRUAS,SERANG,BANTEN
PONTANG,SERANG,BANTEN
LEBAK WANGI,SERANG,BANTEN
CARENANG,SERANG,BANTEN
BINUANG,SERANG,BANTEN
TIRTAYASA,SERANG,BANTEN
TANARA,SERANG,BANTEN
CILEDUG,TANGERANG,BANTEN
LARANGAN,TANGERANG,BANTEN
KARANG TENGAH,TANGERANG,BANTEN
CIPONDOH,TANGERANG,BANTEN
PINANG,TANGERANG,BANTEN
TANGERANG,TANGERANG,BANTEN
KARAWACI,TANGERANG,BANTEN
JATI UWUNG,TANGERANG,BANTEN
CIBODAS,TANGERANG,BANTEN
PERIUK,TANGERANG,BANTEN
BATUCEPER,TANGERANG,BANTEN
NEGLASARI,TANGERANG,BANTEN
BENDA,TANGERANG,BANTEN
CIWANDAN,CILEGON,BANTEN
CITANGKIL,CILEGON,BANTEN
PULOMERAK,CILEGON,BANTEN
PURWAKARTA,CILEGON,BANTEN
GROGOL,CILEGON,BANTEN
CILEGON,CILEGON,BANTEN
JOMBANG,CILEGON,BANTEN
CIBEBER,CILEGON,BANTEN
CURUG,SERANG,BANTEN
WALANTAKA,SERANG,BANTEN
CIPOCOK JAYA,SERANG,BANTEN
SERANG,SERANG,BANTEN
TAKTAKAN,SERANG,BANTEN
KASEMEN,SERANG,BANTEN
SETU,TANGERANG SELATAN,BANTEN
SERPONG,TANGERANG SELATAN,BANTEN
PAMULANG,TANGERANG SELATAN,BANTEN
CIPUTAT,TANGERANG SELATAN,BANTEN
CIPUTAT TIMUR,TANGERANG SELATAN,BANTEN
PONDOK AREN,TANGERANG SELATAN,BANTEN
SERPONG UTARA,TANGERANG SELATAN,BANTEN
MELAYA,JEMBRANA,BALI
NEGARA,JEMBRANA,BALI
JEMBRANA,JEMBRANA,BALI
MENDOYO,JEMBRANA,BALI
PEKUTATAN,JEMBRANA,BALI
SELEMADEG,TABANAN,BALI
SELEMADEG TIMUR,TABANAN,BALI
SELEMADEG BARAT,TABANAN,BALI
KERAMBITAN,TABANAN,BALI
TABANAN,TABANAN,BALI
KEDIRI,TABANAN,BALI
MARGA,TABANAN,BALI
BATURITI,TABANAN,BALI
PENEBEL,TABANAN,BALI
PUPUAN,TABANAN,BALI
KUTA SELATAN,BADUNG,BALI
KUTA,BADUNG,BALI
KUTA UTARA,BADUNG,BALI
MENGWI,BADUNG,BALI
ABIANSEMAL,BADUNG,BALI
PETANG,BADUNG,BALI
SUKAWATI,GIANYAR,BALI
BLAHBATUH,GIANYAR,BALI
GIANYAR,GIANYAR,BALI
TAMPAKSIRING,GIANYAR,BALI
UBUD,GIANYAR,BALI
TEGALLALANG,GIANYAR,BALI
PAYANGAN,GIANYAR,BALI
NUSAPENIDA,KLUNGKUNG,BALI
BANJARANGKAN,KLUNGKUNG,BALI
KLUNGKUNG,KLUNGKUNG,BALI
DAWAN,KLUNGKUNG,BALI
SUSUT,BANGLI,BALI
BANGLI,BANGLI,BALI
TEMBUKU,BANGLI,BALI
KINTAMANI,BANGLI,BALI
RENDANG,KARANG ASEM,BALI
SIDEMEN,KARANG ASEM,BALI
MANGGIS,KARANG ASEM,BALI
KARANGASEM,KARANG ASEM,BALI
ABANG,KARANG ASEM,BALI
BEBANDEM,KARANG ASEM,BALI
SELAT,KARANG ASEM,BALI
KUBU,KARANG ASEM,BALI
GEROKGAK,BULELENG,BALI
SERIRIT,BULELENG,BALI
BUSUNGBIU,BULELENG,BALI
BANJAR,BULELENG,BALI
SUKASADA,BULELENG,BALI
BULELENG,BULELENG,BALI
SAWAN,BULELENG,BALI
KUBUTAMBAHAN,BULELENG,BALI
TEJAKULA,BULELENG,BALI
DENPASAR SELATAN,DENPASAR,BALI
DENPASAR TIMUR,DENPASAR,BALI
DENPASAR BARAT,DENPASAR,BALI
DENPASAR UTARA,DENPASAR,BALI
SEKOTONG,LOMBOK,NUSA TENGGARA BARAT
SEKOTONG,LOMBOK BARAT,NUSA TENGGARA BARAT
LEMBAR,LOMBOK BARAT,NUSA TENGGARA BARAT
GERUNG,LOMBOK BARAT,NUSA TENGGARA BARAT
LABU API,LOMBOK BARAT,NUSA TENGGARA BARAT
KEDIRI,LOMBOK BARAT,NUSA TENGGARA BARAT
KURIPAN,LOMBOK BARAT,NUSA TENGGARA BARAT
NARMADA,LOMBOK BARAT,NUSA TENGGARA BARAT
LINGSAR,LOMBOK BARAT,NUSA TENGGARA BARAT
GUNUNG SARI,LOMBOK BARAT,NUSA TENGGARA BARAT
BATU LAYAR,LOMBOK BARAT,NUSA TENGGARA BARAT
PRAYA BARAT,LOMBOK TENGAH,NUSA TENGGARA BARAT
PRAYA BARAT DAYA,LOMBOK TENGAH,NUSA TENGGARA BARAT
PUJUT,LOMBOK TENGAH,NUSA TENGGARA BARAT
PRAYA TIMUR,LOMBOK TENGAH,NUSA TENGGARA BARAT
JANAPRIA,LOMBOK TENGAH,NUSA TENGGARA BARAT
KOPANG,LOMBOK TENGAH,NUSA TENGGARA BARAT
PRAYA,LOMBOK TENGAH,NUSA TENGGARA BARAT
PRAYA TENGAH,LOMBOK TENGAH,NUSA TENGGARA BARAT
JONGGAT,LOMBOK TENGAH,NUSA TENGGARA BARAT
PRINGGARATA,LOMBOK TENGAH,NUSA TENGGARA BARAT
BATUKLIANG,LOMBOK TENGAH,NUSA TENGGARA BARAT
BATUKLIANG UTARA,LOMBOK TENGAH,NUSA TENGGARA BARAT
KERUAK,LOMBOK TIMUR,NUSA TENGGARA BARAT
JEROWARU,LOMBOK TIMUR,NUSA TENGGARA BARAT
SAKRA,LOMBOK TIMUR,NUSA TENGGARA BARAT
SAKRA BARAT,LOMBOK TIMUR,NUSA TENGGARA BARAT
SAKRA TIMUR,LOMBOK TIMUR,NUSA TENGGARA BARAT
TERARA,LOMBOK TIMUR,NUSA TENGGARA BARAT
MONTONG GADING,LOMBOK TIMUR,NUSA TENGGARA BARAT
SIKUR,LOMBOK TIMUR,NUSA TENGGARA BARAT
MASBAGIK,LOMBOK TIMUR,NUSA TENGGARA BARAT
PRINGGASELA,LOMBOK TIMUR,NUSA TENGGARA BARAT
SUKAMULIA,LOMBOK TIMUR,NUSA TENGGARA BARAT
SURALAGA,LOMBOK TIMUR,NUSA TENGGARA BARAT
SELONG,LOMBOK TIMUR,NUSA TENGGARA BARAT
LABUHAN HAJI,LOMBOK TIMUR,NUSA TENGGARA BARAT
PRINGGABAYA,LOMBOK TIMUR,NUSA TENGGARA BARAT
SUELA,LOMBOK TIMUR,NUSA TENGGARA BARAT
AIKMEL,LOMBOK TIMUR,NUSA TENGGARA BARAT
WANASABA,LOMBOK TIMUR,NUSA TENGGARA BARAT
SEMBALUN,LOMBOK TIMUR,NUSA TENGGARA BARAT
SAMBELIA,LOMBOK TIMUR,NUSA TENGGARA BARAT
LUNYUK,SUMBAWA,NUSA TENGGARA BARAT
ORONG TELU,SUMBAWA,NUSA TENGGARA BARAT
ALAS,SUMBAWA,NUSA TENGGARA BARAT
ALAS BARAT,SUMBAWA,NUSA TENGGARA BARAT
BUER,SUMBAWA,NUSA TENGGARA BARAT
UTAN,SUMBAWA,NUSA TENGGARA BARAT
RHEE,SUMBAWA,NUSA TENGGARA BARAT
BATULANTEH,SUMBAWA,NUSA TENGGARA BARAT
SUMBAWA,SUMBAWA,NUSA TENGGARA BARAT
LABUHAN BADAS,SUMBAWA,NUSA TENGGARA BARAT
UNTER IWES,SUMBAWA,NUSA TENGGARA BARAT
MOYOHILIR,SUMBAWA,NUSA TENGGARA BARAT
MOYO UTARA,SUMBAWA,NUSA TENGGARA BARAT
MOYOHULU,SUMBAWA,NUSA TENGGARA BARAT
ROPANG,SUMBAWA,NUSA TENGGARA BARAT
LENANGGUAR,SUMBAWA,NUSA TENGGARA BARAT
LANTUNG,SUMBAWA,NUSA TENGGARA BARAT
LAPE,SUMBAWA,NUSA TENGGARA BARAT
LOPOK,SUMBAWA,NUSA TENGGARA BARAT
PLAMPANG,SUMBAWA,NUSA TENGGARA BARAT
LABANGKA,SUMBAWA,NUSA TENGGARA BARAT
MARONGE,SUMBAWA,NUSA TENGGARA BARAT
EMPANG,SUMBAWA,NUSA TENGGARA BARAT
TARANO,SUMBAWA,NUSA TENGGARA BARAT
HU'U,DOMPU,NUSA TENGGARA BARAT
PAJO,DOMPU,NUSA TENGGARA BARAT
DOMPU,DOMPU,NUSA TENGGARA BARAT
WOJA,DOMPU,NUSA TENGGARA BARAT
KILO,DOMPU,NUSA TENGGARA BARAT
KEMPO,DOMPU,NUSA TENGGARA BARAT
MANGGALEWA,DOMPU,NUSA TENGGARA BARAT
PEKAT,DOMPU,NUSA TENGGARA BARAT
MONTA,BIMA,NUSA TENGGARA BARAT
PARADO,BIMA,NUSA TENGGARA BARAT
BOLO,BIMA,NUSA TENGGARA BARAT
MADA PANGGA,BIMA,NUSA TENGGARA BARAT
WOHA,BIMA,NUSA TENGGARA BARAT
BELO,BIMA,NUSA TENGGARA BARAT
PALIBELO,BIMA,NUSA TENGGARA BARAT
WAWO,BIMA,NUSA TENGGARA BARAT
LANGGUDU,BIMA,NUSA TENGGARA BARAT
LAMBITU,BIMA,NUSA TENGGARA BARAT
SAPE,BIMA,NUSA TENGGARA BARAT
LAMBU,BIMA,NUSA TENGGARA BARAT
WERA,BIMA,NUSA TENGGARA BARAT
AMBALAWI,BIMA,NUSA TENGGARA BARAT
DONGGO,BIMA,NUSA TENGGARA BARAT
SOROMANDI,BIMA,NUSA TENGGARA BARAT
SANGGAR,BIMA,NUSA TENGGARA BARAT
TAMBORA,BIMA,NUSA TENGGARA BARAT
SEKONGKANG,SUMBAWA BARAT,NUSA TENGGARA BARAT
JEREWEH,SUMBAWA BARAT,NUSA TENGGARA BARAT
MALUK,SUMBAWA BARAT,NUSA TENGGARA BARAT
TALIWANG,SUMBAWA BARAT,NUSA TENGGARA BARAT
BRANG ENE,SUMBAWA BARAT,NUSA TENGGARA BARAT
BRANG REA,SUMBAWA BARAT,NUSA TENGGARA BARAT
SETELUK,SUMBAWA BARAT,NUSA TENGGARA BARAT
POTO TANO,SUMBAWA BARAT,NUSA TENGGARA BARAT
PEMENANG,LOMBOK UTARA,NUSA TENGGARA BARAT
TANJUNG,LOMBOK UTARA,NUSA TENGGARA BARAT
GANGGA,LOMBOK UTARA,NUSA TENGGARA BARAT
KAYANGAN,LOMBOK UTARA,NUSA TENGGARA BARAT
BAYAN,LOMBOK UTARA,NUSA TENGGARA BARAT
AMPENAN,MATARAM,NUSA TENGGARA BARAT
SEKARBELA,MATARAM,NUSA TENGGARA BARAT
MATARAM,MATARAM,NUSA TENGGARA BARAT
SELAPARANG,MATARAM,NUSA TENGGARA BARAT
CAKRANEGARA,MATARAM,NUSA TENGGARA BARAT
SANDUBAYA,MATARAM,NUSA TENGGARA BARAT
RASANAE BARAT,BIMA,NUSA TENGGARA BARAT
MPUNDA,BIMA,NUSA TENGGARA BARAT
RASANAE TIMUR,BIMA,NUSA TENGGARA BARAT
RABA,BIMA,NUSA TENGGARA BARAT
ASAKOTA,BIMA,NUSA TENGGARA BARAT
LAMBOYA,SUMBA BARAT,NUSA TENGGARA TIMUR
WANOKAKA,SUMBA BARAT,NUSA TENGGARA TIMUR
LABOYA BARAT,SUMBA BARAT,NUSA TENGGARA TIMUR
LOLI,SUMBA BARAT,NUSA TENGGARA TIMUR
KOTA WAIKABUBAK,SUMBA BARAT,NUSA TENGGARA TIMUR
TANA RIGHU,SUMBA BARAT,NUSA TENGGARA TIMUR
LEWA,SUMBA TIMUR,NUSA TENGGARA TIMUR
NGGAHA ORIANGU,SUMBA TIMUR,NUSA TENGGARA TIMUR
LEWA TIDAHU,SUMBA TIMUR,NUSA TENGGARA TIMUR
KATALA HAMU LINGU,SUMBA TIMUR,NUSA TENGGARA TIMUR
TABUNDUNG,SUMBA TIMUR,NUSA TENGGARA TIMUR
PINUPAHAR,SUMBA TIMUR,NUSA TENGGARA TIMUR
PABERIWAI,SUMBA TIMUR,NUSA TENGGARA TIMUR
KARERA,SUMBA TIMUR,NUSA TENGGARA TIMUR
MATAWAI LA PAWU,SUMBA TIMUR,NUSA TENGGARA TIMUR
KAHAUNGU ETI,SUMBA TIMUR,NUSA TENGGARA TIMUR
MAHU,SUMBA TIMUR,NUSA TENGGARA TIMUR
NGADU NGALA,SUMBA TIMUR,NUSA TENGGARA TIMUR
PAHUNGA LODU,SUMBA TIMUR,NUSA TENGGARA TIMUR
WULA WAIJELU,SUMBA TIMUR,NUSA TENGGARA TIMUR
RINDI,SUMBA TIMUR,NUSA TENGGARA TIMUR
UMALULU,SUMBA TIMUR,NUSA TENGGARA TIMUR
PANDAWAI,SUMBA TIMUR,NUSA TENGGARA TIMUR
KAMBATA MAPAMBUHANG,SUMBA TIMUR,NUSA TENGGARA TIMUR
KOTA WAINGAPU,SUMBA TIMUR,NUSA TENGGARA TIMUR
KAMBERA,SUMBA TIMUR,NUSA TENGGARA TIMUR
HAHARU,SUMBA TIMUR,NUSA TENGGARA TIMUR
KANATANG,SUMBA TIMUR,NUSA TENGGARA TIMUR
SEMAU,KUPANG,NUSA TENGGARA TIMUR
SEMAU SELATAN,KUPANG,NUSA TENGGARA TIMUR
KUPANG BARAT,KUPANG,NUSA TENGGARA TIMUR
NEKAMESE,KUPANG,NUSA TENGGARA TIMUR
KUPANG TENGAH,KUPANG,NUSA TENGGARA TIMUR
TAEBENU,KUPANG,NUSA TENGGARA TIMUR
AMARASI,KUPANG,NUSA TENGGARA TIMUR
AMARASI BARAT,KUPANG,NUSA TENGGARA TIMUR
AMARASI SELATAN,KUPANG,NUSA TENGGARA TIMUR
AMARASI TIMUR,KUPANG,NUSA TENGGARA TIMUR
KUPANG TIMUR,KUPANG,NUSA TENGGARA TIMUR
AMABI OEFETO TIMUR,KUPANG,NUSA TENGGARA TIMUR
AMABI OEFETO,KUPANG,NUSA TENGGARA TIMUR
SULAMU,KUPANG,NUSA TENGGARA TIMUR
FATULEU,KUPANG,NUSA TENGGARA TIMUR
FATULEU TENGAH,KUPANG,NUSA TENGGARA TIMUR
FATULEU BARAT,KUPANG,NUSA TENGGARA TIMUR
TAKARI,KUPANG,NUSA TENGGARA TIMUR
AMFOANG SELATAN,KUPANG,NUSA TENGGARA TIMUR
AMFOANG BARAT DAYA,KUPANG,NUSA TENGGARA TIMUR
AMFOANG TENGAH,KUPANG,NUSA TENGGARA TIMUR
AMFOANG UTARA,KUPANG,NUSA TENGGARA TIMUR
AMFOANG BARAT LAUT,KUPANG,NUSA TENGGARA TIMUR
AMFOANG TIMUR,KUPANG,NUSA TENGGARA TIMUR
MOLLO UTARA,TIMOR TENGAH SELATAN,NUSA TENGGARA TIMUR
FATUMNASI,TIMOR TENGAH SELATAN,NUSA TENGGARA TIMUR
TOBU,TIMOR TENGAH SELATAN,NUSA TENGGARA TIMUR
NUNBENA,TIMOR TENGAH SELATAN,NUSA TENGGARA TIMUR
MOLLO SELATAN,TIMOR TENGAH SELATAN,NUSA TENGGARA TIMUR
POLEN,TIMOR TENGAH SELATAN,NUSA TENGGARA TIMUR
MOLLO BARAT,TIMOR TENGAH SELATAN,NUSA TENGGARA TIMUR
MOLLO TENGAH,TIMOR TENGAH SELATAN,NUSA TENGGARA TIMUR
KOTA SOE,TIMOR TENGAH SELATAN,NUSA TENGGARA TIMUR
AMANUBAN BARAT,TIMOR TENGAH SELATAN,NUSA TENGGARA TIMUR
BATU PUTIH,TIMOR TENGAH SELATAN,NUSA TENGGARA TIMUR
KUATNANA,TIMOR TENGAH SELATAN,NUSA TENGGARA TIMUR
AMANUBAN SELATAN,TIMOR TENGAH SELATAN,NUSA TENGGARA TIMUR
NOEBEBA,TIMOR TENGAH SELATAN,NUSA TENGGARA TIMUR
KUAN FATU,TIMOR TENGAH SELATAN,NUSA TENGGARA TIMUR
KUALIN,TIMOR TENGAH SELATAN,NUSA TENGGARA TIMUR
AMANUBAN TENGAH,TIMOR TENGAH SELATAN,NUSA TENGGARA TIMUR
KOLBANO,TIMOR TENGAH SELATAN,NUSA TENGGARA TIMUR
OENINO,TIMOR TENGAH SELATAN,NUSA TENGGARA TIMUR
AMANUBAN TIMUR,TIMOR TENGAH SELATAN,NUSA TENGGARA TIMUR
FAUTMOLO,TIMOR TENGAH SELATAN,NUSA TENGGARA TIMUR
FATUKOPA,TIMOR TENGAH SELATAN,NUSA TENGGARA TIMUR
KIE,TIMOR TENGAH SELATAN,NUSA TENGGARA TIMUR
KOT'OLIN,TIMOR TENGAH SELATAN,NUSA TENGGARA TIMUR
AMANATUN SELATAN,TIMOR TENGAH SELATAN,NUSA TENGGARA TIMUR
BOKING,TIMOR TENGAH SELATAN,NUSA TENGGARA TIMUR
NUNKOLO,TIMOR TENGAH SELATAN,NUSA TENGGARA TIMUR
NOEBANA,TIMOR TENGAH SELATAN,NUSA TENGGARA TIMUR
SANTIAN,TIMOR TENGAH SELATAN,NUSA TENGGARA TIMUR
AMANATUN UTARA,TIMOR TENGAH SELATAN,NUSA TENGGARA TIMUR
TOIANAS,TIMOR TENGAH SELATAN,NUSA TENGGARA TIMUR
KOKBAUN,TIMOR TENGAH SELATAN,NUSA TENGGARA TIMUR
MIOMAFFO BARAT,TIMOR TENGAH UTARA,NUSA TENGGARA TIMUR
MIOMAFFO TENGAH,TIMOR TENGAH UTARA,NUSA TENGGARA TIMUR
MUSI,TIMOR TENGAH UTARA,NUSA TENGGARA TIMUR
MUTIS,TIMOR TENGAH UTARA,NUSA TENGGARA TIMUR
MIOMAFFO TIMUR,TIMOR TENGAH UTARA,NUSA TENGGARA TIMUR
NOEMUTI,TIMOR TENGAH UTARA,NUSA TENGGARA TIMUR
BIKOMI SELATAN,TIMOR TENGAH UTARA,NUSA TENGGARA TIMUR
BIKOMI TENGAH,TIMOR TENGAH UTARA,NUSA TENGGARA TIMUR
BIKOMI NILULAT,TIMOR TENGAH UTARA,NUSA TENGGARA TIMUR
BIKOMI UTARA,TIMOR TENGAH UTARA,NUSA TENGGARA TIMUR
NAIBENU,TIMOR TENGAH UTARA,NUSA TENGGARA TIMUR
NOEMUTI TIMUR,TIMOR TENGAH UTARA,NUSA TENGGARA TIMUR
KOTA KEFAMENANU,TIMOR TENGAH UTARA,NUSA TENGGARA TIMUR
INSANA,TIMOR TENGAH UTARA,NUSA TENGGARA TIMUR
INSANA UTARA,TIMOR TENGAH UTARA,NUSA TENGGARA TIMUR
INSANA BARAT,TIMOR TENGAH UTARA,NUSA TENGGARA TIMUR
INSANA TENGAH,TIMOR TENGAH UTARA,NUSA TENGGARA TIMUR
INSANA FAFINESU,TIMOR TENGAH UTARA,NUSA TENGGARA TIMUR
BIBOKI SELATAN,TIMOR TENGAH UTARA,NUSA TENGGARA TIMUR
BIBOKI TANPAH,TIMOR TENGAH UTARA,NUSA TENGGARA TIMUR
BIBOKI MOENLEU,TIMOR TENGAH UTARA,NUSA TENGGARA TIMUR
BIBOKI UTARA,TIMOR TENGAH UTARA,NUSA TENGGARA TIMUR
BIBOKI ANLEU,TIMOR TENGAH UTARA,NUSA TENGGARA TIMUR
BIBOKI FEOTLEU,TIMOR TENGAH UTARA,NUSA TENGGARA TIMUR
RAI MANUK,BELU,NUSA TENGGARA TIMUR
TASIFETO BARAT,BELU,NUSA TENGGARA TIMUR
KAKULUK MESAK,BELU,NUSA TENGGARA TIMUR
NANAET DUBESI,BELU,NUSA TENGGARA TIMUR
ATAMBUA,BELU,NUSA TENGGARA TIMUR
ATAMBUA BARAT,BELU,NUSA TENGGARA TIMUR
ATAMBUA SELATAN,BELU,NUSA TENGGARA TIMUR
TASIFETO TIMUR,BELU,NUSA TENGGARA TIMUR
RAIHAT,BELU,NUSA TENGGARA TIMUR
LASIOLAT,BELU,NUSA TENGGARA TIMUR
LAMAKNEN,BELU,NUSA TENGGARA TIMUR
LAMAKNEN SELATAN,BELU,NUSA TENGGARA TIMUR
PANTAR,ALOR,NUSA TENGGARA TIMUR
PANTAR BARAT,ALOR,NUSA TENGGARA TIMUR
PANTAR TIMUR,ALOR,NUSA TENGGARA TIMUR
PANTAR BARAT LAUT,ALOR,NUSA TENGGARA TIMUR
PANTAR TENGAH,ALOR,NUSA TENGGARA TIMUR
ALOR BARAT DAYA,ALOR,NUSA TENGGARA TIMUR
MATARU,ALOR,NUSA TENGGARA TIMUR
ALOR SELATAN,ALOR,NUSA TENGGARA TIMUR
ALOR TIMUR,ALOR,NUSA TENGGARA TIMUR
ALOR TIMUR LAUT,ALOR,NUSA TENGGARA TIMUR
PUREMAN,ALOR,NUSA TENGGARA TIMUR
TELUK MUTIARA,ALOR,NUSA TENGGARA TIMUR
KABOLA,ALOR,NUSA TENGGARA TIMUR
ALOR BARAT LAUT,ALOR,NUSA TENGGARA TIMUR
ALOR TENGAH UTARA,ALOR,NUSA TENGGARA TIMUR
PULAU PURA,ALOR,NUSA TENGGARA TIMUR
LEMBUR,ALOR,NUSA TENGGARA TIMUR
NAGAWUTUNG,LEMBATA,NUSA TENGGARA TIMUR
WULANDONI,LEMBATA,NUSA TENGGARA TIMUR
ATADEI,LEMBATA,NUSA TENGGARA TIMUR
ILE APE,LEMBATA,NUSA TENGGARA TIMUR
ILE APE TIMUR,LEMBATA,NUSA TENGGARA TIMUR
LEBATUKAN,LEMBATA,NUSA TENGGARA TIMUR
NUBATUKAN,LEMBATA,NUSA TENGGARA TIMUR
OMESURI,LEMBATA,NUSA TENGGARA TIMUR
BUYASARI,LEMBATA,NUSA TENGGARA TIMUR
WULANGGITANG,FLORES TIMUR,NUSA TENGGARA TIMUR
TITEHENA,FLORES TIMUR,NUSA TENGGARA TIMUR
ILEBURA,FLORES TIMUR,NUSA TENGGARA TIMUR
TANJUNG BUNGA,FLORES TIMUR,NUSA TENGGARA TIMUR
LEWO LEMA,FLORES TIMUR,NUSA TENGGARA TIMUR
LARANTUKA,FLORES TIMUR,NUSA TENGGARA TIMUR
ILE MANDIRI,FLORES TIMUR,NUSA TENGGARA TIMUR
DEMON PAGONG,FLORES TIMUR,NUSA TENGGARA TIMUR
SOLOR BARAT,FLORES TIMUR,NUSA TENGGARA TIMUR
SOLOR SELATAN,FLORES TIMUR,NUSA TENGGARA TIMUR
SOLOR TIMUR,FLORES TIMUR,NUSA TENGGARA TIMUR
ADONARA BARAT,FLORES TIMUR,NUSA TENGGARA TIMUR
WOTAN ULU MADO,FLORES TIMUR,NUSA TENGGARA TIMUR
ADONARA TENGAH,FLORES TIMUR,NUSA TENGGARA TIMUR
ADONARA TIMUR,FLORES TIMUR,NUSA TENGGARA TIMUR
ILE BOLENG,FLORES TIMUR,NUSA TENGGARA TIMUR
WITIHAMA,FLORES TIMUR,NUSA TENGGARA TIMUR
KELUBAGOLIT,FLORES TIMUR,NUSA TENGGARA TIMUR
ADONARA,FLORES TIMUR,NUSA TENGGARA TIMUR
PAGA,SIKKA,NUSA TENGGARA TIMUR
MEGO,SIKKA,NUSA TENGGARA TIMUR
TANA WAWO,SIKKA,NUSA TENGGARA TIMUR
LELA,SIKKA,NUSA TENGGARA TIMUR
BOLA,SIKKA,NUSA TENGGARA TIMUR
DORENG,SIKKA,NUSA TENGGARA TIMUR
MAPITARA,SIKKA,NUSA TENGGARA TIMUR
TALIBURA,SIKKA,NUSA TENGGARA TIMUR
WAIGETE,SIKKA,NUSA TENGGARA TIMUR
WAIBLAMA,SIKKA,NUSA TENGGARA TIMUR
KEWAPANTE,SIKKA,NUSA TENGGARA TIMUR
HEWOKLOANG,SIKKA,NUSA TENGGARA TIMUR
KANGAE,SIKKA,NUSA TENGGARA TIMUR
PALUE,SIKKA,NUSA TENGGARA TIMUR
KOTING,SIKKA,NUSA TENGGARA TIMUR
NELLE,SIKKA,NUSA TENGGARA TIMUR
NITA,SIKKA,NUSA TENGGARA TIMUR
MAGEPANDA,SIKKA,NUSA TENGGARA TIMUR
ALOK,SIKKA,NUSA TENGGARA TIMUR
ALOK BARAT,SIKKA,NUSA TENGGARA TIMUR
ALOK TIMUR,SIKKA,NUSA TENGGARA TIMUR
NANGAPANDA,ENDE,NUSA TENGGARA TIMUR
PULAU ENDE,ENDE,NUSA TENGGARA TIMUR
MAUKARO,ENDE,NUSA TENGGARA TIMUR
ENDE,ENDE,NUSA TENGGARA TIMUR
ENDE SELATAN,ENDE,NUSA TENGGARA TIMUR
ENDE TIMUR,ENDE,NUSA TENGGARA TIMUR
ENDE TENGAH,ENDE,NUSA TENGGARA TIMUR
ENDE UTARA,ENDE,NUSA TENGGARA TIMUR
NDONA,ENDE,NUSA TENGGARA TIMUR
NDONA TIMUR,ENDE,NUSA TENGGARA TIMUR
WOLOWARU,ENDE,NUSA TENGGARA TIMUR
WOLOJITA,ENDE,NUSA TENGGARA TIMUR
LIO TIMUR,ENDE,NUSA TENGGARA TIMUR
KELIMUTU,ENDE,NUSA TENGGARA TIMUR
NDORI,ENDE,NUSA TENGGARA TIMUR
MAUROLE,ENDE,NUSA TENGGARA TIMUR
KOTABARU,ENDE,NUSA TENGGARA TIMUR
DETUKELI,ENDE,NUSA TENGGARA TIMUR
LEPEMBUSU KELISOKE,ENDE,NUSA TENGGARA TIMUR
DETUSOKO,ENDE,NUSA TENGGARA TIMUR
WEWARIA,ENDE,NUSA TENGGARA TIMUR
AIMERE,NGADA,NUSA TENGGARA TIMUR
JEREBUU,NGADA,NUSA TENGGARA TIMUR
INERIE,NGADA,NUSA TENGGARA TIMUR
BAJAWA,NGADA,NUSA TENGGARA TIMUR
GOLEWA,NGADA,NUSA TENGGARA TIMUR
GOLEWA SELATAN,NGADA,NUSA TENGGARA TIMUR
GOLEWA BARAT,NGADA,NUSA TENGGARA TIMUR
BAJAWA UTARA,NGADA,NUSA TENGGARA TIMUR
SOA,NGADA,NUSA TENGGARA TIMUR
RIUNG,NGADA,NUSA TENGGARA TIMUR
RIUNG BARAT,NGADA,NUSA TENGGARA TIMUR
WOLOMEZE,NGADA,NUSA TENGGARA TIMUR
SATAR MESE,MANGGARAI,NUSA TENGGARA TIMUR
SATAR MESE BARAT,MANGGARAI,NUSA TENGGARA TIMUR
SATAR MESE UTARA,MANGGARAI,NUSA TENGGARA TIMUR
LANGKE REMBONG,MANGGARAI,NUSA TENGGARA TIMUR
RUTENG,MANGGARAI,NUSA TENGGARA TIMUR
WAE RII,MANGGARAI,NUSA TENGGARA TIMUR
LELAK,MANGGARAI,NUSA TENGGARA TIMUR
RAHONG UTARA,MANGGARAI,NUSA TENGGARA TIMUR
CIBAL,MANGGARAI,NUSA TENGGARA TIMUR
CIBAL BARAT,MANGGARAI,NUSA TENGGARA TIMUR
REOK,MANGGARAI,NUSA TENGGARA TIMUR
REOK BARAT,MANGGARAI,NUSA TENGGARA TIMUR
ROTE BARAT DAYA,ROTE NDAO,NUSA TENGGARA TIMUR
ROTE BARAT LAUT,ROTE NDAO,NUSA TENGGARA TIMUR
LOBALAIN,ROTE NDAO,NUSA TENGGARA TIMUR
ROTE TENGAH,ROTE NDAO,NUSA TENGGARA TIMUR
ROTE SELATAN,ROTE NDAO,NUSA TENGGARA TIMUR
PANTAI BARU,ROTE NDAO,NUSA TENGGARA TIMUR
ROTE TIMUR,ROTE NDAO,NUSA TENGGARA TIMUR
LANDU LEKO,ROTE NDAO,NUSA TENGGARA TIMUR
ROTE BARAT,ROTE NDAO,NUSA TENGGARA TIMUR
NDAO NUSE,ROTE NDAO,NUSA TENGGARA TIMUR
KOMODO,MANGGARAI BARAT,NUSA TENGGARA TIMUR
BOLENG,MANGGARAI BARAT,NUSA TENGGARA TIMUR
SANO NGGOANG,MANGGARAI BARAT,NUSA TENGGARA TIMUR
MBELILING,MANGGARAI BARAT,NUSA TENGGARA TIMUR
LEMBOR,MANGGARAI BARAT,NUSA TENGGARA TIMUR
WELAK,MANGGARAI BARAT,NUSA TENGGARA TIMUR
LEMBOR SELATAN,MANGGARAI BARAT,NUSA TENGGARA TIMUR
KUWUS,MANGGARAI BARAT,NUSA TENGGARA TIMUR
NDOSO,MANGGARAI BARAT,NUSA TENGGARA TIMUR
MACANG PACAR,MANGGARAI BARAT,NUSA TENGGARA TIMUR
KATIKUTANA,SUMBA TENGAH,NUSA TENGGARA TIMUR
KATIKUTANA SELATAN,SUMBA TENGAH,NUSA TENGGARA TIMUR
UMBU RATU NGGAY BARAT,SUMBA TENGAH,NUSA TENGGARA TIMUR
UMBU RATU NGGAY,SUMBA TENGAH,NUSA TENGGARA TIMUR
MAMBORO,SUMBA TENGAH,NUSA TENGGARA TIMUR
KODI BANGEDO,SUMBA BARAT DAYA,NUSA TENGGARA TIMUR
KODI BALAGHAR,SUMBA BARAT DAYA,NUSA TENGGARA TIMUR
KODI,SUMBA BARAT DAYA,NUSA TENGGARA TIMUR
KODI UTARA,SUMBA BARAT DAYA,NUSA TENGGARA TIMUR
WEWEWA SELATAN,SUMBA BARAT DAYA,NUSA TENGGARA TIMUR
WEWEWA BARAT,SUMBA BARAT DAYA,NUSA TENGGARA TIMUR
WEWEWA TIMUR,SUMBA BARAT DAYA,NUSA TENGGARA TIMUR
WEWEWA TENGAH,SUMBA BARAT DAYA,NUSA TENGGARA TIMUR
WEWEWA UTARA,SUMBA BARAT DAYA,NUSA TENGGARA TIMUR
LOURA,SUMBA BARAT DAYA,NUSA TENGGARA TIMUR
KOTA TAMBOLAKA,SUMBA BARAT DAYA,NUSA TENGGARA TIMUR
MAUPONGGO,NAGEKEO,NUSA TENGGARA TIMUR
KEO TENGAH,NAGEKEO,NUSA TENGGARA TIMUR
NANGARORO,NAGEKEO,NUSA TENGGARA TIMUR
BOAWAE,NAGEKEO,NUSA TENGGARA TIMUR
AESESA SELATAN,NAGEKEO,NUSA TENGGARA TIMUR
AESESA,NAGEKEO,NUSA TENGGARA TIMUR
WOLOWAE,NAGEKEO,NUSA TENGGARA TIMUR
BORONG,MANGGARAI TIMUR,NUSA TENGGARA TIMUR
RANA MESE,MANGGARAI TIMUR,NUSA TENGGARA TIMUR
KOTA KOMBA,MANGGARAI TIMUR,NUSA TENGGARA TIMUR
ELAR,MANGGARAI TIMUR,NUSA TENGGARA TIMUR
ELAR SELATAN,MANGGARAI TIMUR,NUSA TENGGARA TIMUR
SAMBI RAMPAS,MANGGARAI TIMUR,NUSA TENGGARA TIMUR
POCO RANAKA,MANGGARAI TIMUR,NUSA TENGGARA TIMUR
POCO RANAKA TIMUR,MANGGARAI TIMUR,NUSA TENGGARA TIMUR
LAMBA LEDA,MANGGARAI TIMUR,NUSA TENGGARA TIMUR
RAIJUA,SABU RAIJUA,NUSA TENGGARA TIMUR
HAWU MEHARA,SABU RAIJUA,NUSA TENGGARA TIMUR
SABU LIAE,SABU RAIJUA,NUSA TENGGARA TIMUR
SABU BARAT,SABU RAIJUA,NUSA TENGGARA TIMUR
SABU TENGAH,SABU RAIJUA,NUSA TENGGARA TIMUR
SABU TIMUR,SABU RAIJUA,NUSA TENGGARA TIMUR
WEWIKU,MALAKA,NUSA TENGGARA TIMUR
MALAKA BARAT,MALAKA,NUSA TENGGARA TIMUR
WELIMAN,MALAKA,NUSA TENGGARA TIMUR
RINHAT,MALAKA,NUSA TENGGARA TIMUR
IO KUFEU,MALAKA,NUSA TENGGARA TIMUR
SASITA MEAN,MALAKA,NUSA TENGGARA TIMUR
MALAKA TENGAH,MALAKA,NUSA TENGGARA TIMUR
BOTIN LEOBELE,MALAKA,NUSA TENGGARA TIMUR
LAEN MANEN,MALAKA,NUSA TENGGARA TIMUR
MALAKA TIMUR,MALAKA,NUSA TENGGARA TIMUR
KOBALIMA,MALAKA,NUSA TENGGARA TIMUR
KOBALIMA TIMUR,MALAKA,NUSA TENGGARA TIMUR
ALAK,KUPANG,NUSA TENGGARA TIMUR
MAULAFA,KUPANG,NUSA TENGGARA TIMUR
OEBOBO,KUPANG,NUSA TENGGARA TIMUR
KOTA RAJA,KUPANG,NUSA TENGGARA TIMUR
KELAPA LIMA,KUPANG,NUSA TENGGARA TIMUR
KOTA LAMA,KUPANG,NUSA TENGGARA TIMUR
SELAKAU,SAMBAS,KALIMANTAN BARAT
SELAKAU TIMUR,SAMBAS,KALIMANTAN BARAT
PEMANGKAT,SAMBAS,KALIMANTAN BARAT
SEMPARUK,SAMBAS,KALIMANTAN BARAT
SALATIGA,SAMBAS,KALIMANTAN BARAT
TEBAS,SAMBAS,KALIMANTAN BARAT
TEKARANG,SAMBAS,KALIMANTAN BARAT
SAMBAS,SAMBAS,KALIMANTAN BARAT
SUBAH,SAMBAS,KALIMANTAN BARAT
SEBAWI,SAMBAS,KALIMANTAN BARAT
SAJAD,SAMBAS,KALIMANTAN BARAT
JAWAI,SAMBAS,KALIMANTAN BARAT
JAWAI SELATAN,SAMBAS,KALIMANTAN BARAT
TELUK KERAMAT,SAMBAS,KALIMANTAN BARAT
GALING,SAMBAS,KALIMANTAN BARAT
TANGARAN,SAMBAS,KALIMANTAN BARAT
SEJANGKUNG,SAMBAS,KALIMANTAN BARAT
SAJINGAN BESAR,SAMBAS,KALIMANTAN BARAT
PALOH,SAMBAS,KALIMANTAN BARAT
SUNGAI RAYA,BENGKAYANG,KALIMANTAN BARAT
CAPKALA,BENGKAYANG,KALIMANTAN BARAT
SUNGAI RAYA KEPULAUAN,BENGKAYANG,KALIMANTAN BARAT
SAMALANTAN,BENGKAYANG,KALIMANTAN BARAT
MONTERADO,BENGKAYANG,KALIMANTAN BARAT
LEMBAH BAWANG,BENGKAYANG,KALIMANTAN BARAT
BENGKAYANG,BENGKAYANG,KALIMANTAN BARAT
TERIAK,BENGKAYANG,KALIMANTAN BARAT
SUNGAI BETUNG,BENGKAYANG,KALIMANTAN BARAT
LEDO,BENGKAYANG,KALIMANTAN BARAT
SUTI SEMARANG,BENGKAYANG,KALIMANTAN BARAT
LUMAR,BENGKAYANG,KALIMANTAN BARAT
SANGGAU LEDO,BENGKAYANG,KALIMANTAN BARAT
TUJUHBELAS,BENGKAYANG,KALIMANTAN BARAT
SELUAS,BENGKAYANG,KALIMANTAN BARAT
JAGOI BABANG,BENGKAYANG,KALIMANTAN BARAT
SIDING,BENGKAYANG,KALIMANTAN BARAT
SEBANGKI,LANDAK,KALIMANTAN BARAT
NGABANG,LANDAK,KALIMANTAN BARAT
JELIMPO,LANDAK,KALIMANTAN BARAT
SENGAH TEMILA,LANDAK,KALIMANTAN BARAT
MANDOR,LANDAK,KALIMANTAN BARAT
MENJALIN,LANDAK,KALIMANTAN BARAT
MEMPAWAH HULU,LANDAK,KALIMANTAN BARAT
SOMPAK,LANDAK,KALIMANTAN BARAT
MENYUKE,LANDAK,KALIMANTAN BARAT
BANYUKE HULU,LANDAK,KALIMANTAN BARAT
MERANTI,LANDAK,KALIMANTAN BARAT
KUALA BEHE,LANDAK,KALIMANTAN BARAT
AIR BESAR,LANDAK,KALIMANTAN BARAT
SIANTAN,MEMPAWAH,KALIMANTAN BARAT
SEGEDONG,MEMPAWAH,KALIMANTAN BARAT
SUNGAI PINYUH,MEMPAWAH,KALIMANTAN BARAT
ANJONGAN,MEMPAWAH,KALIMANTAN BARAT
MEMPAWAH HILIR,MEMPAWAH,KALIMANTAN BARAT
MEMPAWAH TIMUR,MEMPAWAH,KALIMANTAN BARAT
SUNGAI KUNYIT,MEMPAWAH,KALIMANTAN BARAT
TOHO,MEMPAWAH,KALIMANTAN BARAT
SADANIANG,MEMPAWAH,KALIMANTAN BARAT
TOBA,SANGGAU,KALIMANTAN BARAT
MELIAU,SANGGAU,KALIMANTAN BARAT
KAPUAS,SANGGAU,KALIMANTAN BARAT
MUKOK,SANGGAU,KALIMANTAN BARAT
JANGKANG,SANGGAU,KALIMANTAN BARAT
BONTI,SANGGAU,KALIMANTAN BARAT
PARINDU,SANGGAU,KALIMANTAN BARAT
TAYAN HILIR,SANGGAU,KALIMANTAN BARAT
BALAI,SANGGAU,KALIMANTAN BARAT
TAYAN HULU,SANGGAU,KALIMANTAN BARAT
KEMBAYAN,SANGGAU,KALIMANTAN BARAT
BEDUWAI,SANGGAU,KALIMANTAN BARAT
NOYAN,SANGGAU,KALIMANTAN BARAT
SEKAYAM,SANGGAU,KALIMANTAN BARAT
ENTIKONG,SANGGAU,KALIMANTAN BARAT
KENDAWANGAN,KETAPANG,KALIMANTAN BARAT
MANIS MATA,KETAPANG,KALIMANTAN BARAT
MARAU,KETAPANG,KALIMANTAN BARAT
SINGKUP,KETAPANG,KALIMANTAN BARAT
AIR UPAS,KETAPANG,KALIMANTAN BARAT
JELAI HULU,KETAPANG,KALIMANTAN BARAT
TUMBANG TITI,KETAPANG,KALIMANTAN BARAT
PEMAHAN,KETAPANG,KALIMANTAN BARAT
SUNGAI MELAYU RAYAK,KETAPANG,KALIMANTAN BARAT
MATAN HILIR SELATAN,KETAPANG,KALIMANTAN BARAT
BENUA KAYONG,KETAPANG,KALIMANTAN BARAT
MATAN HILIR UTARA,KETAPANG,KALIMANTAN BARAT
DELTA PAWAN,KETAPANG,KALIMANTAN BARAT
MUARA PAWAN,KETAPANG,KALIMANTAN BARAT
NANGA TAYAP,KETAPANG,KALIMANTAN BARAT
SANDAI,KETAPANG,KALIMANTAN BARAT
HULU SUNGAI,KETAPANG,KALIMANTAN BARAT
SUNGAI LAUR,KETAPANG,KALIMANTAN BARAT
SIMPANG HULU,KETAPANG,KALIMANTAN BARAT
SIMPANG DUA,KETAPANG,KALIMANTAN BARAT
SERAWAI,SINTANG,KALIMANTAN BARAT
AMBALAU,SINTANG,KALIMANTAN BARAT
KAYAN HULU,SINTANG,KALIMANTAN BARAT
SEPAUK,SINTANG,KALIMANTAN BARAT
TEMPUNAK,SINTANG,KALIMANTAN BARAT
SUNGAI TEBELIAN,SINTANG,KALIMANTAN BARAT
SINTANG,SINTANG,KALIMANTAN BARAT
DEDAI,SINTANG,KALIMANTAN BARAT
KAYAN HILIR,SINTANG,KALIMANTAN BARAT
KELAM PERMAI,SINTANG,KALIMANTAN BARAT
BINJAI HULU,SINTANG,KALIMANTAN BARAT
KETUNGAU HILIR,SINTANG,KALIMANTAN BARAT
KETUNGAU TENGAH,SINTANG,KALIMANTAN BARAT
KETUNGAU HULU,SINTANG,KALIMANTAN BARAT
SILAT HILIR,KAPUAS HULU,KALIMANTAN BARAT
SILAT HULU,KAPUAS HULU,KALIMANTAN BARAT
HULU GURUNG,KAPUAS HULU,KALIMANTAN BARAT
BUNUT HULU,KAPUAS HULU,KALIMANTAN BARAT
MENTEBAH,KAPUAS HULU,KALIMANTAN BARAT
BIKA,KAPUAS HULU,KALIMANTAN BARAT
KALIS,KAPUAS HULU,KALIMANTAN BARAT
PUTUSSIBAU SELATAN,KAPUAS HULU,KALIMANTAN BARAT
EMBALOH HILIR,KAPUAS HULU,KALIMANTAN BARAT
BUNUT HILIR,KAPUAS HULU,KALIMANTAN BARAT
BOYAN TANJUNG,KAPUAS HULU,KALIMANTAN BARAT
PENGKADAN,KAPUAS HULU,KALIMANTAN BARAT
JONGKONG,KAPUAS HULU,KALIMANTAN BARAT
SELIMBAU,KAPUAS HULU,KALIMANTAN BARAT
SUHAID,KAPUAS HULU,KALIMANTAN BARAT
SEBERUANG,KAPUAS HULU,KALIMANTAN BARAT
SEMITAU,KAPUAS HULU,KALIMANTAN BARAT
EMPANANG,KAPUAS HULU,KALIMANTAN BARAT
PURING KENCANA,KAPUAS HULU,KALIMANTAN BARAT
BADAU,KAPUAS HULU,KALIMANTAN BARAT
BATANG LUPAR,KAPUAS HULU,KALIMANTAN BARAT
EMBALOH HULU,KAPUAS HULU,KALIMANTAN BARAT
PUTUSSIBAU UTARA,KAPUAS HULU,KALIMANTAN BARAT
NANGA MAHAP,SEKADAU,KALIMANTAN BARAT
NANGA TAMAN,SEKADAU,KALIMANTAN BARAT
SEKADAU HULU,SEKADAU,KALIMANTAN BARAT
SEKADAU HILIR,SEKADAU,KALIMANTAN BARAT
BELITANG HILIR,SEKADAU,KALIMANTAN BARAT
BELITANG,SEKADAU,KALIMANTAN BARAT
BELITANG HULU,SEKADAU,KALIMANTAN BARAT
SOKAN,MELAWI,KALIMANTAN BARAT
TANAH PINOH,MELAWI,KALIMANTAN BARAT
TANAH PINOH BARAT,MELAWI,KALIMANTAN BARAT
SAYAN,MELAWI,KALIMANTAN BARAT
BELIMBING,MELAWI,KALIMANTAN BARAT
BELIMBING HULU,MELAWI,KALIMANTAN BARAT
NANGA PINOH,MELAWI,KALIMANTAN BARAT
PINOH SELATAN,MELAWI,KALIMANTAN BARAT
PINOH UTARA,MELAWI,KALIMANTAN BARAT
ELLA HILIR,MELAWI,KALIMANTAN BARAT
MENUKUNG,MELAWI,KALIMANTAN BARAT
PULAU MAYA,KAYONG UTARA,KALIMANTAN BARAT
KEPULAUAN KARIMATA,KAYONG UTARA,KALIMANTAN BARAT
SUKADANA,KAYONG UTARA,KALIMANTAN BARAT
SIMPANG HILIR,KAYONG UTARA,KALIMANTAN BARAT
TELUK BATANG,KAYONG UTARA,KALIMANTAN BARAT
SEPONTI,KAYONG UTARA,KALIMANTAN BARAT
BATU AMPAR,KUBU RAYA,KALIMANTAN BARAT
TERENTANG,KUBU RAYA,KALIMANTAN BARAT
KUBU,KUBU RAYA,KALIMANTAN BARAT
TELOK PA'KEDAI,KUBU RAYA,KALIMANTAN BARAT
SUNGAI KAKAP,KUBU RAYA,KALIMANTAN BARAT
RASAU JAYA,KUBU RAYA,KALIMANTAN BARAT
SUNGAI RAYA,KUBU RAYA,KALIMANTAN BARAT
SUNGAI AMBAWANG,KUBU RAYA,KALIMANTAN BARAT
KUALA MANDOR-B,KUBU RAYA,KALIMANTAN BARAT
PONTIANAK SELATAN,PONTIANAK,KALIMANTAN BARAT
PONTIANAK TENGGARA,PONTIANAK,KALIMANTAN BARAT
PONTIANAK TIMUR,PONTIANAK,KALIMANTAN BARAT
PONTIANAK BARAT,PONTIANAK,KALIMANTAN BARAT
PONTIANAK KOTA,PONTIANAK,KALIMANTAN BARAT
PONTIANAK UTARA,PONTIANAK,KALIMANTAN BARAT
SINGKAWANG SELATAN,SINGKAWANG,KALIMANTAN BARAT
SINGKAWANG TIMUR,SINGKAWANG,KALIMANTAN BARAT
SINGKAWANG UTARA,SINGKAWANG,KALIMANTAN BARAT
SINGKAWANG BARAT,SINGKAWANG,KALIMANTAN BARAT
SINGKAWANG TENGAH,SINGKAWANG,KALIMANTAN BARAT
KOTAWARINGIN LAMA,KOTAWARINGIN BARAT,KALIMANTAN TENGAH
ARUT SELATAN,KOTAWARINGIN BARAT,KALIMANTAN TENGAH
KUMAI,KOTAWARINGIN BARAT,KALIMANTAN TENGAH
PANGKALAN BANTENG,KOTAWARINGIN BARAT,KALIMANTAN TENGAH
PANGKALAN LADA,KOTAWARINGIN BARAT,KALIMANTAN TENGAH
ARUT UTARA,KOTAWARINGIN BARAT,KALIMANTAN TENGAH
MENTAYA HILIR SELATAN,KOTAWARINGIN TIMUR,KALIMANTAN TENGAH
SAMPIT,KOTAWARINGIN TIMUR,KALIMANTAN TENGAH
TELUK SAMPIT,KOTAWARINGIN TIMUR,KALIMANTAN TENGAH
PULAU HANAUT,KOTAWARINGIN TIMUR,KALIMANTAN TENGAH
MENTAWA BARU/KETAPANG,KOTAWARINGIN TIMUR,KALIMANTAN TENGAH
SERANAU,KOTAWARINGIN TIMUR,KALIMANTAN TENGAH
MENTAYA HILIR UTARA,KOTAWARINGIN TIMUR,KALIMANTAN TENGAH
KOTA BESI,KOTAWARINGIN TIMUR,KALIMANTAN TENGAH
TELAWANG,KOTAWARINGIN TIMUR,KALIMANTAN TENGAH
BAAMANG,KOTAWARINGIN TIMUR,KALIMANTAN TENGAH
CEMPAGA,KOTAWARINGIN TIMUR,KALIMANTAN TENGAH
CEMPAGA HULU,KOTAWARINGIN TIMUR,KALIMANTAN TENGAH
PARENGGEAN,KOTAWARINGIN TIMUR,KALIMANTAN TENGAH
TUALAN HULU,KOTAWARINGIN TIMUR,KALIMANTAN TENGAH
MENTAYA HULU,KOTAWARINGIN TIMUR,KALIMANTAN TENGAH
BUKIT SANTUAI,KOTAWARINGIN TIMUR,KALIMANTAN TENGAH
ANTANG KALANG,KOTAWARINGIN TIMUR,KALIMANTAN TENGAH
TELAGA ANTANG,KOTAWARINGIN TIMUR,KALIMANTAN TENGAH
KAPUAS KUALA,KAPUAS,KALIMANTAN TENGAH
TAMBAN CATUR,KAPUAS,KALIMANTAN TENGAH
KAPUAS TIMUR,KAPUAS,KALIMANTAN TENGAH
SELAT,KAPUAS,KALIMANTAN TENGAH
BATAGUH,KAPUAS,KALIMANTAN TENGAH
BASARANG,KAPUAS,KALIMANTAN TENGAH
KAPUAS HILIR,KAPUAS,KALIMANTAN TENGAH
PULAU PETAK,KAPUAS,KALIMANTAN TENGAH
KAPUAS MURUNG,KAPUAS,KALIMANTAN TENGAH
DADAHUP,KAPUAS,KALIMANTAN TENGAH
KAPUAS BARAT,KAPUAS,KALIMANTAN TENGAH
MANTANGAI,KAPUAS,KALIMANTAN TENGAH
TIMPAH,KAPUAS,KALIMANTAN TENGAH
KAPUAS TENGAH,KAPUAS,KALIMANTAN TENGAH
PASAK TALAWANG,KAPUAS,KALIMANTAN TENGAH
KAPUAS HULU,KAPUAS,KALIMANTAN TENGAH
MANDAU TALAWANG,KAPUAS,KALIMANTAN TENGAH
JENAMAS,BARITO SELATAN,KALIMANTAN TENGAH
DUSUN HILIR,BARITO SELATAN,KALIMANTAN TENGAH
KARAU KUALA,BARITO SELATAN,KALIMANTAN TENGAH
DUSUN SELATAN,BARITO SELATAN,KALIMANTAN TENGAH
DUSUN UTARA,BARITO SELATAN,KALIMANTAN TENGAH
GUNUNG BINTANG AWAI,BARITO SELATAN,KALIMANTAN TENGAH
MONTALLAT,BARITO UTARA,KALIMANTAN TENGAH
GUNUNG TIMANG,BARITO UTARA,KALIMANTAN TENGAH
GUNUNG PUREI,BARITO UTARA,KALIMANTAN TENGAH
TEWEH TIMUR,BARITO UTARA,KALIMANTAN TENGAH
TEWEH TENGAH,BARITO UTARA,KALIMANTAN TENGAH
TEWEH  BARU,BARITO UTARA,KALIMANTAN TENGAH
TEWEH SELATAN,BARITO UTARA,KALIMANTAN TENGAH
LAHEI,BARITO UTARA,KALIMANTAN TENGAH
LAHEI BARAT,BARITO UTARA,KALIMANTAN TENGAH
JELAI,SUKAMARA,KALIMANTAN TENGAH
PANTAI LUNCI,SUKAMARA,KALIMANTAN TENGAH
SUKAMARA,SUKAMARA,KALIMANTAN TENGAH
BALAI RIAM,SUKAMARA,KALIMANTAN TENGAH
PERMATA KECUBUNG,SUKAMARA,KALIMANTAN TENGAH
BULIK,LAMANDAU,KALIMANTAN TENGAH
SEMATU JAYA,LAMANDAU,KALIMANTAN TENGAH
MENTHOBI RAYA,LAMANDAU,KALIMANTAN TENGAH
BULIK TIMUR,LAMANDAU,KALIMANTAN TENGAH
LAMANDAU,LAMANDAU,KALIMANTAN TENGAH
BELANTIKAN RAYA,LAMANDAU,KALIMANTAN TENGAH
DELANG,LAMANDAU,KALIMANTAN TENGAH
BATANGKAWA,LAMANDAU,KALIMANTAN TENGAH
SERUYAN HILIR,SERUYAN,KALIMANTAN TENGAH
SERUYAN HILIR TIMUR,SERUYAN,KALIMANTAN TENGAH
DANAU SEMBULUH,SERUYAN,KALIMANTAN TENGAH
SERUYAN RAYA,SERUYAN,KALIMANTAN TENGAH
HANAU,SERUYAN,KALIMANTAN TENGAH
DANAU SELULUK,SERUYAN,KALIMANTAN TENGAH
SERUYAN TENGAH,SERUYAN,KALIMANTAN TENGAH
BATU AMPAR,SERUYAN,KALIMANTAN TENGAH
SERUYAN HULU,SERUYAN,KALIMANTAN TENGAH
SULING TAMBUN,SERUYAN,KALIMANTAN TENGAH
KATINGAN KUALA,KATINGAN,KALIMANTAN TENGAH
MENDAWAI,KATINGAN,KALIMANTAN TENGAH
KAMIPANG,KATINGAN,KALIMANTAN TENGAH
TASIK PAYAWAN,KATINGAN,KALIMANTAN TENGAH
KATINGAN HILIR,KATINGAN,KALIMANTAN TENGAH
TEWANG SANGALANG GARING,KATINGAN,KALIMANTAN TENGAH
PULAU MALAN,KATINGAN,KALIMANTAN TENGAH
KATINGAN TENGAH,KATINGAN,KALIMANTAN TENGAH
SANAMAN MANTIKEI,KATINGAN,KALIMANTAN TENGAH
PETAK MALAI,KATINGAN,KALIMANTAN TENGAH
MARIKIT,KATINGAN,KALIMANTAN TENGAH
KATINGAN HULU,KATINGAN,KALIMANTAN TENGAH
BUKIT RAYA,KATINGAN,KALIMANTAN TENGAH
KAHAYAN KUALA,PULANG PISAU,KALIMANTAN TENGAH
SEBANGAU KUALA,PULANG PISAU,KALIMANTAN TENGAH
PANDIH BATU,PULANG PISAU,KALIMANTAN TENGAH
MALIKU,PULANG PISAU,KALIMANTAN TENGAH
KAHAYAN HILIR,PULANG PISAU,KALIMANTAN TENGAH
JABIREN RAYA,PULANG PISAU,KALIMANTAN TENGAH
KAHAYAN TENGAH,PULANG PISAU,KALIMANTAN TENGAH
BANAMA TINGANG,PULANG PISAU,KALIMANTAN TENGAH
MANUHING,GUNUNG MAS,KALIMANTAN TENGAH
MANUHING RAYA,GUNUNG MAS,KALIMANTAN TENGAH
RUNGAN,GUNUNG MAS,KALIMANTAN TENGAH
RUNGAN HULU,GUNUNG MAS,KALIMANTAN TENGAH
RUNGAN BARAT,GUNUNG MAS,KALIMANTAN TENGAH
SEPANG,GUNUNG MAS,KALIMANTAN TENGAH
MIHING RAYA,GUNUNG MAS,KALIMANTAN TENGAH
KURUN,GUNUNG MAS,KALIMANTAN TENGAH
TEWAH,GUNUNG MAS,KALIMANTAN TENGAH
KAHAYAN HULU UTARA,GUNUNG MAS,KALIMANTAN TENGAH
DAMANG BATU,GUNUNG MAS,KALIMANTAN TENGAH
MIRI MANASA,GUNUNG MAS,KALIMANTAN TENGAH
BENUA LIMA,BARITO TIMUR,KALIMANTAN TENGAH
DUSUN TIMUR,BARITO TIMUR,KALIMANTAN TENGAH
PAJU EPAT,BARITO TIMUR,KALIMANTAN TENGAH
AWANG,BARITO TIMUR,KALIMANTAN TENGAH
PATANGKEP TUTUI,BARITO TIMUR,KALIMANTAN TENGAH
DUSUN TENGAH,BARITO TIMUR,KALIMANTAN TENGAH
RAREN BATUAH,BARITO TIMUR,KALIMANTAN TENGAH
PAKU,BARITO TIMUR,KALIMANTAN TENGAH
KARUSEN JANANG,BARITO TIMUR,KALIMANTAN TENGAH
PEMATANG KARAU,BARITO TIMUR,KALIMANTAN TENGAH
PERMATA INTAN,MURUNG RAYA,KALIMANTAN TENGAH
SUNGAI BABUAT,MURUNG RAYA,KALIMANTAN TENGAH
MURUNG,MURUNG RAYA,KALIMANTAN TENGAH
LAUNG TUHUP,MURUNG RAYA,KALIMANTAN TENGAH
BARITO TUHUP RAYA,MURUNG RAYA,KALIMANTAN TENGAH
TANAH SIANG,MURUNG RAYA,KALIMANTAN TENGAH
TANAH SIANG SELATAN,MURUNG RAYA,KALIMANTAN TENGAH
SUMBER BARITO,MURUNG RAYA,KALIMANTAN TENGAH
SERIBU RIAM,MURUNG RAYA,KALIMANTAN TENGAH
UUT MURUNG,MURUNG RAYA,KALIMANTAN TENGAH
PAHANDUT,PALANGKA RAYA,KALIMANTAN TENGAH
SABANGAU,PALANGKA RAYA,KALIMANTAN TENGAH
JEKAN RAYA,PALANGKA RAYA,KALIMANTAN TENGAH
BUKIT BATU,PALANGKA RAYA,KALIMANTAN TENGAH
RAKUMPIT,PALANGKA RAYA,KALIMANTAN TENGAH
PANYIPATAN,TANAH LAUT,KALIMANTAN SELATAN
TAKISUNG,TANAH LAUT,KALIMANTAN SELATAN
KURAU,TANAH LAUT,KALIMANTAN SELATAN
BUMI MAKMUR,TANAH LAUT,KALIMANTAN SELATAN
BATI - BATI,TANAH LAUT,KALIMANTAN SELATAN
TAMBANG ULANG,TANAH LAUT,KALIMANTAN SELATAN
PELAIHARI,TANAH LAUT,KALIMANTAN SELATAN
BAJUIN,TANAH LAUT,KALIMANTAN SELATAN
BATU AMPAR,TANAH LAUT,KALIMANTAN SELATAN
JORONG,TANAH LAUT,KALIMANTAN SELATAN
KINTAP,TANAH LAUT,KALIMANTAN SELATAN
PULAU SEMBILAN,KOTA BARU,KALIMANTAN SELATAN
PULAU LAUT BARAT,KOTA BARU,KALIMANTAN SELATAN
PULAU LAUT TANJUNG SELAYAR,KOTA BARU,KALIMANTAN SELATAN
PULAU LAUT SELATAN,KOTA BARU,KALIMANTAN SELATAN
PULAU LAUT KEPULAUAN,KOTA BARU,KALIMANTAN SELATAN
PULAU LAUT TIMUR,KOTA BARU,KALIMANTAN SELATAN
PULAU SEBUKU,KOTA BARU,KALIMANTAN SELATAN
PULAU LAUT UTARA,KOTA BARU,KALIMANTAN SELATAN
PULAU LAUT TENGAH,KOTA BARU,KALIMANTAN SELATAN
KELUMPANG SELATAN,KOTA BARU,KALIMANTAN SELATAN
KELUMPANG HILIR,KOTA BARU,KALIMANTAN SELATAN
KELUMPANG HULU,KOTA BARU,KALIMANTAN SELATAN
HAMPANG,KOTA BARU,KALIMANTAN SELATAN
SUNGAI DURIAN,KOTA BARU,KALIMANTAN SELATAN
KELUMPANG TENGAH,KOTA BARU,KALIMANTAN SELATAN
KELUMPANG BARAT,KOTA BARU,KALIMANTAN SELATAN
KELUMPANG UTARA,KOTA BARU,KALIMANTAN SELATAN
PAMUKAN SELATAN,KOTA BARU,KALIMANTAN SELATAN
SAMPANAHAN,KOTA BARU,KALIMANTAN SELATAN
PAMUKAN UTARA,KOTA BARU,KALIMANTAN SELATAN
PAMUKAN BARAT,KOTA BARU,KALIMANTAN SELATAN
ALUH - ALUH,BANJAR,KALIMANTAN SELATAN
BERUNTUNG BARU,BANJAR,KALIMANTAN SELATAN
GAMBUT,BANJAR,KALIMANTAN SELATAN
KERTAK HANYAR,BANJAR,KALIMANTAN SELATAN
TATAH MAKMUR,BANJAR,KALIMANTAN SELATAN
SUNGAI TABUK,BANJAR,KALIMANTAN SELATAN
MARTAPURA,BANJAR,KALIMANTAN SELATAN
MARTAPURA TIMUR,BANJAR,KALIMANTAN SELATAN
MARTAPURA BARAT,BANJAR,KALIMANTAN SELATAN
ASTAMBUL,BANJAR,KALIMANTAN SELATAN
KARANG INTAN,BANJAR,KALIMANTAN SELATAN
ARANIO,BANJAR,KALIMANTAN SELATAN
SUNGAI PINANG,BANJAR,KALIMANTAN SELATAN
PARAMASAN,BANJAR,KALIMANTAN SELATAN
PENGARON,BANJAR,KALIMANTAN SELATAN
SAMBUNG MAKMUR,BANJAR,KALIMANTAN SELATAN
MATARAMAN,BANJAR,KALIMANTAN SELATAN
SIMPANG EMPAT,BANJAR,KALIMANTAN SELATAN
TELAGA BAUNTUNG,BANJAR,KALIMANTAN SELATAN
TABUNGANEN,BARITO KUALA,KALIMANTAN SELATAN
TAMBAN,BARITO KUALA,KALIMANTAN SELATAN
MEKAR SARI,BARITO KUALA,KALIMANTAN SELATAN
ANJIR PASAR,BARITO KUALA,KALIMANTAN SELATAN
ANJIR MUARA,BARITO KUALA,KALIMANTAN SELATAN
ALALAK,BARITO KUALA,KALIMANTAN SELATAN
MANDASTANA,BARITO KUALA,KALIMANTAN SELATAN
JEJANGKIT,BARITO KUALA,KALIMANTAN SELATAN
BELAWANG,BARITO KUALA,KALIMANTAN SELATAN
WANARAYA,BARITO KUALA,KALIMANTAN SELATAN
BARAMBAI,BARITO KUALA,KALIMANTAN SELATAN
RANTAU BADAUH,BARITO KUALA,KALIMANTAN SELATAN
CERBON,BARITO KUALA,KALIMANTAN SELATAN
BAKUMPAI,BARITO KUALA,KALIMANTAN SELATAN
MARABAHAN,BARITO KUALA,KALIMANTAN SELATAN
TABUKAN,BARITO KUALA,KALIMANTAN SELATAN
KURIPAN,BARITO KUALA,KALIMANTAN SELATAN
BINUANG,TAPIN,KALIMANTAN SELATAN
HATUNGUN,TAPIN,KALIMANTAN SELATAN
TAPIN SELATAN,TAPIN,KALIMANTAN SELATAN
SALAM BABARIS,TAPIN,KALIMANTAN SELATAN
TAPIN TENGAH,TAPIN,KALIMANTAN SELATAN
BUNGUR,TAPIN,KALIMANTAN SELATAN
PIANI,TAPIN,KALIMANTAN SELATAN
LOKPAIKAT,TAPIN,KALIMANTAN SELATAN
TAPIN UTARA,TAPIN,KALIMANTAN SELATAN
BAKARANGAN,TAPIN,KALIMANTAN SELATAN
CANDI LARAS SELATAN,TAPIN,KALIMANTAN SELATAN
CANDI LARAS UTARA,TAPIN,KALIMANTAN SELATAN
PADANG BATUNG,HULU SUNGAI SELATAN,KALIMANTAN SELATAN
LOKSADO,HULU SUNGAI SELATAN,KALIMANTAN SELATAN
TELAGA LANGSAT,HULU SUNGAI SELATAN,KALIMANTAN SELATAN
ANGKINANG,HULU SUNGAI SELATAN,KALIMANTAN SELATAN
KANDANGAN,HULU SUNGAI SELATAN,KALIMANTAN SELATAN
SUNGAI RAYA,HULU SUNGAI SELATAN,KALIMANTAN SELATAN
SIMPUR,HULU SUNGAI SELATAN,KALIMANTAN SELATAN
KALUMPANG,HULU SUNGAI SELATAN,KALIMANTAN SELATAN
DAHA SELATAN,HULU SUNGAI SELATAN,KALIMANTAN SELATAN
DAHA BARAT,HULU SUNGAI SELATAN,KALIMANTAN SELATAN
DAHA UTARA,HULU SUNGAI SELATAN,KALIMANTAN SELATAN
HARUYAN,HULU SUNGAI TENGAH,KALIMANTAN SELATAN
BATU BENAWA,HULU SUNGAI TENGAH,KALIMANTAN SELATAN
HANTAKAN,HULU SUNGAI TENGAH,KALIMANTAN SELATAN
BATANG ALAI SELATAN,HULU SUNGAI TENGAH,KALIMANTAN SELATAN
BATANG ALAI TIMUR,HULU SUNGAI TENGAH,KALIMANTAN SELATAN
BARABAI,HULU SUNGAI TENGAH,KALIMANTAN SELATAN
LABUAN AMAS SELATAN,HULU SUNGAI TENGAH,KALIMANTAN SELATAN
LABUAN AMAS UTARA,HULU SUNGAI TENGAH,KALIMANTAN SELATAN
PANDAWAN,HULU SUNGAI TENGAH,KALIMANTAN SELATAN
BATANG ALAI UTARA,HULU SUNGAI TENGAH,KALIMANTAN SELATAN
LIMPASU,HULU SUNGAI TENGAH,KALIMANTAN SELATAN
DANAU PANGGANG,HULU SUNGAI UTARA,KALIMANTAN SELATAN
PAMINGGIR,HULU SUNGAI UTARA,KALIMANTAN SELATAN
BABIRIK,HULU SUNGAI UTARA,KALIMANTAN SELATAN
SUNGAI PANDAN,HULU SUNGAI UTARA,KALIMANTAN SELATAN
SUNGAI TABUKAN,HULU SUNGAI UTARA,KALIMANTAN SELATAN
AMUNTAI SELATAN,HULU SUNGAI UTARA,KALIMANTAN SELATAN
AMUNTAI TENGAH,HULU SUNGAI UTARA,KALIMANTAN SELATAN
BANJANG,HULU SUNGAI UTARA,KALIMANTAN SELATAN
AMUNTAI UTARA,HULU SUNGAI UTARA,KALIMANTAN SELATAN
HAUR GADING,HULU SUNGAI UTARA,KALIMANTAN SELATAN
BANUA LAWAS,TABALONG,KALIMANTAN SELATAN
PUGAAN,TABALONG,KALIMANTAN SELATAN
KELUA,TABALONG,KALIMANTAN SELATAN
MUARA HARUS,TABALONG,KALIMANTAN SELATAN
TANTA,TABALONG,KALIMANTAN SELATAN
TANJUNG,TABALONG,KALIMANTAN SELATAN
MURUNG PUDAK,TABALONG,KALIMANTAN SELATAN
HARUAI,TABALONG,KALIMANTAN SELATAN
BINTANG ARA,TABALONG,KALIMANTAN SELATAN
UPAU,TABALONG,KALIMANTAN SELATAN
MUARA UYA,TABALONG,KALIMANTAN SELATAN
JARO,TABALONG,KALIMANTAN SELATAN
KUSAN HILIR,TANAH BUMBU,KALIMANTAN SELATAN
SUNGAI LOBAN,TANAH BUMBU,KALIMANTAN SELATAN
SATUI,TANAH BUMBU,KALIMANTAN SELATAN
ANGSANA,TANAH BUMBU,KALIMANTAN SELATAN
KUSAN HULU,TANAH BUMBU,KALIMANTAN SELATAN
KURANJI,TANAH BUMBU,KALIMANTAN SELATAN
BATU LICIN,TANAH BUMBU,KALIMANTAN SELATAN
KARANG BINTANG,TANAH BUMBU,KALIMANTAN SELATAN
SIMPANG EMPAT,TANAH BUMBU,KALIMANTAN SELATAN
MANTEWE,TANAH BUMBU,KALIMANTAN SELATAN
LAMPIHONG,BALANGAN,KALIMANTAN SELATAN
BATU MANDI,BALANGAN,KALIMANTAN SELATAN
AWAYAN,BALANGAN,KALIMANTAN SELATAN
TEBING TINGGI,BALANGAN,KALIMANTAN SELATAN
PARINGIN,BALANGAN,KALIMANTAN SELATAN
PARINGIN SELATAN,BALANGAN,KALIMANTAN SELATAN
JUAI,BALANGAN,KALIMANTAN SELATAN
HALONG,BALANGAN,KALIMANTAN SELATAN
BANJARMASIN SELATAN,BANJARMASIN,KALIMANTAN SELATAN
BANJARMASIN TIMUR,BANJARMASIN,KALIMANTAN SELATAN
BANJARMASIN BARAT,BANJARMASIN,KALIMANTAN SELATAN
BANJARMASIN TENGAH,BANJARMASIN,KALIMANTAN SELATAN
BANJARMASIN UTARA,BANJARMASIN,KALIMANTAN SELATAN
LANDASAN ULIN,BANJAR BARU,KALIMANTAN SELATAN
LIANG ANGGANG,BANJAR BARU,KALIMANTAN SELATAN
CEMPAKA,BANJAR BARU,KALIMANTAN SELATAN
BANJAR BARU UTARA,BANJAR BARU,KALIMANTAN SELATAN
BANJAR BARU SELATAN,BANJAR BARU,KALIMANTAN SELATAN
BATU SOPANG,PASER,KALIMANTAN TIMUR
MUARA SAMU,PASER,KALIMANTAN TIMUR
BATU ENGAU,PASER,KALIMANTAN TIMUR
TANJUNG HARAPAN,PASER,KALIMANTAN TIMUR
PASIR BELENGKONG,PASER,KALIMANTAN TIMUR
TANAH GROGOT,PASER,KALIMANTAN TIMUR
KUARO,PASER,KALIMANTAN TIMUR
LONG IKIS,PASER,KALIMANTAN TIMUR
MUARA KOMAM,PASER,KALIMANTAN TIMUR
LONG KALI,PASER,KALIMANTAN TIMUR
BONGAN,KUTAI BARAT,KALIMANTAN TIMUR
JEMPANG,KUTAI BARAT,KALIMANTAN TIMUR
PENYINGGAHAN,KUTAI BARAT,KALIMANTAN TIMUR
MUARA PAHU,KUTAI BARAT,KALIMANTAN TIMUR
SILUQ NGURAI,KUTAI BARAT,KALIMANTAN TIMUR
MUARA LAWA,KUTAI BARAT,KALIMANTAN TIMUR
BENTIAN BESAR,KUTAI BARAT,KALIMANTAN TIMUR
DAMAI,KUTAI BARAT,KALIMANTAN TIMUR
NYUATAN,KUTAI BARAT,KALIMANTAN TIMUR
BARONG TONGKOK,KUTAI BARAT,KALIMANTAN TIMUR
LINGGANG BIGUNG,KUTAI BARAT,KALIMANTAN TIMUR
MELAK,KUTAI BARAT,KALIMANTAN TIMUR
SEKOLAQ DARAT,KUTAI BARAT,KALIMANTAN TIMUR
MANOR BULATN,KUTAI BARAT,KALIMANTAN TIMUR
LONG IRAM,KUTAI BARAT,KALIMANTAN TIMUR
TERING,KUTAI BARAT,KALIMANTAN TIMUR
SEMBOJA,KUTAI KARTANEGARA,KALIMANTAN TIMUR
MUARA JAWA,KUTAI KARTANEGARA,KALIMANTAN TIMUR
SANGA-SANGA,KUTAI KARTANEGARA,KALIMANTAN TIMUR
LOA JANAN,KUTAI KARTANEGARA,KALIMANTAN TIMUR
LOA KULU,KUTAI KARTANEGARA,KALIMANTAN TIMUR
MUARA MUNTAI,KUTAI KARTANEGARA,KALIMANTAN TIMUR
MUARA WIS,KUTAI KARTANEGARA,KALIMANTAN TIMUR
KOTABANGUN,KUTAI KARTANEGARA,KALIMANTAN TIMUR
SEPARI,KUTAI KARTANEGARA,KALIMANTAN TIMUR
TENGGARONG,KUTAI KARTANEGARA,KALIMANTAN TIMUR
SEBULU,KUTAI KARTANEGARA,KALIMANTAN TIMUR
TENGGARONG SEBERANG,KUTAI KARTANEGARA,KALIMANTAN TIMUR
ANGGANA,KUTAI KARTANEGARA,KALIMANTAN TIMUR
MUARA BADAK,KUTAI KARTANEGARA,KALIMANTAN TIMUR
MARANG KAYU,KUTAI KARTANEGARA,KALIMANTAN TIMUR
MUARA KAMAN,KUTAI KARTANEGARA,KALIMANTAN TIMUR
KENOHAN,KUTAI KARTANEGARA,KALIMANTAN TIMUR
KEMBANG JANGGUT,KUTAI KARTANEGARA,KALIMANTAN TIMUR
TABANG,KUTAI KARTANEGARA,KALIMANTAN TIMUR
MUARA ANCALONG,KUTAI TIMUR,KALIMANTAN TIMUR
BUSANG,KUTAI TIMUR,KALIMANTAN TIMUR
LONG MESANGAT,KUTAI TIMUR,KALIMANTAN TIMUR
MUARA WAHAU,KUTAI TIMUR,KALIMANTAN TIMUR
TELEN,KUTAI TIMUR,KALIMANTAN TIMUR
KONGBENG,KUTAI TIMUR,KALIMANTAN TIMUR
MUARA BENGKAL,KUTAI TIMUR,KALIMANTAN TIMUR
BATU AMPAR,KUTAI TIMUR,KALIMANTAN TIMUR
SANGATTA UTARA,KUTAI TIMUR,KALIMANTAN TIMUR
BENGALON,KUTAI TIMUR,KALIMANTAN TIMUR
TELUK PANDAN,KUTAI TIMUR,KALIMANTAN TIMUR
SANGATTA SELATAN,KUTAI TIMUR,KALIMANTAN TIMUR
RANTAU PULUNG,KUTAI TIMUR,KALIMANTAN TIMUR
SANGKULIRANG,KUTAI TIMUR,KALIMANTAN TIMUR
KALIORANG,KUTAI TIMUR,KALIMANTAN TIMUR
SANDARAN,KUTAI TIMUR,KALIMANTAN TIMUR
KAUBUN,KUTAI TIMUR,KALIMANTAN TIMUR
KARANGAN,KUTAI TIMUR,KALIMANTAN TIMUR
KELAY,BERAU,KALIMANTAN TIMUR
TALISAYAN,BERAU,KALIMANTAN TIMUR
TABALAR,BERAU,KALIMANTAN TIMUR
BIDUK BIDUK,BERAU,KALIMANTAN TIMUR
PULAU DERAWAN,BERAU,KALIMANTAN TIMUR
MARATUA,BERAU,KALIMANTAN TIMUR
SAMBALIUNG,BERAU,KALIMANTAN TIMUR
TANJUNG REDEB,BERAU,KALIMANTAN TIMUR
GUNUNG TABUR,BERAU,KALIMANTAN TIMUR
SEGAH,BERAU,KALIMANTAN TIMUR
TELUK BAYUR,BERAU,KALIMANTAN TIMUR
BATU PUTIH,BERAU,KALIMANTAN TIMUR
BIATAN,BERAU,KALIMANTAN TIMUR
BABULU,PENAJAM PASER UTARA,KALIMANTAN TIMUR
WARU,PENAJAM PASER UTARA,KALIMANTAN TIMUR
PENAJAM,PENAJAM PASER UTARA,KALIMANTAN TIMUR
SEPAKU,PENAJAM PASER UTARA,KALIMANTAN TIMUR
LAHAM,MAHAKAM HULU,KALIMANTAN TIMUR
LONG HUBUNG,MAHAKAM HULU,KALIMANTAN TIMUR
LONG BAGUN,MAHAKAM HULU,KALIMANTAN TIMUR
LONG PAHANGAI,MAHAKAM HULU,KALIMANTAN TIMUR
LONG APARI,MAHAKAM HULU,KALIMANTAN TIMUR
BALIKPAPAN SELATAN,BALIKPAPAN,KALIMANTAN TIMUR
BALIKPAPAN KOTA,BALIKPAPAN,KALIMANTAN TIMUR
BALIKPAPAN TIMUR,BALIKPAPAN,KALIMANTAN TIMUR
BALIKPAPAN UTARA,BALIKPAPAN,KALIMANTAN TIMUR
BALIKPAPAN TENGAH,BALIKPAPAN,KALIMANTAN TIMUR
BALIKPAPAN BARAT,BALIKPAPAN,KALIMANTAN TIMUR
PALARAN,SAMARINDA,KALIMANTAN TIMUR
SAMARINDA ILIR,SAMARINDA,KALIMANTAN TIMUR
SAMARINDA KOTA,SAMARINDA,KALIMANTAN TIMUR
SAMBUTAN,SAMARINDA,KALIMANTAN TIMUR
SAMARINDA SEBERANG,SAMARINDA,KALIMANTAN TIMUR
LOA JANAN ILIR,SAMARINDA,KALIMANTAN TIMUR
SUNGAI KUNJANG,SAMARINDA,KALIMANTAN TIMUR
SAMARINDA ULU,SAMARINDA,KALIMANTAN TIMUR
SAMARINDA UTARA,SAMARINDA,KALIMANTAN TIMUR
SUNGAI PINANG,SAMARINDA,KALIMANTAN TIMUR
BONTANG SELATAN,BONTANG,KALIMANTAN TIMUR
BONTANG UTARA,BONTANG,KALIMANTAN TIMUR
BONTANG BARAT,BONTANG,KALIMANTAN TIMUR
SUNGAI BOH,MALINAU,KALIMANTAN UTARA
KAYAN SELATAN,MALINAU,KALIMANTAN UTARA
KAYAN HULU,MALINAU,KALIMANTAN UTARA
KAYAN HILIR,MALINAU,KALIMANTAN UTARA
PUJUNGAN,MALINAU,KALIMANTAN UTARA
BAHAU HULU,MALINAU,KALIMANTAN UTARA
SUNGAI TUBU,MALINAU,KALIMANTAN UTARA
MALINAU SELATAN HULU,MALINAU,KALIMANTAN UTARA
MALINAU SELATAN,MALINAU,KALIMANTAN UTARA
MALINAU SELATAN HILIR,MALINAU,KALIMANTAN UTARA
MENTARANG,MALINAU,KALIMANTAN UTARA
MENTARANG HULU,MALINAU,KALIMANTAN UTARA
MALINAU UTARA,MALINAU,KALIMANTAN UTARA
MALINAU BARAT,MALINAU,KALIMANTAN UTARA
MALINAU KOTA,MALINAU,KALIMANTAN UTARA
PESO,BULUNGAN,KALIMANTAN UTARA
PESO HILIR,BULUNGAN,KALIMANTAN UTARA
TANJUNG PALAS BARAT,BULUNGAN,KALIMANTAN UTARA
TANJUNG PALAS,BULUNGAN,KALIMANTAN UTARA
TANJUNG SELOR,BULUNGAN,KALIMANTAN UTARA
TANJUNG PALAS TIMUR,BULUNGAN,KALIMANTAN UTARA
TANJUNG PALAS TENGAH,BULUNGAN,KALIMANTAN UTARA
TANJUNG PALAS UTARA,BULUNGAN,KALIMANTAN UTARA
SEKATAK,BULUNGAN,KALIMANTAN UTARA
BUNYU,BULUNGAN,KALIMANTAN UTARA
MURUK RIAN,TANA TIDUNG,KALIMANTAN UTARA
SESAYAP,TANA TIDUNG,KALIMANTAN UTARA
BETAYAU,TANA TIDUNG,KALIMANTAN UTARA
SESAYAP HILIR,TANA TIDUNG,KALIMANTAN UTARA
TANA LIA,TANA TIDUNG,KALIMANTAN UTARA
KRAYAN SELATAN,NUNUKAN,KALIMANTAN UTARA
KRAYAN TENGAH,NUNUKAN,KALIMANTAN UTARA
KRAYAN,NUNUKAN,KALIMANTAN UTARA
KRAYAN TIMUR,NUNUKAN,KALIMANTAN UTARA
KRAYAN BARAT,NUNUKAN,KALIMANTAN UTARA
LUMBIS OGONG,NUNUKAN,KALIMANTAN UTARA
LUMBIS,NUNUKAN,KALIMANTAN UTARA
SEMBAKUNG ATULAI,NUNUKAN,KALIMANTAN UTARA
SEMBAKUNG,NUNUKAN,KALIMANTAN UTARA
SEBUKU,NUNUKAN,KALIMANTAN UTARA
TULIN ONSOI,NUNUKAN,KALIMANTAN UTARA
SEI MENGGARIS,NUNUKAN,KALIMANTAN UTARA
NUNUKAN,NUNUKAN,KALIMANTAN UTARA
NUNUKAN SELATAN,NUNUKAN,KALIMANTAN UTARA
SEBATIK BARAT,NUNUKAN,KALIMANTAN UTARA
SEBATIK,NUNUKAN,KALIMANTAN UTARA
SEBATIK TIMUR,NUNUKAN,KALIMANTAN UTARA
SEBATIK TENGAH,NUNUKAN,KALIMANTAN UTARA
SEBATIK UTARA,NUNUKAN,KALIMANTAN UTARA
TARAKAN TIMUR,TARAKAN,KALIMANTAN UTARA
TARAKAN TENGAH,TARAKAN,KALIMANTAN UTARA
TARAKAN BARAT,TARAKAN,KALIMANTAN UTARA
TARAKAN UTARA,TARAKAN,KALIMANTAN UTARA
DUMOGA BARAT,BOLAANG MONGONDOW,SULAWESI UTARA
DUMOGA UTARA,BOLAANG MONGONDOW,SULAWESI UTARA
DUMOGA TIMUR,BOLAANG MONGONDOW,SULAWESI UTARA
DUMOGA TENGAH,BOLAANG MONGONDOW,SULAWESI UTARA
DUMOGA TENGGARA,BOLAANG MONGONDOW,SULAWESI UTARA
DUMOGA,BOLAANG MONGONDOW,SULAWESI UTARA
LOLAYAN,BOLAANG MONGONDOW,SULAWESI UTARA
PASSI BARAT,BOLAANG MONGONDOW,SULAWESI UTARA
PASSI TIMUR,BOLAANG MONGONDOW,SULAWESI UTARA
BILALANG,BOLAANG MONGONDOW,SULAWESI UTARA
POIGAR,BOLAANG MONGONDOW,SULAWESI UTARA
BOLAANG,BOLAANG MONGONDOW,SULAWESI UTARA
BOLAANG TIMUR,BOLAANG MONGONDOW,SULAWESI UTARA
LOLAK,BOLAANG MONGONDOW,SULAWESI UTARA
SANGTOMBOLANG,BOLAANG MONGONDOW,SULAWESI UTARA
LANGOWAN TIMUR,MINAHASA,SULAWESI UTARA
LANGOWAN BARAT,MINAHASA,SULAWESI UTARA
LANGOWAN SELATAN,MINAHASA,SULAWESI UTARA
LANGOWAN UTARA,MINAHASA,SULAWESI UTARA
TOMPASO,MINAHASA,SULAWESI UTARA
TOMPASO BARAT,MINAHASA,SULAWESI UTARA
KAWANGKOAN,MINAHASA,SULAWESI UTARA
KAWANGKOAN BARAT,MINAHASA,SULAWESI UTARA
KAWANGKOAN UTARA,MINAHASA,SULAWESI UTARA
SONDER,MINAHASA,SULAWESI UTARA
TOMBARIRI,MINAHASA,SULAWESI UTARA
TOMBARIRI TIMUR,MINAHASA,SULAWESI UTARA
PINELENG,MINAHASA,SULAWESI UTARA
TOMBULU,MINAHASA,SULAWESI UTARA
MANDOLANG,MINAHASA,SULAWESI UTARA
TONDANO BARAT,MINAHASA,SULAWESI UTARA
TONDANO SELATAN,MINAHASA,SULAWESI UTARA
REMBOKEN,MINAHASA,SULAWESI UTARA
KAKAS,MINAHASA,SULAWESI UTARA
KAKAS BARAT,MINAHASA,SULAWESI UTARA
LEMBEAN TIMUR,MINAHASA,SULAWESI UTARA
ERIS,MINAHASA,SULAWESI UTARA
KOMBI,MINAHASA,SULAWESI UTARA
TONDANO TIMUR,MINAHASA,SULAWESI UTARA
TONDANO UTARA,MINAHASA,SULAWESI UTARA
MANGANITU SELATAN,KEPULAUAN SANGIHE,SULAWESI UTARA
TATOARENG,KEPULAUAN SANGIHE,SULAWESI UTARA
TAMAKO,KEPULAUAN SANGIHE,SULAWESI UTARA
TABUKAN SELATAN,KEPULAUAN SANGIHE,SULAWESI UTARA
TABUKAN SELATAN TENGAH,KEPULAUAN SANGIHE,SULAWESI UTARA
TABUKAN SELATAN TENGGARA,KEPULAUAN SANGIHE,SULAWESI UTARA
TABUKAN TENGAH,KEPULAUAN SANGIHE,SULAWESI UTARA
MANGANITU,KEPULAUAN SANGIHE,SULAWESI UTARA
TAHUNA,KEPULAUAN SANGIHE,SULAWESI UTARA
TAHUNA TIMUR,KEPULAUAN SANGIHE,SULAWESI UTARA
TAHUNA BARAT,KEPULAUAN SANGIHE,SULAWESI UTARA
TABUKAN UTARA,KEPULAUAN SANGIHE,SULAWESI UTARA
NUSA TABUKAN,KEPULAUAN SANGIHE,SULAWESI UTARA
KEPULAUAN MARORE,KEPULAUAN SANGIHE,SULAWESI UTARA
KENDAHE,KEPULAUAN SANGIHE,SULAWESI UTARA
KABARUAN,KEPULAUAN TALAUD,SULAWESI UTARA
DAMAU,KEPULAUAN TALAUD,SULAWESI UTARA
LIRUNG,KEPULAUAN TALAUD,SULAWESI UTARA
SALIBABU,KEPULAUAN TALAUD,SULAWESI UTARA
KALONGAN,KEPULAUAN TALAUD,SULAWESI UTARA
MORONGE,KEPULAUAN TALAUD,SULAWESI UTARA
MELONGUANE,KEPULAUAN TALAUD,SULAWESI UTARA
MELONGUANE TIMUR,KEPULAUAN TALAUD,SULAWESI UTARA
BEO,KEPULAUAN TALAUD,SULAWESI UTARA
BEO UTARA,KEPULAUAN TALAUD,SULAWESI UTARA
BEO SELATAN,KEPULAUAN TALAUD,SULAWESI UTARA
RAINIS,KEPULAUAN TALAUD,SULAWESI UTARA
TAMPA NA'MMA,KEPULAUAN TALAUD,SULAWESI UTARA
PULUTAN,KEPULAUAN TALAUD,SULAWESI UTARA
ESSANG,KEPULAUAN TALAUD,SULAWESI UTARA
ESSANG SELATAN,KEPULAUAN TALAUD,SULAWESI UTARA
GEMEH,KEPULAUAN TALAUD,SULAWESI UTARA
NANUSA,KEPULAUAN TALAUD,SULAWESI UTARA
MIANGAS,KEPULAUAN TALAUD,SULAWESI UTARA
MODOINDING,MINAHASA SELATAN,SULAWESI UTARA
TOMPASO BARU,MINAHASA SELATAN,SULAWESI UTARA
MAESAAN,MINAHASA SELATAN,SULAWESI UTARA
RANOYAPO,MINAHASA SELATAN,SULAWESI UTARA
MOTOLING,MINAHASA SELATAN,SULAWESI UTARA
KUMELEMBUAI,MINAHASA SELATAN,SULAWESI UTARA
MOTOLING BARAT,MINAHASA SELATAN,SULAWESI UTARA
MOTOLING TIMUR,MINAHASA SELATAN,SULAWESI UTARA
SINONSAYANG,MINAHASA SELATAN,SULAWESI UTARA
TENGA,MINAHASA SELATAN,SULAWESI UTARA
AMURANG,MINAHASA SELATAN,SULAWESI UTARA
AMURANG BARAT,MINAHASA SELATAN,SULAWESI UTARA
AMURANG TIMUR,MINAHASA SELATAN,SULAWESI UTARA
TARERAN,MINAHASA SELATAN,SULAWESI UTARA
SULTA,MINAHASA SELATAN,SULAWESI UTARA
TUMPAAN,MINAHASA SELATAN,SULAWESI UTARA
TATAPAAN,MINAHASA SELATAN,SULAWESI UTARA
KEMA,MINAHASA UTARA,SULAWESI UTARA
KAUDITAN,MINAHASA UTARA,SULAWESI UTARA
AIRMADIDI,MINAHASA UTARA,SULAWESI UTARA
KALAWAT,MINAHASA UTARA,SULAWESI UTARA
DIMEMBE,MINAHASA UTARA,SULAWESI UTARA
TALAWAAN,MINAHASA UTARA,SULAWESI UTARA
WORI,MINAHASA UTARA,SULAWESI UTARA
LIKUPANG BARAT,MINAHASA UTARA,SULAWESI UTARA
LIKUPANG TIMUR,MINAHASA UTARA,SULAWESI UTARA
LIKUPANG SELATAN,MINAHASA UTARA,SULAWESI UTARA
SANGKUB,BOLAANG MONGONDOW UTARA,SULAWESI UTARA
BINTAUNA,BOLAANG MONGONDOW UTARA,SULAWESI UTARA
BOLANG ITANG TIMUR,BOLAANG MONGONDOW UTARA,SULAWESI UTARA
BOLANG ITANG BARAT,BOLAANG MONGONDOW UTARA,SULAWESI UTARA
KAIDIPANG,BOLAANG MONGONDOW UTARA,SULAWESI UTARA
PINOGALUMAN,BOLAANG MONGONDOW UTARA,SULAWESI UTARA
BIARO,SIAU TAGULANDANG BIARO,SULAWESI UTARA
TAGULANDANG SELATAN,SIAU TAGULANDANG BIARO,SULAWESI UTARA
TAGULANDANG,SIAU TAGULANDANG BIARO,SULAWESI UTARA
TAGULANDANG UTARA,SIAU TAGULANDANG BIARO,SULAWESI UTARA
SIAU BARAT SELATAN,SIAU TAGULANDANG BIARO,SULAWESI UTARA
SIAU TIMUR SELATAN,SIAU TAGULANDANG BIARO,SULAWESI UTARA
SIAU BARAT,SIAU TAGULANDANG BIARO,SULAWESI UTARA
SIAU TENGAH,SIAU TAGULANDANG BIARO,SULAWESI UTARA
SIAU TIMUR,SIAU TAGULANDANG BIARO,SULAWESI UTARA
SIAU BARAT UTARA,SIAU TAGULANDANG BIARO,SULAWESI UTARA
RATATOTOK,MINAHASA TENGGARA,SULAWESI UTARA
PUSOMAEN,MINAHASA TENGGARA,SULAWESI UTARA
BELANG,MINAHASA TENGGARA,SULAWESI UTARA
RATAHAN,MINAHASA TENGGARA,SULAWESI UTARA
PASAN,MINAHASA TENGGARA,SULAWESI UTARA
RATAHAN TIMUR,MINAHASA TENGGARA,SULAWESI UTARA
TOMBATU,MINAHASA TENGGARA,SULAWESI UTARA
TOMBATU TIMUR,MINAHASA TENGGARA,SULAWESI UTARA
TOMBATU UTARA,MINAHASA TENGGARA,SULAWESI UTARA
TOULUAAN,MINAHASA TENGGARA,SULAWESI UTARA
TOULUAAN SELATAN,MINAHASA TENGGARA,SULAWESI UTARA
SILIAN RAYA,MINAHASA TENGGARA,SULAWESI UTARA
POSIGADAN,BOLAANG MONGONDOW SELATAN,SULAWESI UTARA
TOMINI,BOLAANG MONGONDOW SELATAN,SULAWESI UTARA
BOLANG UKI,BOLAANG MONGONDOW SELATAN,SULAWESI UTARA
HELUMO,BOLAANG MONGONDOW SELATAN,SULAWESI UTARA
PINOLOSIAN,BOLAANG MONGONDOW SELATAN,SULAWESI UTARA
PINOLOSIAN TENGAH,BOLAANG MONGONDOW SELATAN,SULAWESI UTARA
PINOLOSIAN TIMUR,BOLAANG MONGONDOW SELATAN,SULAWESI UTARA
NUANGAN,BOLAANG MONGONDOW TIMUR,SULAWESI UTARA
MOTONGKAD,BOLAANG MONGONDOW TIMUR,SULAWESI UTARA
TUTUYAN,BOLAANG MONGONDOW TIMUR,SULAWESI UTARA
KOTABUNAN,BOLAANG MONGONDOW TIMUR,SULAWESI UTARA
MODAYAG,BOLAANG MONGONDOW TIMUR,SULAWESI UTARA
MOOAT,BOLAANG MONGONDOW TIMUR,SULAWESI UTARA
MODAYAG BARAT,BOLAANG MONGONDOW TIMUR,SULAWESI UTARA
MALALAYANG,MANADO,SULAWESI UTARA
SARIO,MANADO,SULAWESI UTARA
WANEA,MANADO,SULAWESI UTARA
WENANG,MANADO,SULAWESI UTARA
TIKALA,MANADO,SULAWESI UTARA
PAAL DUA,MANADO,SULAWESI UTARA
MAPANGET,MANADO,SULAWESI UTARA
SINGKIL,MANADO,SULAWESI UTARA
TUMINTING,MANADO,SULAWESI UTARA
BUNAKEN,MANADO,SULAWESI UTARA
BUNAKEN KEPULAUAN,MANADO,SULAWESI UTARA
MADIDIR,BITUNG,SULAWESI UTARA
MATUARI,BITUNG,SULAWESI UTARA
GIRIAN,BITUNG,SULAWESI UTARA
LEMBEH SELATAN,BITUNG,SULAWESI UTARA
LEMBEH UTARA,BITUNG,SULAWESI UTARA
AERTEMBAGA,BITUNG,SULAWESI UTARA
MAESA,BITUNG,SULAWESI UTARA
RANOWULU,BITUNG,SULAWESI UTARA
TOMOHON SELATAN,TOMOHON,SULAWESI UTARA
TOMOHON TENGAH,TOMOHON,SULAWESI UTARA
TOMOHON TIMUR,TOMOHON,SULAWESI UTARA
TOMOHON BARAT,TOMOHON,SULAWESI UTARA
TOMOHON UTARA,TOMOHON,SULAWESI UTARA
KOTAMOBAGU SELATAN,KOTAMOBAGU,SULAWESI UTARA
KOTAMOBAGU TIMUR,KOTAMOBAGU,SULAWESI UTARA
KOTAMOBAGU BARAT,KOTAMOBAGU,SULAWESI UTARA
KOTAMOBAGU UTARA,KOTAMOBAGU,SULAWESI UTARA
TOTIKUM,BANGGAI KEPULAUAN,SULAWESI TENGAH
TOTIKUM SELATAN,BANGGAI KEPULAUAN,SULAWESI TENGAH
TINANGKUNG,BANGGAI KEPULAUAN,SULAWESI TENGAH
TINANGKUNG SELATAN,BANGGAI KEPULAUAN,SULAWESI TENGAH
TINANGKUNG UTARA,BANGGAI KEPULAUAN,SULAWESI TENGAH
LIANG,BANGGAI KEPULAUAN,SULAWESI TENGAH
PELING TENGAH,BANGGAI KEPULAUAN,SULAWESI TENGAH
BULAGI,BANGGAI KEPULAUAN,SULAWESI TENGAH
BULAGI SELATAN,BANGGAI KEPULAUAN,SULAWESI TENGAH
BULAGI UTARA,BANGGAI KEPULAUAN,SULAWESI TENGAH
BUKO,BANGGAI KEPULAUAN,SULAWESI TENGAH
BUKO SELATAN,BANGGAI KEPULAUAN,SULAWESI TENGAH
TOILI,BANGGAI,SULAWESI TENGAH
TOILI BARAT,BANGGAI,SULAWESI TENGAH
MOILONG,BANGGAI,SULAWESI TENGAH
BATUI,BANGGAI,SULAWESI TENGAH
BATUI SELATAN,BANGGAI,SULAWESI TENGAH
BUNTA,BANGGAI,SULAWESI TENGAH
NUHON,BANGGAI,SULAWESI TENGAH
SIMPANG RAYA,BANGGAI,SULAWESI TENGAH
KINTOM,BANGGAI,SULAWESI TENGAH
LUWUK,BANGGAI,SULAWESI TENGAH
LUWUK TIMUR,BANGGAI,SULAWESI TENGAH
LUWUK UTARA,BANGGAI,SULAWESI TENGAH
LUWUK SELATAN,BANGGAI,SULAWESI TENGAH
NAMBO,BANGGAI,SULAWESI TENGAH
PAGIMANA,BANGGAI,SULAWESI TENGAH
BUALEMO,BANGGAI,SULAWESI TENGAH
LOBU,BANGGAI,SULAWESI TENGAH
LAMALA,BANGGAI,SULAWESI TENGAH
MASAMA,BANGGAI,SULAWESI TENGAH
MANTOH,BANGGAI,SULAWESI TENGAH
BALANTAK,BANGGAI,SULAWESI TENGAH
BALANTAK SELATAN,BANGGAI,SULAWESI TENGAH
BALANTAK UTARA,BANGGAI,SULAWESI TENGAH
MENUI KEPULAUAN,MOROWALI,SULAWESI TENGAH
BUNGKU SELATAN,MOROWALI,SULAWESI TENGAH
BAHODOPI,MOROWALI,SULAWESI TENGAH
BUNGKU PESISIR,MOROWALI,SULAWESI TENGAH
BUNGKU TENGAH,MOROWALI,SULAWESI TENGAH
BUNGKU TIMUR,MOROWALI,SULAWESI TENGAH
BUNGKU BARAT,MOROWALI,SULAWESI TENGAH
BUMI RAYA,MOROWALI,SULAWESI TENGAH
WITA PONDA,MOROWALI,SULAWESI TENGAH
PAMONA SELATAN,POSO,SULAWESI TENGAH
PAMONA BARAT,POSO,SULAWESI TENGAH
PAMONA TENGGARA,POSO,SULAWESI TENGAH
LORE SELATAN,POSO,SULAWESI TENGAH
LORE BARAT,POSO,SULAWESI TENGAH
PAMONA PUSALEMBA,POSO,SULAWESI TENGAH
PAMONA TIMUR,POSO,SULAWESI TENGAH
PAMONA UTARA,POSO,SULAWESI TENGAH
LORE UTARA,POSO,SULAWESI TENGAH
LORE TENGAH,POSO,SULAWESI TENGAH
LORE TIMUR,POSO,SULAWESI TENGAH
LORE PEORE,POSO,SULAWESI TENGAH
POSO PESISIR,POSO,SULAWESI TENGAH
POSO PESISIR SELATAN,POSO,SULAWESI TENGAH
POSO PESISIR UTARA,POSO,SULAWESI TENGAH
LAGE,POSO,SULAWESI TENGAH
POSO KOTA,POSO,SULAWESI TENGAH
POSO KOTA UTARA,POSO,SULAWESI TENGAH
POSO KOTA SELATAN,POSO,SULAWESI TENGAH
RIO PAKAVA,DONGGALA,SULAWESI TENGAH
PINEMBANI,DONGGALA,SULAWESI TENGAH
BANAWA,DONGGALA,SULAWESI TENGAH
BANAWA SELATAN,DONGGALA,SULAWESI TENGAH
BANAWA TENGAH,DONGGALA,SULAWESI TENGAH
LABUAN,DONGGALA,SULAWESI TENGAH
TANANTOVEA,DONGGALA,SULAWESI TENGAH
SINDUE,DONGGALA,SULAWESI TENGAH
SINDUE TOMBUSABORA,DONGGALA,SULAWESI TENGAH
SINDUE TOBATA,DONGGALA,SULAWESI TENGAH
SIRENJA,DONGGALA,SULAWESI TENGAH
BALAESANG,DONGGALA,SULAWESI TENGAH
BALAESANG TANJUNG,DONGGALA,SULAWESI TENGAH
DAMPELAS,DONGGALA,SULAWESI TENGAH
SOJOL,DONGGALA,SULAWESI TENGAH
SOJOL UTARA,DONGGALA,SULAWESI TENGAH
DAMPAL SELATAN,TOLI-TOLI,SULAWESI TENGAH
DAMPAL UTARA,TOLI-TOLI,SULAWESI TENGAH
DONDO,TOLI-TOLI,SULAWESI TENGAH
OGODEIDE,TOLI-TOLI,SULAWESI TENGAH
BASIDONDO,TOLI-TOLI,SULAWESI TENGAH
BAOLAN,TOLI-TOLI,SULAWESI TENGAH
LAMPASIO,TOLI-TOLI,SULAWESI TENGAH
GALANG,TOLI-TOLI,SULAWESI TENGAH
TOLITOLI UTARA,TOLI-TOLI,SULAWESI TENGAH
DAKO PAMEAN,TOLI-TOLI,SULAWESI TENGAH
LAKEA,BUOL,SULAWESI TENGAH
BIAU,BUOL,SULAWESI TENGAH
KARAMAT,BUOL,SULAWESI TENGAH
MOMUNU,BUOL,SULAWESI TENGAH
TILOAN,BUOL,SULAWESI TENGAH
BOKAT,BUOL,SULAWESI TENGAH
BUKAL,BUOL,SULAWESI TENGAH
BUNOBOGU,BUOL,SULAWESI TENGAH
GADUNG,BUOL,SULAWESI TENGAH
PALELEH,BUOL,SULAWESI TENGAH
PALELEH BARAT,BUOL,SULAWESI TENGAH
SAUSU,PARIGI MOUTONG,SULAWESI TENGAH
TORUE,PARIGI MOUTONG,SULAWESI TENGAH
BALINGGI,PARIGI MOUTONG,SULAWESI TENGAH
PARIGI,PARIGI MOUTONG,SULAWESI TENGAH
PARIGI SELATAN,PARIGI MOUTONG,SULAWESI TENGAH
PARIGI BARAT,PARIGI MOUTONG,SULAWESI TENGAH
PARIGI UTARA,PARIGI MOUTONG,SULAWESI TENGAH
PARIGI TENGAH,PARIGI MOUTONG,SULAWESI TENGAH
AMPIBABO,PARIGI MOUTONG,SULAWESI TENGAH
KASIMBAR,PARIGI MOUTONG,SULAWESI TENGAH
TORIBULU,PARIGI MOUTONG,SULAWESI TENGAH
SINIU,PARIGI MOUTONG,SULAWESI TENGAH
TINOMBO,PARIGI MOUTONG,SULAWESI TENGAH
TINOMBO SELATAN,PARIGI MOUTONG,SULAWESI TENGAH
SIDOAN,PARIGI MOUTONG,SULAWESI TENGAH
TOMINI,PARIGI MOUTONG,SULAWESI TENGAH
MEPANGA,PARIGI MOUTONG,SULAWESI TENGAH
PALASA,PARIGI MOUTONG,SULAWESI TENGAH
MOUTONG,PARIGI MOUTONG,SULAWESI TENGAH
BOLANO LAMBUNU,PARIGI MOUTONG,SULAWESI TENGAH
TAOPA,PARIGI MOUTONG,SULAWESI TENGAH
BOLANO,PARIGI MOUTONG,SULAWESI TENGAH
ONGKA MALINO,PARIGI MOUTONG,SULAWESI TENGAH
TOJO BARAT,TOJO UNA-UNA,SULAWESI TENGAH
TOJO,TOJO UNA-UNA,SULAWESI TENGAH
ULUBONGKA,TOJO UNA-UNA,SULAWESI TENGAH
AMPANA TETE,TOJO UNA-UNA,SULAWESI TENGAH
AMPANA KOTA,TOJO UNA-UNA,SULAWESI TENGAH
RATOLINDO,TOJO UNA-UNA,SULAWESI TENGAH
UNA - UNA,TOJO UNA-UNA,SULAWESI TENGAH
BATUDAKA,TOJO UNA-UNA,SULAWESI TENGAH
TOGEAN,TOJO UNA-UNA,SULAWESI TENGAH
WALEA KEPULAUAN,TOJO UNA-UNA,SULAWESI TENGAH
WALEA BESAR,TOJO UNA-UNA,SULAWESI TENGAH
TALATAKO,TOJO UNA-UNA,SULAWESI TENGAH
PIPIKORO,SIGI,SULAWESI TENGAH
KULAWI SELATAN,SIGI,SULAWESI TENGAH
KULAWI,SIGI,SULAWESI TENGAH
LINDU,SIGI,SULAWESI TENGAH
NOKILALAKI,SIGI,SULAWESI TENGAH
PALOLO,SIGI,SULAWESI TENGAH
GUMBASA,SIGI,SULAWESI TENGAH
DOLO SELATAN,SIGI,SULAWESI TENGAH
DOLO BARAT,SIGI,SULAWESI TENGAH
TANAMBULAVA,SIGI,SULAWESI TENGAH
DOLO,SIGI,SULAWESI TENGAH
SIGI BIROMARU,SIGI,SULAWESI TENGAH
MARAWOLA,SIGI,SULAWESI TENGAH
MARAWOLA BARAT,SIGI,SULAWESI TENGAH
KINOVARO,SIGI,SULAWESI TENGAH
BANGKURUNG,BANGGAI LAUT,SULAWESI TENGAH
LABOBO,BANGGAI LAUT,SULAWESI TENGAH
BANGGAI UTARA,BANGGAI LAUT,SULAWESI TENGAH
BANGGAI,BANGGAI LAUT,SULAWESI TENGAH
BANGGAI TENGAH,BANGGAI LAUT,SULAWESI TENGAH
BANGGAI SELATAN,BANGGAI LAUT,SULAWESI TENGAH
BOKAN KEPULAUAN,BANGGAI LAUT,SULAWESI TENGAH
MORI ATAS,MOROWALI UTARA,SULAWESI TENGAH
LEMBO,MOROWALI UTARA,SULAWESI TENGAH
LEMBO RAYA,MOROWALI UTARA,SULAWESI TENGAH
PETASIA TIMUR,MOROWALI UTARA,SULAWESI TENGAH
PETASIA,MOROWALI UTARA,SULAWESI TENGAH
PETASIA BARAT,MOROWALI UTARA,SULAWESI TENGAH
MORI UTARA,MOROWALI UTARA,SULAWESI TENGAH
SOYO JAYA,MOROWALI UTARA,SULAWESI TENGAH
BUNGKU UTARA,MOROWALI UTARA,SULAWESI TENGAH
MAMOSALATO,MOROWALI UTARA,SULAWESI TENGAH
PALU BARAT,PALU,SULAWESI TENGAH
TATANGA,PALU,SULAWESI TENGAH
ULUJADI,PALU,SULAWESI TENGAH
PALU SELATAN,PALU,SULAWESI TENGAH
PALU TIMUR,PALU,SULAWESI TENGAH
MANTIKULORE,PALU,SULAWESI TENGAH
PALU UTARA,PALU,SULAWESI TENGAH
TAWAELI,PALU,SULAWESI TENGAH
PASIMARANNU,KEPULAUAN SELAYAR,SULAWESI SELATAN
PASILAMBENA,KEPULAUAN SELAYAR,SULAWESI SELATAN
PASIMASSUNGGU,KEPULAUAN SELAYAR,SULAWESI SELATAN
TAKABONERATE,KEPULAUAN SELAYAR,SULAWESI SELATAN
PASIMASSUNGGU TIMUR,KEPULAUAN SELAYAR,SULAWESI SELATAN
BONTOSIKUYU,KEPULAUAN SELAYAR,SULAWESI SELATAN
BONTOHARU,KEPULAUAN SELAYAR,SULAWESI SELATAN
BENTENG,KEPULAUAN SELAYAR,SULAWESI SELATAN
BONTOMANAI,KEPULAUAN SELAYAR,SULAWESI SELATAN
BONTOMATENE,KEPULAUAN SELAYAR,SULAWESI SELATAN
BUKI,KEPULAUAN SELAYAR,SULAWESI SELATAN
GANTARANG,BULUKUMBA,SULAWESI SELATAN
UJUNG BULU,BULUKUMBA,SULAWESI SELATAN
UJUNG LOE,BULUKUMBA,SULAWESI SELATAN
BONTO BAHARI,BULUKUMBA,SULAWESI SELATAN
BONTOTIRO,BULUKUMBA,SULAWESI SELATAN
HERO LANGE-LANGE,BULUKUMBA,SULAWESI SELATAN
KAJANG,BULUKUMBA,SULAWESI SELATAN
BULUKUMPA,BULUKUMBA,SULAWESI SELATAN
RILAU ALE,BULUKUMBA,SULAWESI SELATAN
KINDANG,BULUKUMBA,SULAWESI SELATAN
BISSAPPU,BANTAENG,SULAWESI SELATAN
ULUERE,BANTAENG,SULAWESI SELATAN
SINOA,BANTAENG,SULAWESI SELATAN
BANTAENG,BANTAENG,SULAWESI SELATAN
EREMERASA,BANTAENG,SULAWESI SELATAN
TOMPOBULU,BANTAENG,SULAWESI SELATAN
PA'JUKUKANG,BANTAENG,SULAWESI SELATAN
GANTARANGKEKE,BANTAENG,SULAWESI SELATAN
BANGKALA,JENEPONTO,SULAWESI SELATAN
BANGKALA BARAT,JENEPONTO,SULAWESI SELATAN
TAMALATEA,JENEPONTO,SULAWESI SELATAN
BONTORAMBA,JENEPONTO,SULAWESI SELATAN
BINAMU,JENEPONTO,SULAWESI SELATAN
TURATEA,JENEPONTO,SULAWESI SELATAN
BATANG,JENEPONTO,SULAWESI SELATAN
ARUNGKEKE,JENEPONTO,SULAWESI SELATAN
TAROWANG,JENEPONTO,SULAWESI SELATAN
KELARA,JENEPONTO,SULAWESI SELATAN
RUMBIA,JENEPONTO,SULAWESI SELATAN
MANGARA BOMBANG,TAKALAR,SULAWESI SELATAN
MAPPAKASUNGGU,TAKALAR,SULAWESI SELATAN
SANROBONE,TAKALAR,SULAWESI SELATAN
POLOMBANGKENG SELATAN,TAKALAR,SULAWESI SELATAN
PATTALLASSANG,TAKALAR,SULAWESI SELATAN
POLOMBANGKENG UTARA,TAKALAR,SULAWESI SELATAN
GALESONG SELATAN,TAKALAR,SULAWESI SELATAN
GALESONG,TAKALAR,SULAWESI SELATAN
GALESONG UTARA,TAKALAR,SULAWESI SELATAN
BONTONOMPO,GOWA,SULAWESI SELATAN
BONTONOMPO SELATAN,GOWA,SULAWESI SELATAN
BAJENG,GOWA,SULAWESI SELATAN
BAJENG BARAT,GOWA,SULAWESI SELATAN
PALLANGGA,GOWA,SULAWESI SELATAN
BAROMBONG,GOWA,SULAWESI SELATAN
SOMBA OPU,GOWA,SULAWESI SELATAN
BONTOMARANNU,GOWA,SULAWESI SELATAN
PATTALLASSANG,GOWA,SULAWESI SELATAN
PARANGLOE,GOWA,SULAWESI SELATAN
MANUJU,GOWA,SULAWESI SELATAN
TINGGIMONCONG,GOWA,SULAWESI SELATAN
TOMBOLO PAO,GOWA,SULAWESI SELATAN
PARIGI,GOWA,SULAWESI SELATAN
BUNGAYA,GOWA,SULAWESI SELATAN
BONTOLEMPANGAN,GOWA,SULAWESI SELATAN
TOMPOBULU,GOWA,SULAWESI SELATAN
BIRINGBULU,GOWA,SULAWESI SELATAN
SINJAI BARAT,SINJAI,SULAWESI SELATAN
SINJAI BORONG,SINJAI,SULAWESI SELATAN
SINJAI SELATAN,SINJAI,SULAWESI SELATAN
TELLU LIMPOE,SINJAI,SULAWESI SELATAN
SINJAI TIMUR,SINJAI,SULAWESI SELATAN
SINJAI TENGAH,SINJAI,SULAWESI SELATAN
SINJAI UTARA,SINJAI,SULAWESI SELATAN
BULUPODDO,SINJAI,SULAWESI SELATAN
PULAU SEMBILAN,SINJAI,SULAWESI SELATAN
MANDAI,MAROS,SULAWESI SELATAN
MONCONGLOE,MAROS,SULAWESI SELATAN
MAROS BARU,MAROS,SULAWESI SELATAN
MARUSU,MAROS,SULAWESI SELATAN
TURIKALE,MAROS,SULAWESI SELATAN
LAU,MAROS,SULAWESI SELATAN
BONTOA,MAROS,SULAWESI SELATAN
BANTIMURUNG,MAROS,SULAWESI SELATAN
SIMBANG,MAROS,SULAWESI SELATAN
TANRALILI,MAROS,SULAWESI SELATAN
TOMPU BULU,MAROS,SULAWESI SELATAN
CAMBA,MAROS,SULAWESI SELATAN
CENRANA,MAROS,SULAWESI SELATAN
MALLAWA,MAROS,SULAWESI SELATAN
LIUKANG TANGAYA,PANGKAJENE DAN KEPULAUAN,SULAWESI SELATAN
LIUKANG KALMAS,PANGKAJENE DAN KEPULAUAN,SULAWESI SELATAN
LIUKANG TUPABBIRING,PANGKAJENE DAN KEPULAUAN,SULAWESI SELATAN
LIUKANG TUPABBIRING UTARA,PANGKAJENE DAN KEPULAUAN,SULAWESI SELATAN
PANGKAJENE,PANGKAJENE DAN KEPULAUAN,SULAWESI SELATAN
MINASATENE,PANGKAJENE DAN KEPULAUAN,SULAWESI SELATAN
BALOCCI,PANGKAJENE DAN KEPULAUAN,SULAWESI SELATAN
TONDONG TALLASA,PANGKAJENE DAN KEPULAUAN,SULAWESI SELATAN
BUNGORO,PANGKAJENE DAN KEPULAUAN,SULAWESI SELATAN
LABAKKANG,PANGKAJENE DAN KEPULAUAN,SULAWESI SELATAN
MA'RANG,PANGKAJENE DAN KEPULAUAN,SULAWESI SELATAN
SEGERI,PANGKAJENE DAN KEPULAUAN,SULAWESI SELATAN
MANDALLE,PANGKAJENE DAN KEPULAUAN,SULAWESI SELATAN
TANETE RIAJA,BARRU,SULAWESI SELATAN
PUJANANTING,BARRU,SULAWESI SELATAN
TANETE RILAU,BARRU,SULAWESI SELATAN
BARRU,BARRU,SULAWESI SELATAN
SOPPENG RIAJA,BARRU,SULAWESI SELATAN
BALUSU,BARRU,SULAWESI SELATAN
MALLUSETASI,BARRU,SULAWESI SELATAN
BONTOCANI,BONE,SULAWESI SELATAN
KAHU,BONE,SULAWESI SELATAN
KAJUARA,BONE,SULAWESI SELATAN
SALOMEKKO,BONE,SULAWESI SELATAN
TONRA,BONE,SULAWESI SELATAN
PATIMPENG,BONE,SULAWESI SELATAN
LIBURENG,BONE,SULAWESI SELATAN
MARE,BONE,SULAWESI SELATAN
SIBULUE,BONE,SULAWESI SELATAN
CINA,BONE,SULAWESI SELATAN
BAREBBO,BONE,SULAWESI SELATAN
PONRE,BONE,SULAWESI SELATAN
LAPPARIAJA,BONE,SULAWESI SELATAN
LAMURU,BONE,SULAWESI SELATAN
TELLU LIMPOE,BONE,SULAWESI SELATAN
BENGO,BONE,SULAWESI SELATAN
ULAWENG,BONE,SULAWESI SELATAN
PALAKKA,BONE,SULAWESI SELATAN
AWANGPONE,BONE,SULAWESI SELATAN
TELLU SIATTINGE,BONE,SULAWESI SELATAN
AMALI,BONE,SULAWESI SELATAN
AJANGALE,BONE,SULAWESI SELATAN
DUA BOCCOE,BONE,SULAWESI SELATAN
CENRANA,BONE,SULAWESI SELATAN
TANETE RIATTANG BARAT,BONE,SULAWESI SELATAN
TANETE RIATTANG,BONE,SULAWESI SELATAN
TANETE RIATTANG TIMUR,BONE,SULAWESI SELATAN
MARIO RIWAWO,SOPPENG,SULAWESI SELATAN
LALABATA,SOPPENG,SULAWESI SELATAN
LILI RIAJA,SOPPENG,SULAWESI SELATAN
GANRA,SOPPENG,SULAWESI SELATAN
CITTA,SOPPENG,SULAWESI SELATAN
LILI RILAU,SOPPENG,SULAWESI SELATAN
DONRI DONRI,SOPPENG,SULAWESI SELATAN
MARIO RIAWA,SOPPENG,SULAWESI SELATAN
SABBANG PARU,WAJO,SULAWESI SELATAN
TEMPE,WAJO,SULAWESI SELATAN
PAMMANA,WAJO,SULAWESI SELATAN
BOLA,WAJO,SULAWESI SELATAN
TAKKALALLA,WAJO,SULAWESI SELATAN
SAJOANGING,WAJO,SULAWESI SELATAN
PENRANG,WAJO,SULAWESI SELATAN
MAJAULENG,WAJO,SULAWESI SELATAN
TANA SITOLO,WAJO,SULAWESI SELATAN
BELAWA,WAJO,SULAWESI SELATAN
MANIANG PAJO,WAJO,SULAWESI SELATAN
GILIRENG,WAJO,SULAWESI SELATAN
KEERA,WAJO,SULAWESI SELATAN
PITUMPANUA,WAJO,SULAWESI SELATAN
PANCA LAUTANG,SIDENRENG RAPPANG,SULAWESI SELATAN
TELLULIMPO E,SIDENRENG RAPPANG,SULAWESI SELATAN
WATANG PULU,SIDENRENG RAPPANG,SULAWESI SELATAN
BARANTI,SIDENRENG RAPPANG,SULAWESI SELATAN
PANCA RIJANG,SIDENRENG RAPPANG,SULAWESI SELATAN
KULO,SIDENRENG RAPPANG,SULAWESI SELATAN
MARITENGNGAE,SIDENRENG RAPPANG,SULAWESI SELATAN
WATANG SIDENRENG,SIDENRENG RAPPANG,SULAWESI SELATAN
PITU RIAWA,SIDENRENG RAPPANG,SULAWESI SELATAN
DUAPITUE,SIDENRENG RAPPANG,SULAWESI SELATAN
PITU RIASE,SIDENRENG RAPPANG,SULAWESI SELATAN
SUPPA,PINRANG,SULAWESI SELATAN
MATTIROSOMPE,PINRANG,SULAWESI SELATAN
LANRISANG,PINRANG,SULAWESI SELATAN
MATTIRO BULU,PINRANG,SULAWESI SELATAN
WATANG SAWITTO,PINRANG,SULAWESI SELATAN
PALETEANG,PINRANG,SULAWESI SELATAN
TIROANG,PINRANG,SULAWESI SELATAN
PATAMPANUA,PINRANG,SULAWESI SELATAN
CEMPA,PINRANG,SULAWESI SELATAN
DUAMPANUA,PINRANG,SULAWESI SELATAN
BATULAPPA,PINRANG,SULAWESI SELATAN
LEMBANG,PINRANG,SULAWESI SELATAN
MAIWA,ENREKANG,SULAWESI SELATAN
BUNGIN,ENREKANG,SULAWESI SELATAN
ENREKANG,ENREKANG,SULAWESI SELATAN
CENDANA,ENREKANG,SULAWESI SELATAN
BARAKA,ENREKANG,SULAWESI SELATAN
BUNTU BATU,ENREKANG,SULAWESI SELATAN
ANGGERAJA,ENREKANG,SULAWESI SELATAN
MALUA,ENREKANG,SULAWESI SELATAN
ALLA,ENREKANG,SULAWESI SELATAN
CURIO,ENREKANG,SULAWESI SELATAN
MASALLE,ENREKANG,SULAWESI SELATAN
BAROKO,ENREKANG,SULAWESI SELATAN
LAROMPONG,LUWU,SULAWESI SELATAN
LAROMPONG SELATAN,LUWU,SULAWESI SELATAN
SULI,LUWU,SULAWESI SELATAN
SULI BARAT,LUWU,SULAWESI SELATAN
BELOPA,LUWU,SULAWESI SELATAN
KAMANRE,LUWU,SULAWESI SELATAN
BELOPA UTARA,LUWU,SULAWESI SELATAN
BAJO,LUWU,SULAWESI SELATAN
BAJO BARAT,LUWU,SULAWESI SELATAN
BASSESANGTEMPE,LUWU,SULAWESI SELATAN
LATIMOJONG,LUWU,SULAWESI SELATAN
BASSESANGTEMPE UTARA,LUWU,SULAWESI SELATAN
BUPON,LUWU,SULAWESI SELATAN
PONRANG,LUWU,SULAWESI SELATAN
PONRANG SELATAN,LUWU,SULAWESI SELATAN
BUA,LUWU,SULAWESI SELATAN
WALENRANG,LUWU,SULAWESI SELATAN
WALENRANG TIMUR,LUWU,SULAWESI SELATAN
LAMASI,LUWU,SULAWESI SELATAN
WALENRANG UTARA,LUWU,SULAWESI SELATAN
WALENRANG BARAT,LUWU,SULAWESI SELATAN
LAMASI TIMUR,LUWU,SULAWESI SELATAN
BONGGAKARADENG,TANA TORAJA,SULAWESI SELATAN
SIMBUANG,TANA TORAJA,SULAWESI SELATAN
RANO,TANA TORAJA,SULAWESI SELATAN
MAPPAK,TANA TORAJA,SULAWESI SELATAN
MENGKENDEK,TANA TORAJA,SULAWESI SELATAN
GANDANG BATU SILANAN,TANA TORAJA,SULAWESI SELATAN
SANGALLA,TANA TORAJA,SULAWESI SELATAN
SANGALA SELATAN,TANA TORAJA,SULAWESI SELATAN
SANGALLA UTARA,TANA TORAJA,SULAWESI SELATAN
MAKALE,TANA TORAJA,SULAWESI SELATAN
MAKALE SELATAN,TANA TORAJA,SULAWESI SELATAN
MAKALE UTARA,TANA TORAJA,SULAWESI SELATAN
SALUPUTTI,TANA TORAJA,SULAWESI SELATAN
BITTUANG,TANA TORAJA,SULAWESI SELATAN
REMBON,TANA TORAJA,SULAWESI SELATAN
MASANDA,TANA TORAJA,SULAWESI SELATAN
MALIMBONG BALEPE,TANA TORAJA,SULAWESI SELATAN
RANTETAYO,TANA TORAJA,SULAWESI SELATAN
KURRA,TANA TORAJA,SULAWESI SELATAN
SABBANG,LUWU UTARA,SULAWESI SELATAN
BAEBUNTA,LUWU UTARA,SULAWESI SELATAN
MALANGKE,LUWU UTARA,SULAWESI SELATAN
MALANGKE BARAT,LUWU UTARA,SULAWESI SELATAN
SUKAMAJU,LUWU UTARA,SULAWESI SELATAN
BONE-BONE,LUWU UTARA,SULAWESI SELATAN
TANA LILI,LUWU UTARA,SULAWESI SELATAN
MASAMBA,LUWU UTARA,SULAWESI SELATAN
MAPPEDECENG,LUWU UTARA,SULAWESI SELATAN
RAMPI,LUWU UTARA,SULAWESI SELATAN
LIMBONG,LUWU UTARA,SULAWESI SELATAN
SEKO,LUWU UTARA,SULAWESI SELATAN
BURAU,LUWU TIMUR,SULAWESI SELATAN
WOTU,LUWU TIMUR,SULAWESI SELATAN
TOMONI,LUWU TIMUR,SULAWESI SELATAN
TOMONI TIMUR,LUWU TIMUR,SULAWESI SELATAN
ANGKONA,LUWU TIMUR,SULAWESI SELATAN
MALILI,LUWU TIMUR,SULAWESI SELATAN
TOWUTI,LUWU TIMUR,SULAWESI SELATAN
NUHA,LUWU TIMUR,SULAWESI SELATAN
WASUPONDA,LUWU TIMUR,SULAWESI SELATAN
MANGKUTANA,LUWU TIMUR,SULAWESI SELATAN
KALAENA,LUWU TIMUR,SULAWESI SELATAN
SOPAI,TORAJA UTARA,SULAWESI SELATAN
KESU,TORAJA UTARA,SULAWESI SELATAN
SANGGALANGI,TORAJA UTARA,SULAWESI SELATAN
BUNTAO,TORAJA UTARA,SULAWESI SELATAN
RANTEBUA,TORAJA UTARA,SULAWESI SELATAN
NANGGALA,TORAJA UTARA,SULAWESI SELATAN
TONDON,TORAJA UTARA,SULAWESI SELATAN
TALLUNGLIPU,TORAJA UTARA,SULAWESI SELATAN
RANTEPAO,TORAJA UTARA,SULAWESI SELATAN
TIKALA,TORAJA UTARA,SULAWESI SELATAN
SESEAN,TORAJA UTARA,SULAWESI SELATAN
BALUSU,TORAJA UTARA,SULAWESI SELATAN
SA'DAN,TORAJA UTARA,SULAWESI SELATAN
BENGKELEKILA,TORAJA UTARA,SULAWESI SELATAN
SESEAN SULOARA,TORAJA UTARA,SULAWESI SELATAN
KAPALA PITU,TORAJA UTARA,SULAWESI SELATAN
DENDE PIONGAN NAPO,TORAJA UTARA,SULAWESI SELATAN
AWAN RANTE KARUA,TORAJA UTARA,SULAWESI SELATAN
RINDINGALO,TORAJA UTARA,SULAWESI SELATAN
BUNTU PEPASAN,TORAJA UTARA,SULAWESI SELATAN
BARUPPU,TORAJA UTARA,SULAWESI SELATAN
MARISO,MAKASSAR,SULAWESI SELATAN
MAMAJANG,MAKASSAR,SULAWESI SELATAN
TAMALATE,MAKASSAR,SULAWESI SELATAN
RAPPOCINI,MAKASSAR,SULAWESI SELATAN
MAKASSAR,MAKASSAR,SULAWESI SELATAN
UJUNG PANDANG,MAKASSAR,SULAWESI SELATAN
WAJO,MAKASSAR,SULAWESI SELATAN
BONTOALA,MAKASSAR,SULAWESI SELATAN
UJUNG TANAH,MAKASSAR,SULAWESI SELATAN
KEPULAUAN SANGKARRANG,MAKASSAR,SULAWESI SELATAN
TALLO,MAKASSAR,SULAWESI SELATAN
PANAKKUKANG,MAKASSAR,SULAWESI SELATAN
MANGGALA,MAKASSAR,SULAWESI SELATAN
BIRING KANAYA,MAKASSAR,SULAWESI SELATAN
TAMALANREA,MAKASSAR,SULAWESI SELATAN
BACUKIKI,PAREPARE,SULAWESI SELATAN
BACUKIKI BARAT,PAREPARE,SULAWESI SELATAN
UJUNG,PAREPARE,SULAWESI SELATAN
SOREANG,PAREPARE,SULAWESI SELATAN
WARA SELATAN,PALOPO,SULAWESI SELATAN
SENDANA,PALOPO,SULAWESI SELATAN
WARA,PALOPO,SULAWESI SELATAN
WARA TIMUR,PALOPO,SULAWESI SELATAN
MUNGKAJANG,PALOPO,SULAWESI SELATAN
WARA UTARA,PALOPO,SULAWESI SELATAN
BARA,PALOPO,SULAWESI SELATAN
TELLUWANUA,PALOPO,SULAWESI SELATAN
WARA BARAT,PALOPO,SULAWESI SELATAN
LASALIMU,BUTON,SULAWESI TENGGARA
LASALIMU SELATAN,BUTON,SULAWESI TENGGARA
SIONTAPINA,BUTON,SULAWESI TENGGARA
PASAR WAJO,BUTON,SULAWESI TENGGARA
WOLOWA,BUTON,SULAWESI TENGGARA
WABULA,BUTON,SULAWESI TENGGARA
KAPONTORI,BUTON,SULAWESI TENGGARA
TONGKUNO,MUNA,SULAWESI TENGGARA
TONGKUNO SELATAN,MUNA,SULAWESI TENGGARA
PARIGI,MUNA,SULAWESI TENGGARA
BONE,MUNA,SULAWESI TENGGARA
MAROBO,MUNA,SULAWESI TENGGARA
KABAWO,MUNA,SULAWESI TENGGARA
KABANGKA,MUNA,SULAWESI TENGGARA
KONTUKOWUNA,MUNA,SULAWESI TENGGARA
KONTUNAGA,MUNA,SULAWESI TENGGARA
WATOPUTE,MUNA,SULAWESI TENGGARA
KATOBU,MUNA,SULAWESI TENGGARA
LOHIA,MUNA,SULAWESI TENGGARA
DURUKA,MUNA,SULAWESI TENGGARA
BATALAIWORU,MUNA,SULAWESI TENGGARA
NAPABALANO,MUNA,SULAWESI TENGGARA
LASALEPA,MUNA,SULAWESI TENGGARA
TOWEA,MUNA,SULAWESI TENGGARA
WAKORUMBA SELATAN,MUNA,SULAWESI TENGGARA
PASIR PUTIH,MUNA,SULAWESI TENGGARA
PASI KOLAGA,MUNA,SULAWESI TENGGARA
MALIGANO,MUNA,SULAWESI TENGGARA
BATUKARA,MUNA,SULAWESI TENGGARA
SOROPIA,KONAWE,SULAWESI TENGGARA
LALONGGASUMEETO,KONAWE,SULAWESI TENGGARA
SAMPARA,KONAWE,SULAWESI TENGGARA
BONDOALA,KONAWE,SULAWESI TENGGARA
BESULUTU,KONAWE,SULAWESI TENGGARA
KAPOIALA,KONAWE,SULAWESI TENGGARA
ANGGALOMOARE,KONAWE,SULAWESI TENGGARA
MOROSI,KONAWE,SULAWESI TENGGARA
LAMBUYA,KONAWE,SULAWESI TENGGARA
UEPAI,KONAWE,SULAWESI TENGGARA
PURIALA,KONAWE,SULAWESI TENGGARA
ONEMBUTE,KONAWE,SULAWESI TENGGARA
PONDIDAHA,KONAWE,SULAWESI TENGGARA
WONGGEDUKU,KONAWE,SULAWESI TENGGARA
AMONGGEDO,KONAWE,SULAWESI TENGGARA
WONGGEDUKU BARAT,KONAWE,SULAWESI TENGGARA
WAWOTOBI,KONAWE,SULAWESI TENGGARA
MELUHU,KONAWE,SULAWESI TENGGARA
KONAWE,KONAWE,SULAWESI TENGGARA
ANGGOTOA,KONAWE,SULAWESI TENGGARA
UNAAHA,KONAWE,SULAWESI TENGGARA
ANGGABERI,KONAWE,SULAWESI TENGGARA
ABUKI,KONAWE,SULAWESI TENGGARA
LATOMA,KONAWE,SULAWESI TENGGARA
TONGAUNA,KONAWE,SULAWESI TENGGARA
ASINUA,KONAWE,SULAWESI TENGGARA
PADANGGUNI,KONAWE,SULAWESI TENGGARA
TONGAUNA UTARA,KONAWE,SULAWESI TENGGARA
ROUTA,KONAWE,SULAWESI TENGGARA
WATUBANGGA,KOLAKA,SULAWESI TENGGARA
TANGGETADA,KOLAKA,SULAWESI TENGGARA
TOARI,KOLAKA,SULAWESI TENGGARA
POLINGGONA,KOLAKA,SULAWESI TENGGARA
POMALAA,KOLAKA,SULAWESI TENGGARA
WUNDULAKO,KOLAKA,SULAWESI TENGGARA
BAULA,KOLAKA,SULAWESI TENGGARA
KOLAKA,KOLAKA,SULAWESI TENGGARA
LATAMBAGA,KOLAKA,SULAWESI TENGGARA
WOLO,KOLAKA,SULAWESI TENGGARA
SAMATURU,KOLAKA,SULAWESI TENGGARA
IWOIMENDAA,KOLAKA,SULAWESI TENGGARA
TINANGGEA,KONAWE SELATAN,SULAWESI TENGGARA
LALEMBUU,KONAWE SELATAN,SULAWESI TENGGARA
ANDOOLO,KONAWE SELATAN,SULAWESI TENGGARA
BUKE,KONAWE SELATAN,SULAWESI TENGGARA
ANDOOLO BARAT,KONAWE SELATAN,SULAWESI TENGGARA
PALANGGA,KONAWE SELATAN,SULAWESI TENGGARA
PALANGGA SELATAN,KONAWE SELATAN,SULAWESI TENGGARA
BAITO,KONAWE SELATAN,SULAWESI TENGGARA
LAINEA,KONAWE SELATAN,SULAWESI TENGGARA
LAEYA,KONAWE SELATAN,SULAWESI TENGGARA
KOLONO,KONAWE SELATAN,SULAWESI TENGGARA
KOLONO TIMUR,KONAWE SELATAN,SULAWESI TENGGARA
LAONTI,KONAWE SELATAN,SULAWESI TENGGARA
MORAMO,KONAWE SELATAN,SULAWESI TENGGARA
MORAMO UTARA,KONAWE SELATAN,SULAWESI TENGGARA
KONDA,KONAWE SELATAN,SULAWESI TENGGARA
WOLASI,KONAWE SELATAN,SULAWESI TENGGARA
RANOMEETO,KONAWE SELATAN,SULAWESI TENGGARA
RANOMEETO BARAT,KONAWE SELATAN,SULAWESI TENGGARA
LANDONO,KONAWE SELATAN,SULAWESI TENGGARA
MOWILA,KONAWE SELATAN,SULAWESI TENGGARA
SABULAKOA,KONAWE SELATAN,SULAWESI TENGGARA
ANGATA,KONAWE SELATAN,SULAWESI TENGGARA
BENUA,KONAWE SELATAN,SULAWESI TENGGARA
BASALA,KONAWE SELATAN,SULAWESI TENGGARA
KABAENA,BOMBANA,SULAWESI TENGGARA
KABAENA UTARA,BOMBANA,SULAWESI TENGGARA
KABAENA SELATAN,BOMBANA,SULAWESI TENGGARA
KABAENA BARAT,BOMBANA,SULAWESI TENGGARA
KABAENA TIMUR,BOMBANA,SULAWESI TENGGARA
KABAENA TENGAH,BOMBANA,SULAWESI TENGGARA
RUMBIA,BOMBANA,SULAWESI TENGGARA
MATA OLEO,BOMBANA,SULAWESI TENGGARA
KEP. MASALOKA RAYA,BOMBANA,SULAWESI TENGGARA
RUMBIA TENGAH,BOMBANA,SULAWESI TENGGARA
RAROWATU,BOMBANA,SULAWESI TENGGARA
RAROWATU UTARA,BOMBANA,SULAWESI TENGGARA
MATA USU,BOMBANA,SULAWESI TENGGARA
LANTARI JAYA,BOMBANA,SULAWESI TENGGARA
POLEANG TIMUR,BOMBANA,SULAWESI TENGGARA
POLEANG UTARA,BOMBANA,SULAWESI TENGGARA
POLEANG SELATAN,BOMBANA,SULAWESI TENGGARA
POLEANG TENGGARA,BOMBANA,SULAWESI TENGGARA
POLEANG,BOMBANA,SULAWESI TENGGARA
POLEANG BARAT,BOMBANA,SULAWESI TENGGARA
TONTONUNU,BOMBANA,SULAWESI TENGGARA
POLEANG TENGAH,BOMBANA,SULAWESI TENGGARA
BINONGKO,WAKATOBI,SULAWESI TENGGARA
TOGO BINONGKO,WAKATOBI,SULAWESI TENGGARA
TOMIA,WAKATOBI,SULAWESI TENGGARA
TOMIA TIMUR,WAKATOBI,SULAWESI TENGGARA
KALEDUPA,WAKATOBI,SULAWESI TENGGARA
KALEDUPA SELATAN,WAKATOBI,SULAWESI TENGGARA
WANGI-WANGI,WAKATOBI,SULAWESI TENGGARA
WANGI-WANGI SELATAN,WAKATOBI,SULAWESI TENGGARA
RANTEANGIN,KOLAKA UTARA,SULAWESI TENGGARA
LAMBAI,KOLAKA UTARA,SULAWESI TENGGARA
WAWO,KOLAKA UTARA,SULAWESI TENGGARA
LASUSUA,KOLAKA UTARA,SULAWESI TENGGARA
KATOI,KOLAKA UTARA,SULAWESI TENGGARA
KODEOHA,KOLAKA UTARA,SULAWESI TENGGARA
TIWU,KOLAKA UTARA,SULAWESI TENGGARA
NGAPA,KOLAKA UTARA,SULAWESI TENGGARA
WATUNOHU,KOLAKA UTARA,SULAWESI TENGGARA
PAKUE,KOLAKA UTARA,SULAWESI TENGGARA
PAKUE UTARA,KOLAKA UTARA,SULAWESI TENGGARA
PAKUE TENGAH,KOLAKA UTARA,SULAWESI TENGGARA
BATU PUTIH,KOLAKA UTARA,SULAWESI TENGGARA
POREHU,KOLAKA UTARA,SULAWESI TENGGARA
TOLALA,KOLAKA UTARA,SULAWESI TENGGARA
BONEGUNU,BUTON UTARA,SULAWESI TENGGARA
KAMBOWA,BUTON UTARA,SULAWESI TENGGARA
WAKORUMBA,BUTON UTARA,SULAWESI TENGGARA
KULISUSU,BUTON UTARA,SULAWESI TENGGARA
KULISUSU BARAT,BUTON UTARA,SULAWESI TENGGARA
KULISUSU UTARA,BUTON UTARA,SULAWESI TENGGARA
SAWA,KONAWE UTARA,SULAWESI TENGGARA
MOTUI,KONAWE UTARA,SULAWESI TENGGARA
LEMBO,KONAWE UTARA,SULAWESI TENGGARA
LASOLO,KONAWE UTARA,SULAWESI TENGGARA
WAWOLESEA,KONAWE UTARA,SULAWESI TENGGARA
LASOLO KEPULAUAN,KONAWE UTARA,SULAWESI TENGGARA
MOLAWE,KONAWE UTARA,SULAWESI TENGGARA
ASERA,KONAWE UTARA,SULAWESI TENGGARA
ANDOWIA,KONAWE UTARA,SULAWESI TENGGARA
OHEO,KONAWE UTARA,SULAWESI TENGGARA
LANGGIKIMA,KONAWE UTARA,SULAWESI TENGGARA
WIWIRANO,KONAWE UTARA,SULAWESI TENGGARA
LANDAWE,KONAWE UTARA,SULAWESI TENGGARA
AERE,KOLAKA TIMUR,SULAWESI TENGGARA
LAMBANDIA,KOLAKA TIMUR,SULAWESI TENGGARA
POLI-POLIA,KOLAKA TIMUR,SULAWESI TENGGARA
DANGIA,KOLAKA TIMUR,SULAWESI TENGGARA
LADONGI,KOLAKA TIMUR,SULAWESI TENGGARA
LOEA,KOLAKA TIMUR,SULAWESI TENGGARA
TIRAWUTA,KOLAKA TIMUR,SULAWESI TENGGARA
LALOLAE,KOLAKA TIMUR,SULAWESI TENGGARA
MOWEWE,KOLAKA TIMUR,SULAWESI TENGGARA
TINONDO,KOLAKA TIMUR,SULAWESI TENGGARA
ULUIWOI,KOLAKA TIMUR,SULAWESI TENGGARA
UEESI,KOLAKA TIMUR,SULAWESI TENGGARA
WAWONII TENGGARA,KONAWE KEPULAUAN,SULAWESI TENGGARA
WAWONII TIMUR,KONAWE KEPULAUAN,SULAWESI TENGGARA
WAWONII TIMUR LAUT,KONAWE KEPULAUAN,SULAWESI TENGGARA
WAWONII UTARA,KONAWE KEPULAUAN,SULAWESI TENGGARA
WAWONII SELATAN,KONAWE KEPULAUAN,SULAWESI TENGGARA
WAWONII TENGAH,KONAWE KEPULAUAN,SULAWESI TENGGARA
WAWONII BARAT,KONAWE KEPULAUAN,SULAWESI TENGGARA
TIWORO KEPULAUAN,MUNA BARAT,SULAWESI TENGGARA
MAGINTI,MUNA BARAT,SULAWESI TENGGARA
TIWORO TENGAH,MUNA BARAT,SULAWESI TENGGARA
TIWORO SELATAN,MUNA BARAT,SULAWESI TENGGARA
TIWORO UTARA,MUNA BARAT,SULAWESI TENGGARA
LAWA,MUNA BARAT,SULAWESI TENGGARA
SAWERIGADI,MUNA BARAT,SULAWESI TENGGARA
BARANGKA,MUNA BARAT,SULAWESI TENGGARA
WA DAGA,MUNA BARAT,SULAWESI TENGGARA
KUSAMBI,MUNA BARAT,SULAWESI TENGGARA
NAPANO KUSAMBI,MUNA BARAT,SULAWESI TENGGARA
TALAGA RAYA,BUTON TENGAH,SULAWESI TENGGARA
MAWASANGKA,BUTON TENGAH,SULAWESI TENGGARA
MAWASANGKA TENGAH,BUTON TENGAH,SULAWESI TENGGARA
MAWASANGKA TIMUR,BUTON TENGAH,SULAWESI TENGGARA
LAKUDO,BUTON TENGAH,SULAWESI TENGGARA
GU,BUTON TENGAH,SULAWESI TENGGARA
SANGIA WAMBULU,BUTON TENGAH,SULAWESI TENGGARA
BATU ATAS,BUTON SELATAN,SULAWESI TENGGARA
LAPANDEWA,BUTON SELATAN,SULAWESI TENGGARA
SAMPOLAWA,BUTON SELATAN,SULAWESI TENGGARA
BATAUGA,BUTON SELATAN,SULAWESI TENGGARA
SIOMPU BARAT,BUTON SELATAN,SULAWESI TENGGARA
SIOMPU,BUTON SELATAN,SULAWESI TENGGARA
KADATUA,BUTON SELATAN,SULAWESI TENGGARA
MANDONGA,KENDARI,SULAWESI TENGGARA
BARUGA,KENDARI,SULAWESI TENGGARA
PUUWATU,KENDARI,SULAWESI TENGGARA
KADIA,KENDARI,SULAWESI TENGGARA
WUA-WUA,KENDARI,SULAWESI TENGGARA
POASIA,KENDARI,SULAWESI TENGGARA
ABELI,KENDARI,SULAWESI TENGGARA
KAMBU,KENDARI,SULAWESI TENGGARA
NAMBO,KENDARI,SULAWESI TENGGARA
KENDARI,KENDARI,SULAWESI TENGGARA
KENDARI BARAT,KENDARI,SULAWESI TENGGARA
BETOAMBARI,BAUBAU,SULAWESI TENGGARA
MURHUM,BAUBAU,SULAWESI TENGGARA
BATUPOARO,BAUBAU,SULAWESI TENGGARA
WOLIO,BAUBAU,SULAWESI TENGGARA
KOKALUKUNA,BAUBAU,SULAWESI TENGGARA
SORAWOLIO,BAUBAU,SULAWESI TENGGARA
BUNGI,BAUBAU,SULAWESI TENGGARA
LEA-LEA,BAUBAU,SULAWESI TENGGARA
MANANGGU,BOALEMO,GORONTALO
TILAMUTA,BOALEMO,GORONTALO
DULUPI,BOALEMO,GORONTALO
BOTUMOITO,BOALEMO,GORONTALO
PAGUYAMAN,BOALEMO,GORONTALO
WONOSARI,BOALEMO,GORONTALO
PAGUYAMAN PANTAI,BOALEMO,GORONTALO
BATUDAA PANTAI,GORONTALO,GORONTALO
BILUHU,GORONTALO,GORONTALO
BATUDAA,GORONTALO,GORONTALO
BONGOMEME,GORONTALO,GORONTALO
TABONGO,GORONTALO,GORONTALO
DUNGALIYO,GORONTALO,GORONTALO
TIBAWA,GORONTALO,GORONTALO
PULUBALA,GORONTALO,GORONTALO
BOLIYOHUTO,GORONTALO,GORONTALO
MOOTILANGO,GORONTALO,GORONTALO
TOLANGOHULA,GORONTALO,GORONTALO
ASPARAGA,GORONTALO,GORONTALO
BILATO,GORONTALO,GORONTALO
LIMBOTO,GORONTALO,GORONTALO
LIMBOTO BARAT,GORONTALO,GORONTALO
TELAGA,GORONTALO,GORONTALO
TELAGA BIRU,GORONTALO,GORONTALO
TILANGO,GORONTALO,GORONTALO
TELAGA JAYA,GORONTALO,GORONTALO
POPAYATO,POHUWATO,GORONTALO
POPAYATO BARAT,POHUWATO,GORONTALO
POPAYATO TIMUR,POHUWATO,GORONTALO
LEMITO,POHUWATO,GORONTALO
WANGGARASI,POHUWATO,GORONTALO
MARISA,POHUWATO,GORONTALO
PATILANGGIO,POHUWATO,GORONTALO
BUNTULIA,POHUWATO,GORONTALO
DUHIADAA,POHUWATO,GORONTALO
RANDANGAN,POHUWATO,GORONTALO
TALUDITI,POHUWATO,GORONTALO
PAGUAT,POHUWATO,GORONTALO
DENGILO,POHUWATO,GORONTALO
TAPA,BONE BOLANGO,GORONTALO
BULANGO UTARA,BONE BOLANGO,GORONTALO
BULANGO SELATAN,BONE BOLANGO,GORONTALO
BULANGO TIMUR,BONE BOLANGO,GORONTALO
BULANGO ULU,BONE BOLANGO,GORONTALO
KABILA,BONE BOLANGO,GORONTALO
BOTU PINGGE,BONE BOLANGO,GORONTALO
TILONGKABILA,BONE BOLANGO,GORONTALO
SUWAWA,BONE BOLANGO,GORONTALO
SUWAWA SELATAN,BONE BOLANGO,GORONTALO
SUWAWA TIMUR,BONE BOLANGO,GORONTALO
SUWAWA TENGAH,BONE BOLANGO,GORONTALO
PINOGU,BONE BOLANGO,GORONTALO
BONEPANTAI,BONE BOLANGO,GORONTALO
KABILA BONE,BONE BOLANGO,GORONTALO
BONE RAYA,BONE BOLANGO,GORONTALO
BONE,BONE BOLANGO,GORONTALO
BULAWA,BONE BOLANGO,GORONTALO
ATINGGOLA,GORONTALO UTARA,GORONTALO
GENTUMA RAYA,GORONTALO UTARA,GORONTALO
KWANDANG,GORONTALO UTARA,GORONTALO
TOMILITO,GORONTALO UTARA,GORONTALO
PONELO KEPULAUAN,GORONTALO UTARA,GORONTALO
ANGGREK,GORONTALO UTARA,GORONTALO
MONANO,GORONTALO UTARA,GORONTALO
SUMALATA,GORONTALO UTARA,GORONTALO
SUMALATA TIMUR,GORONTALO UTARA,GORONTALO
TOLINGGULA,GORONTALO UTARA,GORONTALO
BIAU,GORONTALO UTARA,GORONTALO
KOTA BARAT,GORONTALO,GORONTALO
DUNGINGI,GORONTALO,GORONTALO
KOTA SELATAN,GORONTALO,GORONTALO
KOTA TIMUR,GORONTALO,GORONTALO
HULONTHALANGI,GORONTALO,GORONTALO
DUMBO RAYA,GORONTALO,GORONTALO
KOTA UTARA,GORONTALO,GORONTALO
KOTA TENGAH,GORONTALO,GORONTALO
SIPATANA,GORONTALO,GORONTALO
BANGGAE,MAJENE,SULAWESI BARAT
BANGGAE TIMUR,MAJENE,SULAWESI BARAT
PAMBOANG,MAJENE,SULAWESI BARAT
SENDANA,MAJENE,SULAWESI BARAT
TAMMERODO,MAJENE,SULAWESI BARAT
TUBO SENDANA,MAJENE,SULAWESI BARAT
MALUNDA,MAJENE,SULAWESI BARAT
ULUMANDA,MAJENE,SULAWESI BARAT
TINAMBUNG,POLEWALI MANDAR,SULAWESI BARAT
BALANIPA,POLEWALI MANDAR,SULAWESI BARAT
LIMBORO,POLEWALI MANDAR,SULAWESI BARAT
TUBBI TARAMANU,POLEWALI MANDAR,SULAWESI BARAT
ALU,POLEWALI MANDAR,SULAWESI BARAT
CAMPALAGIAN,POLEWALI MANDAR,SULAWESI BARAT
LUYO,POLEWALI MANDAR,SULAWESI BARAT
WONOMULYO,POLEWALI MANDAR,SULAWESI BARAT
MAPILLI,POLEWALI MANDAR,SULAWESI BARAT
TAPANGO,POLEWALI MANDAR,SULAWESI BARAT
MATAKALI,POLEWALI MANDAR,SULAWESI BARAT
B U L O,POLEWALI MANDAR,SULAWESI BARAT
POLEWALI,POLEWALI MANDAR,SULAWESI BARAT
BINUANG,POLEWALI MANDAR,SULAWESI BARAT
ANREAPI,POLEWALI MANDAR,SULAWESI BARAT
MATANGNGA,POLEWALI MANDAR,SULAWESI BARAT
SUMARORONG,MAMASA,SULAWESI BARAT
MESSAWA,MAMASA,SULAWESI BARAT
PANA,MAMASA,SULAWESI BARAT
NOSU,MAMASA,SULAWESI BARAT
TABANG,MAMASA,SULAWESI BARAT
MAMASA,MAMASA,SULAWESI BARAT
TANDUK KALUA,MAMASA,SULAWESI BARAT
BALLA,MAMASA,SULAWESI BARAT
SESENAPADANG,MAMASA,SULAWESI BARAT
TAWALIAN,MAMASA,SULAWESI BARAT
MAMBI,MAMASA,SULAWESI BARAT
BAMBANG,MAMASA,SULAWESI BARAT
RANTEBULAHAN TIMUR,MAMASA,SULAWESI BARAT
MEHALAAN,MAMASA,SULAWESI BARAT
ARALLE,MAMASA,SULAWESI BARAT
BUNTU MALANGKA,MAMASA,SULAWESI BARAT
TABULAHAN,MAMASA,SULAWESI BARAT
TAPALANG,MAMUJU,SULAWESI BARAT
TAPALANG BARAT,MAMUJU,SULAWESI BARAT
MAMUJU,MAMUJU,SULAWESI BARAT
SIMBORO,MAMUJU,SULAWESI BARAT
BALABALAKANG,MAMUJU,SULAWESI BARAT
KALUKKU,MAMUJU,SULAWESI BARAT
PAPALANG,MAMUJU,SULAWESI BARAT
SAMPAGA,MAMUJU,SULAWESI BARAT
TOMMO,MAMUJU,SULAWESI BARAT
KALUMPANG,MAMUJU,SULAWESI BARAT
BONEHAU,MAMUJU,SULAWESI BARAT
SARUDU,MAMUJU UTARA,SULAWESI BARAT
DAPURANG,MAMUJU UTARA,SULAWESI BARAT
DURIPOKU,MAMUJU UTARA,SULAWESI BARAT
BARAS,MAMUJU UTARA,SULAWESI BARAT
BULU TABA,MAMUJU UTARA,SULAWESI BARAT
LARIANG,MAMUJU UTARA,SULAWESI BARAT
PASANGKAYU,MAMUJU UTARA,SULAWESI BARAT
TIKKE RAYA,MAMUJU UTARA,SULAWESI BARAT
PEDONGGA,MAMUJU UTARA,SULAWESI BARAT
BAMBALAMOTU,MAMUJU UTARA,SULAWESI BARAT
BAMBAIRA,MAMUJU UTARA,SULAWESI BARAT
SARJO,MAMUJU UTARA,SULAWESI BARAT
PANGALE,MAMUJU TENGAH,SULAWESI BARAT
BUDONG-BUDONG,MAMUJU TENGAH,SULAWESI BARAT
TOBADAK,MAMUJU TENGAH,SULAWESI BARAT
TOPOYO,MAMUJU TENGAH,SULAWESI BARAT
KAROSSA,MAMUJU TENGAH,SULAWESI BARAT
TANIMBAR SELATAN,MALUKU TENGGARA BARAT,MALUKU
WER TAMRIAN,MALUKU TENGGARA BARAT,MALUKU
WER MAKTIAN,MALUKU TENGGARA BARAT,MALUKU
SELARU,MALUKU TENGGARA BARAT,MALUKU
TANIMBAR UTARA,MALUKU TENGGARA BARAT,MALUKU
YARU,MALUKU TENGGARA BARAT,MALUKU
WUAR LABOBAR,MALUKU TENGGARA BARAT,MALUKU
NIRUNMAS,MALUKU TENGGARA BARAT,MALUKU
KORMOMOLIN,MALUKU TENGGARA BARAT,MALUKU
MOLU MARU,MALUKU TENGGARA BARAT,MALUKU
KEI KECIL,MALUKU TENGGARA,MALUKU
KEI KECIL BARAT,MALUKU TENGGARA,MALUKU
KEI KECIL TIMUR,MALUKU TENGGARA,MALUKU
HOAT SORBAY,MALUKU TENGGARA,MALUKU
MANYEUW,MALUKU TENGGARA,MALUKU
KEI KECIL TIMUR SELATAN,MALUKU TENGGARA,MALUKU
KEI BESAR,MALUKU TENGGARA,MALUKU
KEI BESAR UTARA TIMUR,MALUKU TENGGARA,MALUKU
KEI BESAR SELATAN,MALUKU TENGGARA,MALUKU
KEI BESAR UTARA BARAT,MALUKU TENGGARA,MALUKU
KEI BESAR SELATAN BARAT,MALUKU TENGGARA,MALUKU
BANDA,MALUKU TENGAH,MALUKU
TEHORU,MALUKU TENGAH,MALUKU
TELUTIH,MALUKU TENGAH,MALUKU
AMAHAI,MALUKU TENGAH,MALUKU
KOTA MASOHI,MALUKU TENGAH,MALUKU
TELUK ELPAPUTIH,MALUKU TENGAH,MALUKU
TEON NILA SERUA,MALUKU TENGAH,MALUKU
SAPARUA,MALUKU TENGAH,MALUKU
NUSALAUT,MALUKU TENGAH,MALUKU
SAPARUA TIMUR,MALUKU TENGAH,MALUKU
P. HARUKU,MALUKU TENGAH,MALUKU
SALAHUTU,MALUKU TENGAH,MALUKU
LEIHITU,MALUKU TENGAH,MALUKU
LEIHITU BARAT,MALUKU TENGAH,MALUKU
SERAM UTARA,MALUKU TENGAH,MALUKU
SERAM UTARA BARAT,MALUKU TENGAH,MALUKU
SERAM UTARA TIMUR KOBI,MALUKU TENGAH,MALUKU
SERAM UTARA TIMUR SETI,MALUKU TENGAH,MALUKU
NAMLEA,BURU,MALUKU
WAEAPO,BURU,MALUKU
WAPLAU,BURU,MALUKU
BATA BUAL,BURU,MALUKU
TELUK KAIELY,BURU,MALUKU
WAELATA,BURU,MALUKU
LOLONG GUBA,BURU,MALUKU
LILIALY,BURU,MALUKU
AIR BUAYA,BURU,MALUKU
FENA LEISELA,BURU,MALUKU
ARU SELATAN,KEPULAUAN ARU,MALUKU
ARU SELATAN TIMUR,KEPULAUAN ARU,MALUKU
ARU SELATAN UTARA,KEPULAUAN ARU,MALUKU
ARU TENGAH,KEPULAUAN ARU,MALUKU
ARU TENGAH TIMUR,KEPULAUAN ARU,MALUKU
ARU TENGAH SELATAN,KEPULAUAN ARU,MALUKU
PULAU-PULAU ARU,KEPULAUAN ARU,MALUKU
ARU UTARA,KEPULAUAN ARU,MALUKU
ARU UTARA TIMUR BATULEY,KEPULAUAN ARU,MALUKU
SIR-SIR,KEPULAUAN ARU,MALUKU
HUAMUAL BELAKANG,SERAM BAGIAN BARAT,MALUKU
KEPULAUAN MANIPA,SERAM BAGIAN BARAT,MALUKU
SERAM BARAT,SERAM BAGIAN BARAT,MALUKU
HUAMUAL,SERAM BAGIAN BARAT,MALUKU
KAIRATU,SERAM BAGIAN BARAT,MALUKU
KAIRATU BARAT,SERAM BAGIAN BARAT,MALUKU
INAMOSOL,SERAM BAGIAN BARAT,MALUKU
AMALATU,SERAM BAGIAN BARAT,MALUKU
ELPAPUTIH,SERAM BAGIAN BARAT,MALUKU
TANIWEL,SERAM BAGIAN BARAT,MALUKU
TANIWEL TIMUR,SERAM BAGIAN BARAT,MALUKU
PULAU GOROM,SERAM BAGIAN TIMUR,MALUKU
WAKATE,SERAM BAGIAN TIMUR,MALUKU
TEOR,SERAM BAGIAN TIMUR,MALUKU
GOROM TIMUR,SERAM BAGIAN TIMUR,MALUKU
PULAU PANJANG,SERAM BAGIAN TIMUR,MALUKU
SERAM TIMUR,SERAM BAGIAN TIMUR,MALUKU
TUTUK TOLU,SERAM BAGIAN TIMUR,MALUKU
KILMURY,SERAM BAGIAN TIMUR,MALUKU
LIAN VITU,SERAM BAGIAN TIMUR,MALUKU
KIAN DARAT,SERAM BAGIAN TIMUR,MALUKU
WERINAMA,SERAM BAGIAN TIMUR,MALUKU
SIWALALAT,SERAM BAGIAN TIMUR,MALUKU
BULA,SERAM BAGIAN TIMUR,MALUKU
BULA BARAT,SERAM BAGIAN TIMUR,MALUKU
TELUK WARU,SERAM BAGIAN TIMUR,MALUKU
WETAR,MALUKU BARAT DAYA,MALUKU
WETAR BARAT,MALUKU BARAT DAYA,MALUKU
WETAR UTARA,MALUKU BARAT DAYA,MALUKU
WETAR TIMUR,MALUKU BARAT DAYA,MALUKU
PP. TERSELATAN,MALUKU BARAT DAYA,MALUKU
KISAR UTARA,MALUKU BARAT DAYA,MALUKU
KEPULAUAN ROMANG,MALUKU BARAT DAYA,MALUKU
LETTI,MALUKU BARAT DAYA,MALUKU
MOA,MALUKU BARAT DAYA,MALUKU
LAKOR,MALUKU BARAT DAYA,MALUKU
DAMER,MALUKU BARAT DAYA,MALUKU
MDONA HIERA,MALUKU BARAT DAYA,MALUKU
PP. BABAR,MALUKU BARAT DAYA,MALUKU
PULAU WETANG,MALUKU BARAT DAYA,MALUKU
BABAR TIMUR,MALUKU BARAT DAYA,MALUKU
PULAU MASELA,MALUKU BARAT DAYA,MALUKU
DAWELOR DAWERA,MALUKU BARAT DAYA,MALUKU
KEPALA MADAN,BURU SELATAN,MALUKU
LEKSULA,BURU SELATAN,MALUKU
FENA FAFAN,BURU SELATAN,MALUKU
NAMROLE,BURU SELATAN,MALUKU
WAISAMA,BURU SELATAN,MALUKU
AMBALAU,BURU SELATAN,MALUKU
NUSANIWE,AMBON,MALUKU
SIRIMAU,AMBON,MALUKU
LEITIMUR SELATAN,AMBON,MALUKU
TELUK AMBON BAGUALA,AMBON,MALUKU
TELUK AMBON,AMBON,MALUKU
PP. KUR,TUAL,MALUKU
KUR SELATAN,TUAL,MALUKU
TAYANDO TAM,TUAL,MALUKU
PULAU DULLAH UTARA,TUAL,MALUKU
PULAU DULLAH SELATAN,TUAL,MALUKU
JAILOLO,HALMAHERA BARAT,MALUKU UTARA
JAILOLO SELATAN,HALMAHERA BARAT,MALUKU UTARA
SAHU,HALMAHERA BARAT,MALUKU UTARA
SAHU TIMUR,HALMAHERA BARAT,MALUKU UTARA
IBU,HALMAHERA BARAT,MALUKU UTARA
IBU SELATAN,HALMAHERA BARAT,MALUKU UTARA
TABARU,HALMAHERA BARAT,MALUKU UTARA
LOLODA,HALMAHERA BARAT,MALUKU UTARA
WEDA,HALMAHERA TENGAH,MALUKU UTARA
WEDA SELATAN,HALMAHERA TENGAH,MALUKU UTARA
WEDA UTARA,HALMAHERA TENGAH,MALUKU UTARA
WEDA TENGAH,HALMAHERA TENGAH,MALUKU UTARA
WEDA TIMUR,HALMAHERA TENGAH,MALUKU UTARA
PULAU GEBE,HALMAHERA TENGAH,MALUKU UTARA
PATANI,HALMAHERA TENGAH,MALUKU UTARA
PATANI UTARA,HALMAHERA TENGAH,MALUKU UTARA
PATANI BARAT,HALMAHERA TENGAH,MALUKU UTARA
PATANI TIMUR,HALMAHERA TENGAH,MALUKU UTARA
SULA BESI BARAT,KEPULAUAN SULA,MALUKU UTARA
SULABESI SELATAN,KEPULAUAN SULA,MALUKU UTARA
SANANA,KEPULAUAN SULA,MALUKU UTARA
SULA BESI TENGAH,KEPULAUAN SULA,MALUKU UTARA
SULABESI TIMUR,KEPULAUAN SULA,MALUKU UTARA
SANANA UTARA,KEPULAUAN SULA,MALUKU UTARA
MANGOLI TIMUR,KEPULAUAN SULA,MALUKU UTARA
MANGOLI TENGAH,KEPULAUAN SULA,MALUKU UTARA
MANGOLI UTARA TIMUR,KEPULAUAN SULA,MALUKU UTARA
MANGOLI BARAT,KEPULAUAN SULA,MALUKU UTARA
MANGOLI UTARA,KEPULAUAN SULA,MALUKU UTARA
MANGOLI SELATAN,KEPULAUAN SULA,MALUKU UTARA
OBI SELATAN,HALMAHERA SELATAN,MALUKU UTARA
OBI,HALMAHERA SELATAN,MALUKU UTARA
OBI BARAT,HALMAHERA SELATAN,MALUKU UTARA
OBI TIMUR,HALMAHERA SELATAN,MALUKU UTARA
OBI UTARA,HALMAHERA SELATAN,MALUKU UTARA
BACAN,HALMAHERA SELATAN,MALUKU UTARA
MANDIOLI SELATAN,HALMAHERA SELATAN,MALUKU UTARA
MANDIOLI UTARA,HALMAHERA SELATAN,MALUKU UTARA
BACAN SELATAN,HALMAHERA SELATAN,MALUKU UTARA
BATANG LOMANG,HALMAHERA SELATAN,MALUKU UTARA
BACAN TIMUR,HALMAHERA SELATAN,MALUKU UTARA
BACAN TIMUR SELATAN,HALMAHERA SELATAN,MALUKU UTARA
BACAN TIMUR TENGAH,HALMAHERA SELATAN,MALUKU UTARA
BACAN BARAT,HALMAHERA SELATAN,MALUKU UTARA
KASIRUTA BARAT,HALMAHERA SELATAN,MALUKU UTARA
KASIRUTA TIMUR,HALMAHERA SELATAN,MALUKU UTARA
BACAN BARAT UTARA,HALMAHERA SELATAN,MALUKU UTARA
KAYOA,HALMAHERA SELATAN,MALUKU UTARA
KAYOA BARAT,HALMAHERA SELATAN,MALUKU UTARA
KAYOA SELATAN,HALMAHERA SELATAN,MALUKU UTARA
KAYOA UTARA,HALMAHERA SELATAN,MALUKU UTARA
PULAU MAKIAN,HALMAHERA SELATAN,MALUKU UTARA
MAKIAN BARAT,HALMAHERA SELATAN,MALUKU UTARA
GANE BARAT,HALMAHERA SELATAN,MALUKU UTARA
GANE BARAT SELATAN,HALMAHERA SELATAN,MALUKU UTARA
GANE BARAT UTARA,HALMAHERA SELATAN,MALUKU UTARA
KEPULAUAN JORONGA,HALMAHERA SELATAN,MALUKU UTARA
GANE TIMUR,HALMAHERA SELATAN,MALUKU UTARA
GANE TIMUR TENGAH,HALMAHERA SELATAN,MALUKU UTARA
GANE TIMUR SELATAN,HALMAHERA SELATAN,MALUKU UTARA
MALIFUT,HALMAHERA UTARA,MALUKU UTARA
KAO TELUK,HALMAHERA UTARA,MALUKU UTARA
KAO,HALMAHERA UTARA,MALUKU UTARA
KAO BARAT,HALMAHERA UTARA,MALUKU UTARA
KAO UTARA,HALMAHERA UTARA,MALUKU UTARA
TOBELO SELATAN,HALMAHERA UTARA,MALUKU UTARA
TOBELO BARAT,HALMAHERA UTARA,MALUKU UTARA
TOBELO TIMUR,HALMAHERA UTARA,MALUKU UTARA
TOBELO,HALMAHERA UTARA,MALUKU UTARA
TOBELO TENGAH,HALMAHERA UTARA,MALUKU UTARA
TOBELO UTARA,HALMAHERA UTARA,MALUKU UTARA
GALELA,HALMAHERA UTARA,MALUKU UTARA
GALELA SELATAN,HALMAHERA UTARA,MALUKU UTARA
GALELA BARAT,HALMAHERA UTARA,MALUKU UTARA
GALELA UTARA,HALMAHERA UTARA,MALUKU UTARA
LOLODA UTARA,HALMAHERA UTARA,MALUKU UTARA
LOLODA KEPULAUAN,HALMAHERA UTARA,MALUKU UTARA
MABA SELATAN,HALMAHERA TIMUR,MALUKU UTARA
KOTA MABA,HALMAHERA TIMUR,MALUKU UTARA
WASILE SELATAN,HALMAHERA TIMUR,MALUKU UTARA
WASILE,HALMAHERA TIMUR,MALUKU UTARA
WASILE TIMUR,HALMAHERA TIMUR,MALUKU UTARA
WASILE TENGAH,HALMAHERA TIMUR,MALUKU UTARA
WASILE UTARA,HALMAHERA TIMUR,MALUKU UTARA
MABA,HALMAHERA TIMUR,MALUKU UTARA
MABA TENGAH,HALMAHERA TIMUR,MALUKU UTARA
MABA UTARA,HALMAHERA TIMUR,MALUKU UTARA
MOROTAI SELATAN,PULAU MOROTAI,MALUKU UTARA
MOROTAI TIMUR,PULAU MOROTAI,MALUKU UTARA
MOROTAI SELATAN BARAT,PULAU MOROTAI,MALUKU UTARA
MOROTAI JAYA,PULAU MOROTAI,MALUKU UTARA
MOROTAI UTARA,PULAU MOROTAI,MALUKU UTARA
TALIABU BARAT,PULAU TALIABU,MALUKU UTARA
TALIABU SELATAN,PULAU TALIABU,MALUKU UTARA
TABONA,PULAU TALIABU,MALUKU UTARA
TALIABU TIMUR SELATAN,PULAU TALIABU,MALUKU UTARA
TALIABU TIMUR,PULAU TALIABU,MALUKU UTARA
TALIABU UTARA,PULAU TALIABU,MALUKU UTARA
LEDE,PULAU TALIABU,MALUKU UTARA
TALIABU BARAT LAUT,PULAU TALIABU,MALUKU UTARA
PULAU TERNATE,TERNATE,MALUKU UTARA
MOTI,TERNATE,MALUKU UTARA
PULAU BATANG DUA,TERNATE,MALUKU UTARA
PULAU HIRI,TERNATE,MALUKU UTARA
TERNATE BARAT,TERNATE,MALUKU UTARA
TERNATE SELATAN,TERNATE,MALUKU UTARA
TERNATE TENGAH,TERNATE,MALUKU UTARA
TERNATE UTARA,TERNATE,MALUKU UTARA
TIDORE SELATAN,TIDORE KEPULAUAN,MALUKU UTARA
TIDORE UTARA,TIDORE KEPULAUAN,MALUKU UTARA
TIDORE,TIDORE KEPULAUAN,MALUKU UTARA
TIDORE TIMUR,TIDORE KEPULAUAN,MALUKU UTARA
OBA,TIDORE KEPULAUAN,MALUKU UTARA
OBA SELATAN,TIDORE KEPULAUAN,MALUKU UTARA
OBA UTARA,TIDORE KEPULAUAN,MALUKU UTARA
OBA TENGAH,TIDORE KEPULAUAN,MALUKU UTARA
FAKFAK TIMUR,FAK FAK,PAPUA BARAT
FAKFAK TIMUR,FAKFAK,PAPUA BARAT
KARAS,FAKFAK,PAPUA BARAT
FAKFAK TIMUR TENGAH,FAKFAK,PAPUA BARAT
FAKFAK,FAKFAK,PAPUA BARAT
FAKFAK TENGAH,FAKFAK,PAPUA BARAT
PARIWARI,FAKFAK,PAPUA BARAT
FAKFAK BARAT,FAKFAK,PAPUA BARAT
WARTUTIN,FAKFAK,PAPUA BARAT
KOKAS,FAKFAK,PAPUA BARAT
TELUK PATIPI,FAKFAK,PAPUA BARAT
KRAMONGMONGGA,FAKFAK,PAPUA BARAT
BOMBERAY,FAKFAK,PAPUA BARAT
ARGUNI,FAKFAK,PAPUA BARAT
MBAHAMDANDARA,FAKFAK,PAPUA BARAT
FURWAGI,FAKFAK,PAPUA BARAT
KAYAUNI,FAKFAK,PAPUA BARAT
TOMAGE,FAKFAK,PAPUA BARAT
BURUWAY,KAIMANA,PAPUA BARAT
TELUK ARGUNI,KAIMANA,PAPUA BARAT
TELUK ARGUNI BAWAH,KAIMANA,PAPUA BARAT
KAIMANA,KAIMANA,PAPUA BARAT
KAMBRAU,KAIMANA,PAPUA BARAT
TELUK ETNA,KAIMANA,PAPUA BARAT
YAMOR,KAIMANA,PAPUA BARAT
NAIKERE,TELUK WONDAMA,PAPUA BARAT
WONDIBOY,TELUK WONDAMA,PAPUA BARAT
RASIEY,TELUK WONDAMA,PAPUA BARAT
KURI WAMESA,TELUK WONDAMA,PAPUA BARAT
WASIOR,TELUK WONDAMA,PAPUA BARAT
DUAIRI,TELUK WONDAMA,PAPUA BARAT
ROON,TELUK WONDAMA,PAPUA BARAT
WINDESI,TELUK WONDAMA,PAPUA BARAT
NIKIWAR,TELUK WONDAMA,PAPUA BARAT
WAMESA,TELUK WONDAMA,PAPUA BARAT
ROSWAR,TELUK WONDAMA,PAPUA BARAT
RUMBERPON,TELUK WONDAMA,PAPUA BARAT
SOUG JAYA,TELUK WONDAMA,PAPUA BARAT
FAFURWAR,TELUK BINTUNI,PAPUA BARAT
BABO,TELUK BINTUNI,PAPUA BARAT
SUMURI,TELUK BINTUNI,PAPUA BARAT
AROBA,TELUK BINTUNI,PAPUA BARAT
KAITARO,TELUK BINTUNI,PAPUA BARAT
KURI,TELUK BINTUNI,PAPUA BARAT
WAMESA,TELUK BINTUNI,PAPUA BARAT
BINTUNI,TELUK BINTUNI,PAPUA BARAT
MANIMERI,TELUK BINTUNI,PAPUA BARAT
TUHIBA,TELUK BINTUNI,PAPUA BARAT
DATARAN BEIMES,TELUK BINTUNI,PAPUA BARAT
TEMBUNI,TELUK BINTUNI,PAPUA BARAT
ARANDAY,TELUK BINTUNI,PAPUA BARAT
KAMUNDAN,TELUK BINTUNI,PAPUA BARAT
TOMU,TELUK BINTUNI,PAPUA BARAT
WERIAGAR,TELUK BINTUNI,PAPUA BARAT
MOSKONA SELATAN,TELUK BINTUNI,PAPUA BARAT
MEYADO,TELUK BINTUNI,PAPUA BARAT
MOSKONA BARAT,TELUK BINTUNI,PAPUA BARAT
MERDEY,TELUK BINTUNI,PAPUA BARAT
BISCOOP,TELUK BINTUNI,PAPUA BARAT
MASYETA,TELUK BINTUNI,PAPUA BARAT
MOSKONA UTARA,TELUK BINTUNI,PAPUA BARAT
MOSKONA TIMUR,TELUK BINTUNI,PAPUA BARAT
WARMARE,MANOKWARI,PAPUA BARAT
PRAFI,MANOKWARI,PAPUA BARAT
MANOKWARI BARAT,MANOKWARI,PAPUA BARAT
MANOKWARI TIMUR,MANOKWARI,PAPUA BARAT
MANOKWARI UTARA,MANOKWARI,PAPUA BARAT
MANOKWARI SELATAN,MANOKWARI,PAPUA BARAT
TANAH RUBU,MANOKWARI,PAPUA BARAT
MASNI,MANOKWARI,PAPUA BARAT
SIDEY,MANOKWARI,PAPUA BARAT
INANWATAN,SORONG SELATAN,PAPUA BARAT
METEMANI,SORONG SELATAN,PAPUA BARAT
KOKODA,SORONG SELATAN,PAPUA BARAT
KAIS,SORONG SELATAN,PAPUA BARAT
KOKODA UTARA,SORONG SELATAN,PAPUA BARAT
KAIS DARAT,SORONG SELATAN,PAPUA BARAT
MOSWAREN,SORONG SELATAN,PAPUA BARAT
TEMINABUAN,SORONG SELATAN,PAPUA BARAT
SEREMUK,SORONG SELATAN,PAPUA BARAT
WAYER,SORONG SELATAN,PAPUA BARAT
KONDA,SORONG SELATAN,PAPUA BARAT
SAIFI,SORONG SELATAN,PAPUA BARAT
SAWIAT,SORONG SELATAN,PAPUA BARAT
FOKOUR,SORONG SELATAN,PAPUA BARAT
SALKMA,SORONG SELATAN,PAPUA BARAT
KLASO,SORONG,PAPUA BARAT
SAENGKEDUK,SORONG,PAPUA BARAT
MAKBON,SORONG,PAPUA BARAT
KLAYILI,SORONG,PAPUA BARAT
BERAUR,SORONG,PAPUA BARAT
KLAMONO,SORONG,PAPUA BARAT
KLABOT,SORONG,PAPUA BARAT
KLAWAK,SORONG,PAPUA BARAT
BAGUN,SORONG,PAPUA BARAT
KLASAFET,SORONG,PAPUA BARAT
MALABOTOM,SORONG,PAPUA BARAT
BOTAIN,SORONG,PAPUA BARAT
KONHIR,SORONG,PAPUA BARAT
SALAWATI,SORONG,PAPUA BARAT
MAYAMUK,SORONG,PAPUA BARAT
SALAWATI TIMUR,SORONG,PAPUA BARAT
HOBARD,SORONG,PAPUA BARAT
BUK,SORONG,PAPUA BARAT
SEGET,SORONG,PAPUA BARAT
SEGUN,SORONG,PAPUA BARAT
SALAWATI SELATAN,SORONG,PAPUA BARAT
SALAWATI TENGAH,SORONG,PAPUA BARAT
AIMAS,SORONG,PAPUA BARAT
MARIAT,SORONG,PAPUA BARAT
SORONG,SORONG,PAPUA BARAT
SAYOSA,SORONG,PAPUA BARAT
MAUDUS,SORONG,PAPUA BARAT
WEMAK,SORONG,PAPUA BARAT
SAYOSA TIMUR,SORONG,PAPUA BARAT
SUNOOK,SORONG,PAPUA BARAT
MISOOL SELATAN,RAJA AMPAT,PAPUA BARAT
MISOOL BARAT,RAJA AMPAT,PAPUA BARAT
MISOOL,RAJA AMPAT,PAPUA BARAT
KOFIAU,RAJA AMPAT,PAPUA BARAT
MISOOL TIMUR,RAJA AMPAT,PAPUA BARAT
KEPULAUAN SEMBILAN,RAJA AMPAT,PAPUA BARAT
SALAWATI UTARA,RAJA AMPAT,PAPUA BARAT
SALAWATI TENGAH,RAJA AMPAT,PAPUA BARAT
SALAWATI BARAT,RAJA AMPAT,PAPUA BARAT
BATANTA SELATAN,RAJA AMPAT,PAPUA BARAT
BATANTA UTARA,RAJA AMPAT,PAPUA BARAT
WAIGEO SELATAN,RAJA AMPAT,PAPUA BARAT
TELUK MAYALIBIT,RAJA AMPAT,PAPUA BARAT
MEOS MANSAR,RAJA AMPAT,PAPUA BARAT
KOTA WAISAI,RAJA AMPAT,PAPUA BARAT
TIPLOL MAYALIBIT,RAJA AMPAT,PAPUA BARAT
WAIGEO BARAT,RAJA AMPAT,PAPUA BARAT
WAIGEO BARAT KEPULAUAN,RAJA AMPAT,PAPUA BARAT
WAIGEO UTARA,RAJA AMPAT,PAPUA BARAT
WARWARBOMI,RAJA AMPAT,PAPUA BARAT
SUPNIN,RAJA AMPAT,PAPUA BARAT
KEPULAUAN AYAU,RAJA AMPAT,PAPUA BARAT
AYAU,RAJA AMPAT,PAPUA BARAT
WAIGEO TIMUR,RAJA AMPAT,PAPUA BARAT
FEF,TAMBRAUW,PAPUA BARAT
SYUJAK,TAMBRAUW,PAPUA BARAT
ASES,TAMBRAUW,PAPUA BARAT
TINGGOUW,TAMBRAUW,PAPUA BARAT
MIYAH,TAMBRAUW,PAPUA BARAT
MIYAH SELATAN,TAMBRAUW,PAPUA BARAT
IRERES,TAMBRAUW,PAPUA BARAT
WILHEM ROUMBOUTS,TAMBRAUW,PAPUA BARAT
ABUN,TAMBRAUW,PAPUA BARAT
KWOOR,TAMBRAUW,PAPUA BARAT
TOBOUW,TAMBRAUW,PAPUA BARAT
KWESEFO,TAMBRAUW,PAPUA BARAT
SAUSAPOR,TAMBRAUW,PAPUA BARAT
BIKAR,TAMBRAUW,PAPUA BARAT
YEMBUN,TAMBRAUW,PAPUA BARAT
BAMUSBAMA,TAMBRAUW,PAPUA BARAT
KEBAR,TAMBRAUW,PAPUA BARAT
KEBAR TIMUR,TAMBRAUW,PAPUA BARAT
KEBAR SELATAN,TAMBRAUW,PAPUA BARAT
MANEKAR,TAMBRAUW,PAPUA BARAT
SENOPI,TAMBRAUW,PAPUA BARAT
MAWABUAN,TAMBRAUW,PAPUA BARAT
AMBERBAKEN,TAMBRAUW,PAPUA BARAT
MPUR,TAMBRAUW,PAPUA BARAT
AMBERBAKEN BARAT,TAMBRAUW,PAPUA BARAT
MUBARNI / ARFU,TAMBRAUW,PAPUA BARAT
MORAID,TAMBRAUW,PAPUA BARAT
SELEMKAI,TAMBRAUW,PAPUA BARAT
AITINYO BARAT/ATHABU,MAYBRAT,PAPUA BARAT
AYAMARU SELATAN JAYA,MAYBRAT,PAPUA BARAT
AITINYO,MAYBRAT,PAPUA BARAT
AITINYO TENGAH,MAYBRAT,PAPUA BARAT
AIFAT SELATAN,MAYBRAT,PAPUA BARAT
AIFAT TIMUR SELATAN,MAYBRAT,PAPUA BARAT
AIFAT,MAYBRAT,PAPUA BARAT
AITINYO UTARA,MAYBRAT,PAPUA BARAT
AITINYO RAYA,MAYBRAT,PAPUA BARAT
AYAMARU TIMUR,MAYBRAT,PAPUA BARAT
AYAMARU TIMUR SELATAN,MAYBRAT,PAPUA BARAT
AYAMARU,MAYBRAT,PAPUA BARAT
AYAMARU SELATAN,MAYBRAT,PAPUA BARAT
AYAMARU JAYA,MAYBRAT,PAPUA BARAT
AYAMARU TENGAH,MAYBRAT,PAPUA BARAT
AYAMARU BARAT,MAYBRAT,PAPUA BARAT
AYAMARU UTARA,MAYBRAT,PAPUA BARAT
AYAMARU UTARA TIMUR,MAYBRAT,PAPUA BARAT
MARE,MAYBRAT,PAPUA BARAT
MARE SELATAN,MAYBRAT,PAPUA BARAT
AIFAT UTARA,MAYBRAT,PAPUA BARAT
AIFAT TIMUR,MAYBRAT,PAPUA BARAT
AIFAT TIMUR TENGAH,MAYBRAT,PAPUA BARAT
AIFAT TIMUR JAUH,MAYBRAT,PAPUA BARAT
TAHOTA,MANOKWARI SELATAN,PAPUA BARAT
DATARAN ISIM,MANOKWARI SELATAN,PAPUA BARAT
NENEI,MANOKWARI SELATAN,PAPUA BARAT
MOMI WAREN,MANOKWARI SELATAN,PAPUA BARAT
RANSIKI,MANOKWARI SELATAN,PAPUA BARAT
ORANSBARI,MANOKWARI SELATAN,PAPUA BARAT
DIDOHU,PEGUNUNGAN ARFAK,PAPUA BARAT
SURUREY,PEGUNUNGAN ARFAK,PAPUA BARAT
ANGGI GIDA,PEGUNUNGAN ARFAK,PAPUA BARAT
MEMBEY,PEGUNUNGAN ARFAK,PAPUA BARAT
ANGGI,PEGUNUNGAN ARFAK,PAPUA BARAT
TAIGE,PEGUNUNGAN ARFAK,PAPUA BARAT
HINGK,PEGUNUNGAN ARFAK,PAPUA BARAT
MENYAMBOUW,PEGUNUNGAN ARFAK,PAPUA BARAT
CATUBOUW,PEGUNUNGAN ARFAK,PAPUA BARAT
TESTEGA,PEGUNUNGAN ARFAK,PAPUA BARAT
SORONG BARAT,SORONG,PAPUA BARAT
SORONG KEPULAUAN,SORONG,PAPUA BARAT
MALADUM MES,SORONG,PAPUA BARAT
SORONG TIMUR,SORONG,PAPUA BARAT
SORONG UTARA,SORONG,PAPUA BARAT
SORONG,SORONG,PAPUA BARAT
SORONG MANOI,SORONG,PAPUA BARAT
KLAURUNG,SORONG,PAPUA BARAT
MALAIMSIMSA,SORONG,PAPUA BARAT
SORONG KOTA,SORONG,PAPUA BARAT
KIMAAM,MERAUKE,PAPUA
WAAN,MERAUKE,PAPUA
TABONJI,MERAUKE,PAPUA
ILWAYAB,MERAUKE,PAPUA
OKABA,MERAUKE,PAPUA
TUBANG,MERAUKE,PAPUA
NGGUTI,MERAUKE,PAPUA
KAPTEL,MERAUKE,PAPUA
KURIK,MERAUKE,PAPUA
MALIND,MERAUKE,PAPUA
ANIMHA,MERAUKE,PAPUA
MERAUKE,MERAUKE,PAPUA
SEMANGGA,MERAUKE,PAPUA
TANAH MIRING,MERAUKE,PAPUA
JAGEBOB,MERAUKE,PAPUA
SOTA,MERAUKE,PAPUA
NAUKENJERAI,MERAUKE,PAPUA
MUTING,MERAUKE,PAPUA
ELIGOBEL,MERAUKE,PAPUA
ULILIN,MERAUKE,PAPUA
WAMENA,JAYAWIJAYA,PAPUA
ASOLOKOBAL,JAYAWIJAYA,PAPUA
WALELAGAMA,JAYAWIJAYA,PAPUA
TRIKORA,JAYAWIJAYA,PAPUA
NAPUA,JAYAWIJAYA,PAPUA
WALAIK,JAYAWIJAYA,PAPUA
WOUMA,JAYAWIJAYA,PAPUA
WALESI,JAYAWIJAYA,PAPUA
ASOTIPO,JAYAWIJAYA,PAPUA
MAIMA,JAYAWIJAYA,PAPUA
HUBIKOSI,JAYAWIJAYA,PAPUA
PELEBAGA,JAYAWIJAYA,PAPUA
IBELE,JAYAWIJAYA,PAPUA
TAILAREK,JAYAWIJAYA,PAPUA
HUBIKIAK,JAYAWIJAYA,PAPUA
ASOLOGAIMA,JAYAWIJAYA,PAPUA
MUSATFAK,JAYAWIJAYA,PAPUA
SILO KARNO DOGA,JAYAWIJAYA,PAPUA
PYRAMID,JAYAWIJAYA,PAPUA
MULIAMA,JAYAWIJAYA,PAPUA
WAME,JAYAWIJAYA,PAPUA
KURULU,JAYAWIJAYA,PAPUA
USILIMO,JAYAWIJAYA,PAPUA
WITA WAYA,JAYAWIJAYA,PAPUA
LIBAREK,JAYAWIJAYA,PAPUA
WADANGKU,JAYAWIJAYA,PAPUA
PISUGI,JAYAWIJAYA,PAPUA
BOLAKME,JAYAWIJAYA,PAPUA
WOLLO,JAYAWIJAYA,PAPUA
YALENGGA,JAYAWIJAYA,PAPUA
TAGIME,JAYAWIJAYA,PAPUA
MOLAGALOME,JAYAWIJAYA,PAPUA
TAGINERI,JAYAWIJAYA,PAPUA
BUGI,JAYAWIJAYA,PAPUA
BPIRI,JAYAWIJAYA,PAPUA
KORAGI,JAYAWIJAYA,PAPUA
ITLAY HASIGE,JAYAWIJAYA,PAPUA
SIEPKOSI,JAYAWIJAYA,PAPUA
POPUGOBA,JAYAWIJAYA,PAPUA
KAUREH,JAYAPURA,PAPUA
AIRU,JAYAPURA,PAPUA
YAPSI,JAYAPURA,PAPUA
KEMTUK,JAYAPURA,PAPUA
KEMTUK GRESI,JAYAPURA,PAPUA
GRESI SELATAN,JAYAPURA,PAPUA
NIMBORAN,JAYAPURA,PAPUA
NIMBORAN TIMUR / NAMBLONG,JAYAPURA,PAPUA
NIMBOKRANG,JAYAPURA,PAPUA
UNURUM GUAY,JAYAPURA,PAPUA
DEMTA,JAYAPURA,PAPUA
YOKARI,JAYAPURA,PAPUA
DEPAPRE,JAYAPURA,PAPUA
RAVENIRARA,JAYAPURA,PAPUA
SENTANI BARAT,JAYAPURA,PAPUA
WAIBU,JAYAPURA,PAPUA
SENTANI,JAYAPURA,PAPUA
EBUNGFAU,JAYAPURA,PAPUA
SENTANI TIMUR,JAYAPURA,PAPUA
UWAPA,NABIRE,PAPUA
MENOU,NABIRE,PAPUA
DIPA,NABIRE,PAPUA
YAUR,NABIRE,PAPUA
TELUK UMAR,NABIRE,PAPUA
WANGGAR,NABIRE,PAPUA
NABIRE BARAT,NABIRE,PAPUA
NABIRE,NABIRE,PAPUA
TELUK KIMI,NABIRE,PAPUA
NAPAN,NABIRE,PAPUA
MAKIMI,NABIRE,PAPUA
WAPOGA,NABIRE,PAPUA
KEPULAUAN MOORA,NABIRE,PAPUA
SIRIWO,NABIRE,PAPUA
YARO,NABIRE,PAPUA
YAPEN TIMUR,KEPULAUAN YAPEN,PAPUA
PANTURA YAPEN,KEPULAUAN YAPEN,PAPUA
TELUK AMPIMOI,KEPULAUAN YAPEN,PAPUA
RAIMBAWI,KEPULAUAN YAPEN,PAPUA
PULAU KURUDU,KEPULAUAN YAPEN,PAPUA
ANGKAISERA,KEPULAUAN YAPEN,PAPUA
KEP. AMBAI,KEPULAUAN YAPEN,PAPUA
YAWAKUKAT,KEPULAUAN YAPEN,PAPUA
YAPEN SELATAN,KEPULAUAN YAPEN,PAPUA
KOSIWO,KEPULAUAN YAPEN,PAPUA
ANATAUREI,KEPULAUAN YAPEN,PAPUA
YAPEN BARAT,KEPULAUAN YAPEN,PAPUA
WONAWA,KEPULAUAN YAPEN,PAPUA
PULAU YERUI,KEPULAUAN YAPEN,PAPUA
POOM,KEPULAUAN YAPEN,PAPUA
WINDESI,KEPULAUAN YAPEN,PAPUA
NUMFOR BARAT,BIAK NUMFOR,PAPUA
ORKERI,BIAK NUMFOR,PAPUA
NUMFOR TIMUR,BIAK NUMFOR,PAPUA
BRUYADORI,BIAK NUMFOR,PAPUA
POIRU,BIAK NUMFOR,PAPUA
PADAIDO,BIAK NUMFOR,PAPUA
AIMANDO PADAIDO,BIAK NUMFOR,PAPUA
BIAK TIMUR,BIAK NUMFOR,PAPUA
ORIDEK,BIAK NUMFOR,PAPUA
BIAK KOTA,BIAK NUMFOR,PAPUA
SAMOFA,BIAK NUMFOR,PAPUA
YENDIDORI,BIAK NUMFOR,PAPUA
BIAK UTARA,BIAK NUMFOR,PAPUA
ANDEY,BIAK NUMFOR,PAPUA
WARSA,BIAK NUMFOR,PAPUA
YAWOSI,BIAK NUMFOR,PAPUA
BONDIFUAR,BIAK NUMFOR,PAPUA
BIAK BARAT,BIAK NUMFOR,PAPUA
SWANDIWE,BIAK NUMFOR,PAPUA
PANIAI TIMUR,PANIAI,PAPUA
YATAMO,PANIAI,PAPUA
KEBO,PANIAI,PAPUA
PUGO DAGI,PANIAI,PAPUA
WEGE MUKA,PANIAI,PAPUA
WEGEE BINO,PANIAI,PAPUA
YAGAI,PANIAI,PAPUA
BIBIDA,PANIAI,PAPUA
DUMADAMA,PANIAI,PAPUA
ARADIDE,PANIAI,PAPUA
EKADIDE,PANIAI,PAPUA
AWEIDA,PANIAI,PAPUA
FAJAR TIMUR,PANIAI,PAPUA
TOPIYAI,PANIAI,PAPUA
PANIAI BARAT,PANIAI,PAPUA
SIRIWO,PANIAI,PAPUA
MUYE,PANIAI,PAPUA
NAKAMA,PANIAI,PAPUA
TELUK DEYA,PANIAI,PAPUA
BOGOBAIDA,PANIAI,PAPUA
FAWI,PUNCAK JAYA,PAPUA
DAGAI,PUNCAK JAYA,PAPUA
KIYAGE,PUNCAK JAYA,PAPUA
MULIA,PUNCAK JAYA,PAPUA
YAMBI,PUNCAK JAYA,PAPUA
ILAMBURAWI,PUNCAK JAYA,PAPUA
MUARA,PUNCAK JAYA,PAPUA
PAGALEME,PUNCAK JAYA,PAPUA
GURAGE,PUNCAK JAYA,PAPUA
IRIMULI,PUNCAK JAYA,PAPUA
ILU,PUNCAK JAYA,PAPUA
TORERE,PUNCAK JAYA,PAPUA
YAMONERI,PUNCAK JAYA,PAPUA
WAEGI,PUNCAK JAYA,PAPUA
NUME,PUNCAK JAYA,PAPUA
NIOGA,PUNCAK JAYA,PAPUA
GUBUME,PUNCAK JAYA,PAPUA
TAGANOMBAK,PUNCAK JAYA,PAPUA
TINGGINAMBUT,PUNCAK JAYA,PAPUA
KALOME,PUNCAK JAYA,PAPUA
WANWI,PUNCAK JAYA,PAPUA
MEWOLUK,PUNCAK JAYA,PAPUA
LUMO,PUNCAK JAYA,PAPUA
MOLANIKIME,PUNCAK JAYA,PAPUA
YAMO,PUNCAK JAYA,PAPUA
DOKOME,PUNCAK JAYA,PAPUA
MIMIKA BARAT,MIMIKA,PAPUA
MIMIKA BARAT JAUH,MIMIKA,PAPUA
MIMIKA BARAT TENGAH,MIMIKA,PAPUA
AMAR,MIMIKA,PAPUA
MIMIKA TIMUR,MIMIKA,PAPUA
MIMIKA TENGAH,MIMIKA,PAPUA
MIMIKA TIMUR JAUH,MIMIKA,PAPUA
MIMIKA BARU,MIMIKA,PAPUA
KUALA KENCANA,MIMIKA,PAPUA
TEMBAGAPURA,MIMIKA,PAPUA
WANIA,MIMIKA,PAPUA
IWAKA,MIMIKA,PAPUA
KWAMKI NARAMA,MIMIKA,PAPUA
AGIMUGA,MIMIKA,PAPUA
JILA,MIMIKA,PAPUA
JITA,MIMIKA,PAPUA
ALAMA,MIMIKA,PAPUA
HOYA,MIMIKA,PAPUA
JAIR,BOVEN DIGOEL,PAPUA
SUBUR,BOVEN DIGOEL,PAPUA
KIA,BOVEN DIGOEL,PAPUA
MINDIPTANA,BOVEN DIGOEL,PAPUA
INIYANDIT,BOVEN DIGOEL,PAPUA
KOMBUT,BOVEN DIGOEL,PAPUA
SESNUK,BOVEN DIGOEL,PAPUA
MANDOBO,BOVEN DIGOEL,PAPUA
FOFI,BOVEN DIGOEL,PAPUA
ARIMOP,BOVEN DIGOEL,PAPUA
KOUH,BOVEN DIGOEL,PAPUA
BOMAKIA,BOVEN DIGOEL,PAPUA
FIRIWAGE,BOVEN DIGOEL,PAPUA
MANGGELUM,BOVEN DIGOEL,PAPUA
YANIRUMA,BOVEN DIGOEL,PAPUA
KAWAGIT,BOVEN DIGOEL,PAPUA
KOMBAY,BOVEN DIGOEL,PAPUA
WAROPKO,BOVEN DIGOEL,PAPUA
AMBATKWI,BOVEN DIGOEL,PAPUA
NINATI,BOVEN DIGOEL,PAPUA
NAMBIOMAN BAPAI,MAPPI,PAPUA
MINYAMUR,MAPPI,PAPUA
EDERA,MAPPI,PAPUA
VENAHA,MAPPI,PAPUA
SYAHCAME,MAPPI,PAPUA
BAMGI,MAPPI,PAPUA
YAKOMI,MAPPI,PAPUA
OBAA,MAPPI,PAPUA
PASSUE,MAPPI,PAPUA
HAJU,MAPPI,PAPUA
ASSUE,MAPPI,PAPUA
CITAKMITAK,MAPPI,PAPUA
KAIBAR,MAPPI,PAPUA
PASSUE BAWAH,MAPPI,PAPUA
TI-ZAIN,MAPPI,PAPUA
PANTAI KASUARI,ASMAT,PAPUA
KOPAY,ASMAT,PAPUA
DER KOUMUR,ASMAT,PAPUA
SAFAN,ASMAT,PAPUA
AWYU,ASMAT,PAPUA
FAYIT,ASMAT,PAPUA
ASWI,ASMAT,PAPUA
ATSY,ASMAT,PAPUA
SIRETS,ASMAT,PAPUA
AYIP,ASMAT,PAPUA
BECTBAMU,ASMAT,PAPUA
SUATOR,ASMAT,PAPUA
KOLF BRAZA,ASMAT,PAPUA
JOUTU,ASMAT,PAPUA
KOROWAY BULUANOP,ASMAT,PAPUA
AKAT,ASMAT,PAPUA
JETSY,ASMAT,PAPUA
AGATS,ASMAT,PAPUA
SAWA ERMA,ASMAT,PAPUA
SURU-SURU,ASMAT,PAPUA
UNIR SIRAU,ASMAT,PAPUA
JOERAT,ASMAT,PAPUA
PULAU TIGA,ASMAT,PAPUA
KURIMA,YAHUKIMO,PAPUA
MUSAIK,YAHUKIMO,PAPUA
DEKAI,YAHUKIMO,PAPUA
OBIO,YAHUKIMO,PAPUA
PASEMA,YAHUKIMO,PAPUA
AMUMA,YAHUKIMO,PAPUA
SURU-SURU,YAHUKIMO,PAPUA
WUSAMA,YAHUKIMO,PAPUA
SILIMO,YAHUKIMO,PAPUA
NINIA,YAHUKIMO,PAPUA
HOLUWON,YAHUKIMO,PAPUA
LOLAT,YAHUKIMO,PAPUA
LANGDA,YAHUKIMO,PAPUA
BOMELA,YAHUKIMO,PAPUA
SUNTAMON,YAHUKIMO,PAPUA
SOBAHAM,YAHUKIMO,PAPUA
KORUPUN,YAHUKIMO,PAPUA
SELA,YAHUKIMO,PAPUA
KWELAMDUA,YAHUKIMO,PAPUA
ANGGRUK,YAHUKIMO,PAPUA
PANGGEMA,YAHUKIMO,PAPUA
WALMA,YAHUKIMO,PAPUA
KOSAREK,YAHUKIMO,PAPUA
UBAHAK,YAHUKIMO,PAPUA
NALCA,YAHUKIMO,PAPUA
PULDAMA,YAHUKIMO,PAPUA
NIPSAN,YAHUKIMO,PAPUA
SAMENAGE,YAHUKIMO,PAPUA
TANGMA,YAHUKIMO,PAPUA
SOBA,YAHUKIMO,PAPUA
MUGI,YAHUKIMO,PAPUA
YOGOSEM,YAHUKIMO,PAPUA
KAYO,YAHUKIMO,PAPUA
SUMO,YAHUKIMO,PAPUA
HOGIO,YAHUKIMO,PAPUA
UKHA,YAHUKIMO,PAPUA
WERIMA,YAHUKIMO,PAPUA
SOLOIKMA,YAHUKIMO,PAPUA
SERADALA,YAHUKIMO,PAPUA
KABIANGGAMA,YAHUKIMO,PAPUA
KWIKMA,YAHUKIMO,PAPUA
HILIPUK,YAHUKIMO,PAPUA
YAHULIAMBUT,YAHUKIMO,PAPUA
HEREAPINI,YAHUKIMO,PAPUA
UBALIHI,YAHUKIMO,PAPUA
TALAMBO,YAHUKIMO,PAPUA
PRONGGOLI,YAHUKIMO,PAPUA
ENDOMEN,YAHUKIMO,PAPUA
KONA,YAHUKIMO,PAPUA
DURAM,YAHUKIMO,PAPUA
DIRWEMNA,YAHUKIMO,PAPUA
IWUR,PEGUNUNGAN BINTANG,PAPUA
KAWOR,PEGUNUNGAN BINTANG,PAPUA
TARUP,PEGUNUNGAN BINTANG,PAPUA
AWINBON,PEGUNUNGAN BINTANG,PAPUA
OKSIBIL,PEGUNUNGAN BINTANG,PAPUA
PEPERA,PEGUNUNGAN BINTANG,PAPUA
ALEMSOM,PEGUNUNGAN BINTANG,PAPUA
SERAMBAKON,PEGUNUNGAN BINTANG,PAPUA
KOLOMDOL,PEGUNUNGAN BINTANG,PAPUA
OKSOP,PEGUNUNGAN BINTANG,PAPUA
OK BAPE,PEGUNUNGAN BINTANG,PAPUA
OK AON,PEGUNUNGAN BINTANG,PAPUA
BORME,PEGUNUNGAN BINTANG,PAPUA
BIME,PEGUNUNGAN BINTANG,PAPUA
EPUMEK,PEGUNUNGAN BINTANG,PAPUA
WEIME,PEGUNUNGAN BINTANG,PAPUA
PAMEK,PEGUNUNGAN BINTANG,PAPUA
NONGME,PEGUNUNGAN BINTANG,PAPUA
BATANI,PEGUNUNGAN BINTANG,PAPUA
OKBI,PEGUNUNGAN BINTANG,PAPUA
ABOY,PEGUNUNGAN BINTANG,PAPUA
OKBAB,PEGUNUNGAN BINTANG,PAPUA
TEIRAPLU,PEGUNUNGAN BINTANG,PAPUA
YEFTA,PEGUNUNGAN BINTANG,PAPUA
KIWIROK,PEGUNUNGAN BINTANG,PAPUA
KIWIROK TIMUR,PEGUNUNGAN BINTANG,PAPUA
OKSEBANG,PEGUNUNGAN BINTANG,PAPUA
OKHIKA,PEGUNUNGAN BINTANG,PAPUA
OKLIP,PEGUNUNGAN BINTANG,PAPUA
OKSAMOL,PEGUNUNGAN BINTANG,PAPUA
OKBEMTA,PEGUNUNGAN BINTANG,PAPUA
BATOM,PEGUNUNGAN BINTANG,PAPUA
MURKIM,PEGUNUNGAN BINTANG,PAPUA
MOFINOP,PEGUNUNGAN BINTANG,PAPUA
KANGGIME,TOLIKARA,PAPUA
WONIKI,TOLIKARA,PAPUA
NABUNAGE,TOLIKARA,PAPUA
GILUBANDU,TOLIKARA,PAPUA
WAKUO,TOLIKARA,PAPUA
AWEKU,TOLIKARA,PAPUA
BOGONUK,TOLIKARA,PAPUA
KARUBAGA,TOLIKARA,PAPUA
GOYAGE,TOLIKARA,PAPUA
WUNIN,TOLIKARA,PAPUA
KONDAGA,TOLIKARA,PAPUA
NELAWI,TOLIKARA,PAPUA
KUARI,TOLIKARA,PAPUA
LIANOGOMA,TOLIKARA,PAPUA
BIUK,TOLIKARA,PAPUA
BOKONDINI,TOLIKARA,PAPUA
BOKONERI,TOLIKARA,PAPUA
BEWANI,TOLIKARA,PAPUA
KEMBU,TOLIKARA,PAPUA
WINA,TOLIKARA,PAPUA
UMAGI,TOLIKARA,PAPUA
PANAGA,TOLIKARA,PAPUA
POGANERI,TOLIKARA,PAPUA
KAMBONERI,TOLIKARA,PAPUA
AIR GARAM,TOLIKARA,PAPUA
DOW,TOLIKARA,PAPUA
WARI / TAIYEVE,TOLIKARA,PAPUA
EGIAM,TOLIKARA,PAPUA
NUNGGAWI,TOLIKARA,PAPUA
KUBU,TOLIKARA,PAPUA
ANAWI,TOLIKARA,PAPUA
WUGI,TOLIKARA,PAPUA
GEYA,TOLIKARA,PAPUA
WENAM,TOLIKARA,PAPUA
NUMBA,TOLIKARA,PAPUA
KAI,TOLIKARA,PAPUA
DUNDU,TOLIKARA,PAPUA
GUNDAGI,TOLIKARA,PAPUA
TIMORI,TOLIKARA,PAPUA
YUNERI,TOLIKARA,PAPUA
TAGIME,TOLIKARA,PAPUA
DANIME,TOLIKARA,PAPUA
YUKO,TOLIKARA,PAPUA
TELENGGEME,TOLIKARA,PAPUA
GIKA,TOLIKARA,PAPUA
TAGINERI,TOLIKARA,PAPUA
PANTAI TIMUR BAGIAN BARAT,SARMI,PAPUA
PANTAI TIMUR,SARMI,PAPUA
SUNGAI BIRI,SARMI,PAPUA
VEEN,SARMI,PAPUA
BONGGO,SARMI,PAPUA
BONGGO TIMUR,SARMI,PAPUA
BONGGO BARAT,SARMI,PAPUA
TOR ATAS,SARMI,PAPUA
ISMARI,SARMI,PAPUA
SARMI,SARMI,PAPUA
SARMI TIMUR,SARMI,PAPUA
SARMI SELATAN,SARMI,PAPUA
SOBEY,SARMI,PAPUA
MUARA TOR,SARMI,PAPUA
VERKAM,SARMI,PAPUA
PANTAI BARAT,SARMI,PAPUA
APAWER HULU,SARMI,PAPUA
APAWER HILIR,SARMI,PAPUA
APAWER TENGAH,SARMI,PAPUA
WEB,KEEROM,PAPUA
TOWE,KEEROM,PAPUA
YAFFI,KEEROM,PAPUA
SENGGI,KEEROM,PAPUA
KAISENAR,KEEROM,PAPUA
WARIS,KEEROM,PAPUA
ARSO,KEEROM,PAPUA
ARSO TIMUR,KEEROM,PAPUA
ARSO BARAT,KEEROM,PAPUA
MANNEM,KEEROM,PAPUA
SKANTO,KEEROM,PAPUA
WAROPEN BAWAH,WAROPEN,PAPUA
INGGERUS,WAROPEN,PAPUA
UREI FAISEI,WAROPEN,PAPUA
OUDATE,WAROPEN,PAPUA
WAPOGA,WAROPEN,PAPUA
MASIREI,WAROPEN,PAPUA
RISEI SAYATI,WAROPEN,PAPUA
DEMBA,WAROPEN,PAPUA
SOYOI MAMBAI,WAROPEN,PAPUA
WONTI,WAROPEN,PAPUA
WALANI,WAROPEN,PAPUA
KIRIHI,WAROPEN,PAPUA
SUPIORI SELATAN,SUPIORI,PAPUA
KEPULAUAN ARURI,SUPIORI,PAPUA
SUPIORI UTARA,SUPIORI,PAPUA
SUPIORI BARAT,SUPIORI,PAPUA
SUPIORI TIMUR,SUPIORI,PAPUA
WAROPEN ATAS,MAMBERAMO RAYA,PAPUA
BENUKI,MAMBERAMO RAYA,PAPUA
SAWAI,MAMBERAMO RAYA,PAPUA
MAMBERAMO ILIR,MAMBERAMO RAYA,PAPUA
MAMBERAMO TENGAH,MAMBERAMO RAYA,PAPUA
IWASO,MAMBERAMO RAYA,PAPUA
MAMBERAMO TENGAH TIMUR,MAMBERAMO RAYA,PAPUA
ROFAER,MAMBERAMO RAYA,PAPUA
MAMBERAMO ULU,MAMBERAMO RAYA,PAPUA
WOSAK,NDUGA,PAPUA
MOBA,NDUGA,PAPUA
PIJA,NDUGA,PAPUA
KORA,NDUGA,PAPUA
KENYAM,NDUGA,PAPUA
MBUWA TENGAH,NDUGA,PAPUA
KREPKURI,NDUGA,PAPUA
EMBETPEM,NDUGA,PAPUA
GESELMA,NDUGA,PAPUA
KILMID,NDUGA,PAPUA
YENGGELO,NDUGA,PAPUA
ALAMA,NDUGA,PAPUA
MEBOROK,NDUGA,PAPUA
MAPENDUMA,NDUGA,PAPUA
KROPTAK,NDUGA,PAPUA
PARO,NDUGA,PAPUA
KEGAYEM,NDUGA,PAPUA
MUGI,NDUGA,PAPUA
YAL,NDUGA,PAPUA
MAM,NDUGA,PAPUA
YIGI,NDUGA,PAPUA
DAL,NDUGA,PAPUA
NIRKURI,NDUGA,PAPUA
INIKGAL,NDUGA,PAPUA
MBUWA,NDUGA,PAPUA
INIYE,NDUGA,PAPUA
WUTPAGA,NDUGA,PAPUA
NENGGEANGIN,NDUGA,PAPUA
MBULMU YALMA,NDUGA,PAPUA
GEAREK,NDUGA,PAPUA
PASIR PUTIH,NDUGA,PAPUA
WUSI,NDUGA,PAPUA
MAKKI,LANNY JAYA,PAPUA
GUPURA,LANNY JAYA,PAPUA
KOLAWA,LANNY JAYA,PAPUA
GELOK BEAM,LANNY JAYA,PAPUA
AWINA,LANNY JAYA,PAPUA
PIRIME,LANNY JAYA,PAPUA
BUGUK GONA,LANNY JAYA,PAPUA
MILIMBO,LANNY JAYA,PAPUA
GOLLO,LANNY JAYA,PAPUA
WIRINGGABUT,LANNY JAYA,PAPUA
TIOM,LANNY JAYA,PAPUA
NOGI,LANNY JAYA,PAPUA
MOKONI,LANNY JAYA,PAPUA
NINAME,LANNY JAYA,PAPUA
YIGINUA,LANNY JAYA,PAPUA
TIOM OLLO,LANNY JAYA,PAPUA
YUGUNWI,LANNY JAYA,PAPUA
LANNYNA,LANNY JAYA,PAPUA
BALINGGA,LANNY JAYA,PAPUA
BALINGGA BARAT,LANNY JAYA,PAPUA
BRUWA,LANNY JAYA,PAPUA
AYUMNATI,LANNY JAYA,PAPUA
KUYAWAGE,LANNY JAYA,PAPUA
WANO BARAT,LANNY JAYA,PAPUA
MALAGAINERI,LANNY JAYA,PAPUA
MELAGAI,LANNY JAYA,PAPUA
TIOMNERI,LANNY JAYA,PAPUA
WEREKA,LANNY JAYA,PAPUA
DIMBA,LANNY JAYA,PAPUA
KELULOME,LANNY JAYA,PAPUA
NIKOGWE,LANNY JAYA,PAPUA
GAMELIA,LANNY JAYA,PAPUA
KARU,LANNY JAYA,PAPUA
YILUK,LANNY JAYA,PAPUA
GUNA,LANNY JAYA,PAPUA
POGA,LANNY JAYA,PAPUA
MUARA,LANNY JAYA,PAPUA
KOBAKMA,MAMBERAMO TENGAH,PAPUA
ILUGWA,MAMBERAMO TENGAH,PAPUA
KELILA,MAMBERAMO TENGAH,PAPUA
ERAGAYAM,MAMBERAMO TENGAH,PAPUA
MEGAMBILIS,MAMBERAMO TENGAH,PAPUA
WELAREK,YALIMO,PAPUA
APALAPSILI,YALIMO,PAPUA
ABENAHO,YALIMO,PAPUA
ELELIM,YALIMO,PAPUA
BENAWA,YALIMO,PAPUA
AGADUGUME,PUNCAK,PAPUA
LAMBEWI,PUNCAK,PAPUA
ONERI,PUNCAK,PAPUA
GOME,PUNCAK,PAPUA
AMUNGKALPIA,PUNCAK,PAPUA
GOME UTARA,PUNCAK,PAPUA
ERELMAKAWIA,PUNCAK,PAPUA
ILAGA,PUNCAK,PAPUA
ILAGA UTARA,PUNCAK,PAPUA
MABUGI,PUNCAK,PAPUA
OMUKIA,PUNCAK,PAPUA
SINAK,PUNCAK,PAPUA
SINAK BARAT,PUNCAK,PAPUA
MAGE?BUME,PUNCAK,PAPUA
YUGUMUAK,PUNCAK,PAPUA
POGOMA,PUNCAK,PAPUA
KEMBRU,PUNCAK,PAPUA
BINA,PUNCAK,PAPUA
WANGBE,PUNCAK,PAPUA
OGAMANIM,PUNCAK,PAPUA
BEOGA,PUNCAK,PAPUA
BEOGA BARAT,PUNCAK,PAPUA
BEOGA TIMUR,PUNCAK,PAPUA
DOUFO,PUNCAK,PAPUA
DERVOS,PUNCAK,PAPUA
SUKIKAI SELATAN,DOGIYAI,PAPUA
PIYAIYE,DOGIYAI,PAPUA
MAPIA BARAT,DOGIYAI,PAPUA
MAPIA TENGAH,DOGIYAI,PAPUA
MAPIA,DOGIYAI,PAPUA
DOGIYAI,DOGIYAI,PAPUA
KAMU SELATAN,DOGIYAI,PAPUA
KAMU,DOGIYAI,PAPUA
KAMU TIMUR,DOGIYAI,PAPUA
KAMU UTARA,DOGIYAI,PAPUA
HOMEYO,INTAN JAYA,PAPUA
SUGAPA,INTAN JAYA,PAPUA
HITADIPA,INTAN JAYA,PAPUA
AGISIGA,INTAN JAYA,PAPUA
BIANDOGA,INTAN JAYA,PAPUA
WANDAI,INTAN JAYA,PAPUA
KAPIRAYA,DEIYAI,PAPUA
TIGI BARAT,DEIYAI,PAPUA
TIGI,DEIYAI,PAPUA
TIGI TIMUR,DEIYAI,PAPUA
BOWOBADO,DEIYAI,PAPUA
MUARA TAMI,JAYAPURA,PAPUA
ABEPURA,JAYAPURA,PAPUA
HERAM,JAYAPURA,PAPUA
JAYAPURA SELATAN,JAYAPURA,PAPUA
JAYAPURA UTARA,JAYAPURA,PAPUA
